"id","country_code","year","cardiovascular_death_rate","cancer_death_rate","diabetes_death_rate"
"1","AFG","2000","218.7100","43.3900","9.6400"
"2","AFG","2001","220.0800","42.9600","9.9100"
"3","AFG","2002","215.8400","41.9400","10.2500"
"4","AFG","2003","213.8000","42.6200","10.6700"
"5","AFG","2004","211.1300","43.2900","11.0400"
"6","AFG","2005","206.7500","43.6400","11.2500"
"7","AFG","2006","201.5400","43.5300","11.2900"
"8","AFG","2007","197.1900","42.9800","11.5400"
"9","AFG","2008","190.6700","42.7300","11.5900"
"10","AFG","2009","182.7500","42.9100","11.3600"
"11","AFG","2010","178.8300","42.8500","11.4600"
"12","AFG","2011","178.6900","42.3800","11.7800"
"13","AFG","2012","175.3500","42.4300","11.8300"
"14","AFG","2013","174.1100","42.2600","11.9400"
"15","AFG","2014","171.0100","41.9800","11.8800"
"16","AFG","2015","168.1500","41.9700","11.9200"
"17","AFG","2016","168.1400","42.0700","12.3500"
"18","AFG","2017","169.4400","42.4600","12.9000"
"19","AFG","2018","168.6500","42.6100","13.1200"
"20","AFG","2019","169.6700","43.2200","13.5400"
"21","AFG","2020","175.2500","38.4700","14.0900"
"22","AFG","2021","160.5400","38.3800","13.4600"
"23","AGO","2000","129.8700","54.9700","16.4700"
"24","AGO","2001","123.6100","54.2200","15.8200"
"25","AGO","2002","123.2200","53.8800","15.7400"
"26","AGO","2003","127.4200","53.8700","16.2500"
"27","AGO","2004","126.4600","54.5100","16.2500"
"28","AGO","2005","120.0100","53.3600","15.4900"
"29","AGO","2006","121.4900","53.3400","15.8900"
"30","AGO","2007","115.1500","52.9400","15.0900"
"31","AGO","2008","111.8100","53.4100","14.6800"
"32","AGO","2009","108.4900","53.6900","14.4700"
"33","AGO","2010","104.2400","53.7900","14.0300"
"34","AGO","2011","103.9400","53.8900","14.2100"
"35","AGO","2012","101.2900","53.9600","14.0300"
"36","AGO","2013","101.4900","53.8600","14.2900"
"37","AGO","2014","95.4500","52.8800","13.5500"
"38","AGO","2015","97.7500","52.9900","14.0400"
"39","AGO","2016","97.1600","52.9100","14.0500"
"40","AGO","2017","96.5200","53.6600","14.0600"
"41","AGO","2018","103.5200","53.9700","15.2900"
"42","AGO","2019","107.6800","54.6800","16.0200"
"43","AGO","2020","113.3000","49.6800","17.1100"
"44","AGO","2021","114.2600","45.1700","17.4300"
"45","ALB","2000","371.5400","118.5200","5.1200"
"46","ALB","2001","270.5300","100.5100","4.1000"
"47","ALB","2002","315.4700","110.1600","4.7000"
"48","ALB","2003","371.6300","122.7100","5.4000"
"49","ALB","2004","371.3700","122.5400","5.4100"
"50","ALB","2005","398.4800","147.1000","6.0200"
"51","ALB","2006","403.8200","161.8200","6.5100"
"52","ALB","2007","406.9100","167.6700","6.4500"
"53","ALB","2008","407.8700","169.4100","6.3500"
"54","ALB","2009","404.0900","169.8100","6.2400"
"55","ALB","2010","395.1100","167.6500","6.2200"
"56","ALB","2011","393.8700","168.8800","6.3400"
"57","ALB","2012","472.9400","149.1900","6.5200"
"58","ALB","2013","469.3200","147.2000","6.5200"
"59","ALB","2014","487.7500","147.8500","6.7200"
"60","ALB","2015","546.1800","157.1300","7.5100"
"61","ALB","2016","598.3100","156.7700","7.9600"
"62","ALB","2017","660.7100","160.3600","8.5900"
"63","ALB","2018","728.1400","165.3400","9.2800"
"64","ALB","2019","803.5400","170.9900","10.0600"
"65","ALB","2020","878.9900","178.6200","10.6600"
"66","ALB","2021","527.2100","164.5000","7.2600"
"67","ARE","2000","44.2600","17.8800","4.3800"
"68","ARE","2001","45.1100","18.6900","4.6000"
"69","ARE","2002","47.6100","19.9100","5.0600"
"70","ARE","2003","47.5900","20.8300","5.2200"
"71","ARE","2004","50.4900","21.2300","5.7700"
"72","ARE","2005","52.2800","21.6400","6.1500"
"73","ARE","2006","50.8800","21.3800","6.1400"
"74","ARE","2007","43.8400","19.8900","5.4700"
"75","ARE","2008","38.1800","18.2300","4.8200"
"76","ARE","2009","36.5300","17.5800","4.6600"
"77","ARE","2010","37.0800","17.3100","4.8000"
"78","ARE","2011","38.1300","17.6200","4.9800"
"79","ARE","2012","39.4200","17.7500","5.1600"
"80","ARE","2013","39.0500","17.6500","5.2000"
"81","ARE","2014","39.0500","17.8500","5.2600"
"82","ARE","2015","39.5700","17.9300","5.3400"
"83","ARE","2016","38.3200","18.0500","5.2200"
"84","ARE","2017","38.1000","18.1000","5.2400"
"85","ARE","2018","38.1500","18.2800","5.3600"
"86","ARE","2019","38.0300","18.3800","5.4900"
"87","ARE","2020","39.4100","20.7800","5.8100"
"88","ARE","2021","45.2800","21.6200","6.9800"
"89","ARG","2000","252.6900","160.1600","20.3600"
"90","ARG","2001","257.9300","159.6100","20.2900"
"91","ARG","2002","260.1600","158.7400","19.1500"
"92","ARG","2003","260.7500","162.6200","20.3400"
"93","ARG","2004","247.2900","161.1800","20.4700"
"94","ARG","2005","240.1900","162.9100","19.5000"
"95","ARG","2006","236.1300","162.3900","17.5700"
"96","ARG","2007","249.6900","164.1300","18.4100"
"97","ARG","2008","234.9700","161.1200","15.8000"
"98","ARG","2009","232.8700","161.5200","15.5700"
"99","ARG","2010","248.8200","161.3100","16.1200"
"100","ARG","2011","245.2200","159.1800","16.0500"
"101","ARG","2012","239.5300","160.3200","15.4900"
"102","ARG","2013","234.6300","161.1400","15.5300"
"103","ARG","2014","226.1000","159.2800","15.5500"
"104","ARG","2015","229.1900","158.3900","17.1100"
"105","ARG","2016","242.1300","158.2900","17.7300"
"106","ARG","2017","230.8800","157.3700","16.2500"
"107","ARG","2018","227.4800","153.3200","16.5900"
"108","ARG","2019","228.8800","154.9500","16.6700"
"109","ARG","2020","223.5700","144.3600","17.4800"
"110","ARG","2021","248.6700","140.7900","16.6700"
"111","ARM","2000","436.1100","126.8100","39.6700"
"112","ARM","2001","435.8700","134.0900","43.0800"
"113","ARM","2002","469.9600","138.6500","48.6000"
"114","ARM","2003","476.2100","143.4100","54.8100"
"115","ARM","2004","458.7500","154.6600","44.2800"
"116","ARM","2005","467.6700","162.5900","45.1400"
"117","ARM","2006","464.0500","176.1700","38.1900"
"118","ARM","2007","462.9200","178.0400","42.9700"
"119","ARM","2008","471.5300","188.9400","43.3300"
"120","ARM","2009","469.4100","186.9900","45.4200"
"121","ARM","2010","476.6300","191.2800","46.3500"
"122","ARM","2011","468.7900","195.3500","45.3400"
"123","ARM","2012","470.5200","197.5500","43.2300"
"124","ARM","2013","457.1900","197.0800","43.4500"
"125","ARM","2014","469.9400","201.1900","39.7600"
"126","ARM","2015","452.3600","214.4600","42.3900"
"127","ARM","2016","479.7000","201.3200","38.4100"
"128","ARM","2017","524.4300","196.3500","25.9800"
"129","ARM","2018","494.2900","187.0800","18.7000"
"130","ARM","2019","499.8500","198.2500","17.0700"
"131","ARM","2020","604.3300","194.2000","15.1600"
"132","ARM","2021","585.1800","191.1000","12.6400"
"133","ATG","2000","245.5900","109.7300","52.1000"
"134","ATG","2001","225.4700","117.8900","54.9500"
"135","ATG","2002","236.1900","105.6400","64.3000"
"136","ATG","2003","229.2700","110.6600","63.9400"
"137","ATG","2004","234.4800","101.6600","64.0900"
"138","ATG","2005","229.9400","96.4800","59.5500"
"139","ATG","2006","227.3900","100.1700","50.1400"
"140","ATG","2007","237.5200","110.2000","49.9800"
"141","ATG","2008","226.5400","120.0700","48.4300"
"142","ATG","2009","214.3400","115.4900","48.1100"
"143","ATG","2010","207.4600","123.7300","45.2500"
"144","ATG","2011","211.3900","126.0900","41.9100"
"145","ATG","2012","222.0600","122.7800","45.9400"
"146","ATG","2013","233.1900","134.8100","43.6200"
"147","ATG","2014","237.1900","133.7700","44.2800"
"148","ATG","2015","238.2400","139.1300","46.5500"
"149","ATG","2016","241.4700","135.0800","52.7800"
"150","ATG","2017","250.3000","146.0800","58.6800"
"151","ATG","2018","259.7400","149.8600","62.8600"
"152","ATG","2019","273.0900","154.4500","66.5100"
"153","ATG","2020","237.1300","139.2700","23.1400"
"154","ATG","2021","159.4400","141.4200","42.4200"
"155","AUS","2000","253.8700","187.0800","14.8900"
"156","AUS","2001","248.1200","188.7200","15.0100"
"157","AUS","2002","246.7400","190.2200","15.7400"
"158","AUS","2003","237.1600","187.9900","16.1400"
"159","AUS","2004","232.7200","190.3600","16.7700"
"160","AUS","2005","233.2500","191.4200","16.6100"
"161","AUS","2006","227.9700","194.2000","17.2500"
"162","AUS","2007","220.2300","188.9800","17.0300"
"163","AUS","2008","224.3100","194.4800","18.2400"
"164","AUS","2009","209.1900","189.3700","17.8700"
"165","AUS","2010","202.7100","192.6600","16.6000"
"166","AUS","2011","203.4100","193.5900","17.6800"
"167","AUS","2012","193.3900","189.9000","17.4600"
"168","AUS","2013","187.5300","190.2800","17.1300"
"169","AUS","2014","191.3900","188.0600","16.9300"
"170","AUS","2015","190.6300","192.5700","17.9400"
"171","AUS","2016","181.7500","189.0100","18.0400"
"172","AUS","2017","177.4500","186.6900","18.1500"
"173","AUS","2018","169.5500","190.2000","17.6600"
"174","AUS","2019","173.5000","196.1200","18.4700"
"175","AUS","2020","160.4400","189.2500","19.1100"
"176","AUS","2021","167.7900","195.1300","19.6200"
"177","AUT","2000","481.5400","235.4500","15.0200"
"178","AUT","2001","458.1500","231.1700","15.4300"
"179","AUT","2002","445.0400","231.4100","20.7400"
"180","AUT","2003","421.5800","238.0500","31.5000"
"181","AUT","2004","391.6600","236.8400","39.7200"
"182","AUT","2005","390.0100","233.7400","39.2200"
"183","AUT","2006","387.4600","232.0800","38.1500"
"184","AUT","2007","390.4700","230.2000","31.7800"
"185","AUT","2008","382.4200","239.3800","33.9200"
"186","AUT","2009","398.2800","241.9700","32.9000"
"187","AUT","2010","397.3100","242.9000","29.1400"
"188","AUT","2011","386.7800","245.4400","27.6000"
"189","AUT","2012","403.8700","247.8800","27.6200"
"190","AUT","2013","403.0500","244.1200","26.4600"
"191","AUT","2014","388.4600","247.3700","28.5700"
"192","AUT","2015","412.6500","243.6100","31.5100"
"193","AUT","2016","381.9100","239.2200","29.6500"
"194","AUT","2017","379.2800","239.3900","28.2900"
"195","AUT","2018","372.4300","241.9300","27.3400"
"196","AUT","2019","365.4500","240.6200","23.2300"
"197","AUT","2020","368.3700","244.4100","24.7900"
"198","AUT","2021","357.5200","243.0800","28.9500"
"199","AZE","2000","340.6700","123.9700","14.2700"
"200","AZE","2001","323.9000","118.2800","14.0900"
"201","AZE","2002","335.6300","119.4100","14.5500"
"202","AZE","2003","353.5400","124.9300","15.3400"
"203","AZE","2004","350.7900","122.7100","14.9500"
"204","AZE","2005","365.4700","127.8900","15.4900"
"205","AZE","2006","397.5300","132.3600","16.0900"
"206","AZE","2007","340.8300","120.5800","14.1300"
"207","AZE","2008","380.3400","132.8600","15.5400"
"208","AZE","2009","365.6300","131.3200","15.1000"
"209","AZE","2010","361.2300","130.6600","15.0700"
"210","AZE","2011","352.8500","129.9600","14.7900"
"211","AZE","2012","337.1200","124.1100","14.3500"
"212","AZE","2013","318.4700","118.6800","13.7800"
"213","AZE","2014","307.6700","116.1400","13.5300"
"214","AZE","2015","285.1600","110.4000","12.9400"
"215","AZE","2016","286.3600","110.0300","13.0400"
"216","AZE","2017","274.6400","109.7900","12.9100"
"217","AZE","2018","269.6800","108.3400","12.6700"
"218","AZE","2019","254.6600","106.9600","12.4100"
"219","AZE","2020","285.8700","110.4400","15.2600"
"220","AZE","2021","220.1600","102.0200","11.8400"
"221","BDI","2000","128.3200","69.2900","18.5200"
"222","BDI","2001","121.8900","66.0400","17.9400"
"223","BDI","2002","115.6600","63.5000","17.4100"
"224","BDI","2003","110.6300","61.4700","17.0200"
"225","BDI","2004","107.9800","60.5500","16.8400"
"226","BDI","2005","101.4100","58.6800","15.9800"
"227","BDI","2006","97.6600","57.2800","15.5400"
"228","BDI","2007","92.1700","55.1600","14.7500"
"229","BDI","2008","88.4300","53.3500","14.1700"
"230","BDI","2009","88.4700","53.0600","14.2300"
"231","BDI","2010","87.8800","52.8500","14.2000"
"232","BDI","2011","86.1800","52.6300","13.9400"
"233","BDI","2012","85.4400","52.2500","13.8000"
"234","BDI","2013","84.7200","51.9500","13.7500"
"235","BDI","2014","84.0200","51.7900","13.6600"
"236","BDI","2015","82.5200","51.2100","13.3900"
"237","BDI","2016","83.0300","50.7700","13.5000"
"238","BDI","2017","83.0300","50.9500","13.6000"
"239","BDI","2018","83.1000","51.1000","13.6100"
"240","BDI","2019","83.1300","51.6900","13.6600"
"241","BDI","2020","85.4000","47.2800","14.0900"
"242","BDI","2021","91.5100","46.5900","15.1500"
"243","BEL","2000","367.5600","265.8700","13.3500"
"244","BEL","2001","354.8800","265.8900","13.0100"
"245","BEL","2002","357.0600","265.5500","13.8100"
"246","BEL","2003","354.7800","260.7500","13.8700"
"247","BEL","2004","334.2500","255.1200","13.8000"
"248","BEL","2005","326.4100","259.9300","13.9700"
"249","BEL","2006","312.0600","260.2200","13.1900"
"250","BEL","2007","304.7600","257.0700","12.7800"
"251","BEL","2008","304.8500","262.5300","13.9200"
"252","BEL","2009","298.1800","259.5300","13.8700"
"253","BEL","2010","303.2100","270.0400","12.7500"
"254","BEL","2011","290.9000","268.8600","12.1600"
"255","BEL","2012","292.6300","263.6100","12.8700"
"256","BEL","2013","286.8100","262.0300","11.7400"
"257","BEL","2014","272.4400","258.1100","11.0300"
"258","BEL","2015","284.2900","258.8100","10.7300"
"259","BEL","2016","270.6700","257.8400","10.3200"
"260","BEL","2017","267.9500","252.2600","10.9200"
"261","BEL","2018","256.3500","252.1800","11.0200"
"262","BEL","2019","249.7600","252.0900","10.6300"
"263","BEL","2020","233.5700","239.9400","10.5700"
"264","BEL","2021","219.5200","233.6100","10.2500"
"265","BEN","2000","123.8500","45.9600","14.5000"
"266","BEN","2001","121.2900","45.0600","14.5700"
"267","BEN","2002","119.7000","44.6100","14.8100"
"268","BEN","2003","116.7700","43.8500","14.7600"
"269","BEN","2004","114.7900","43.2900","14.8200"
"270","BEN","2005","112.9300","43.1000","14.8700"
"271","BEN","2006","111.7600","43.1300","14.9900"
"272","BEN","2007","111.2100","43.4500","15.1800"
"273","BEN","2008","111.7100","43.3500","15.3800"
"274","BEN","2009","112.0300","43.9900","15.5500"
"275","BEN","2010","112.3300","44.8500","15.7000"
"276","BEN","2011","113.0100","45.5800","15.8500"
"277","BEN","2012","113.1000","46.1300","15.8600"
"278","BEN","2013","111.7800","46.0700","15.7600"
"279","BEN","2014","111.3300","45.9200","15.6800"
"280","BEN","2015","113.4000","45.6200","15.7200"
"281","BEN","2016","112.0600","45.3800","15.6200"
"282","BEN","2017","110.6700","45.1700","15.5100"
"283","BEN","2018","109.7300","44.2500","15.4400"
"284","BEN","2019","108.7100","44.3100","15.4000"
"285","BEN","2020","111.5000","41.7800","15.9500"
"286","BEN","2021","108.0300","37.8100","15.6700"
"287","BFA","2000","112.6000","54.2100","15.2500"
"288","BFA","2001","113.8300","53.3800","15.0600"
"289","BFA","2002","114.3500","52.1800","14.6600"
"290","BFA","2003","111.8200","51.5700","14.5100"
"291","BFA","2004","110.1000","51.2700","14.3400"
"292","BFA","2005","108.6900","51.0500","14.1000"
"293","BFA","2006","108.8300","50.9400","14.0400"
"294","BFA","2007","107.7900","50.3400","13.8200"
"295","BFA","2008","108.2100","49.3200","13.7300"
"296","BFA","2009","109.0000","48.7300","13.6700"
"297","BFA","2010","107.4900","49.2200","13.6500"
"298","BFA","2011","106.6600","49.9400","13.6300"
"299","BFA","2012","106.9400","50.9800","13.7200"
"300","BFA","2013","105.4300","52.0400","13.6900"
"301","BFA","2014","103.9800","52.8400","13.5100"
"302","BFA","2015","104.6700","53.1600","13.4100"
"303","BFA","2016","103.7400","54.4700","13.4200"
"304","BFA","2017","102.3200","54.2600","13.3000"
"305","BFA","2018","101.3000","53.2200","13.1900"
"306","BFA","2019","99.5000","52.7300","12.9600"
"307","BFA","2020","103.2500","45.1800","13.5000"
"308","BFA","2021","98.7500","46.6300","13.1000"
"309","BGD","2000","136.4900","60.6600","12.4900"
"310","BGD","2001","137.1600","60.7300","12.9100"
"311","BGD","2002","142.5100","60.9600","13.7200"
"312","BGD","2003","144.9100","60.9800","14.1700"
"313","BGD","2004","142.9800","60.6300","14.0100"
"314","BGD","2005","146.7800","61.9000","14.3400"
"315","BGD","2006","153.7800","63.5400","15.0600"
"316","BGD","2007","155.9400","64.5600","15.4600"
"317","BGD","2008","154.2700","64.6800","15.5200"
"318","BGD","2009","153.6000","64.7400","15.5700"
"319","BGD","2010","153.4200","64.8800","15.6500"
"320","BGD","2011","140.9900","63.4000","14.1700"
"321","BGD","2012","134.0200","62.6000","13.1200"
"322","BGD","2013","134.7300","62.4500","13.2800"
"323","BGD","2014","139.7500","62.5000","13.9900"
"324","BGD","2015","141.9300","63.2600","13.9400"
"325","BGD","2016","145.6300","64.7900","14.5000"
"326","BGD","2017","155.9700","66.9300","15.9200"
"327","BGD","2018","160.4300","68.4100","16.6000"
"328","BGD","2019","165.2700","69.7000","17.4400"
"329","BGD","2020","171.1500","64.2300","18.3300"
"330","BGD","2021","166.8900","67.2700","18.3900"
"331","BGR","2000","1098.3300","200.1700","26.5000"
"332","BGR","2001","1062.9800","204.7200","24.8700"
"333","BGR","2002","1091.8000","209.7300","24.7200"
"334","BGR","2003","1094.5800","210.6600","25.0000"
"335","BGR","2004","1066.1200","218.2900","24.6500"
"336","BGR","2005","1058.6900","239.4100","23.6900"
"337","BGR","2006","1056.5700","238.6500","27.3000"
"338","BGR","2007","1041.3000","243.5000","26.3700"
"339","BGR","2008","1006.9100","248.9600","27.0000"
"340","BGR","2009","1006.8600","237.9200","25.0000"
"341","BGR","2010","1057.6200","234.3000","22.5500"
"342","BGR","2011","1029.9900","239.7100","20.6500"
"343","BGR","2012","1019.3300","256.9000","21.5000"
"344","BGR","2013","971.6600","258.9900","17.8300"
"345","BGR","2014","1034.0600","259.8000","19.3900"
"346","BGR","2015","1053.9000","263.8500","23.5700"
"347","BGR","2016","1043.3300","256.8800","21.3200"
"348","BGR","2017","1082.6500","262.6100","20.8800"
"349","BGR","2018","1074.4200","266.7000","23.0100"
"350","BGR","2019","1060.4300","281.8100","21.1600"
"351","BGR","2020","1162.7800","286.7900","24.5200"
"352","BGR","2021","1267.6600","268.7500","24.9900"
"353","BHR","2000","166.1800","43.6900","39.4700"
"354","BHR","2001","163.6800","43.9100","38.9100"
"355","BHR","2002","160.0500","43.7400","40.0100"
"356","BHR","2003","163.2900","43.8500","42.5800"
"357","BHR","2004","157.9300","42.7600","44.3600"
"358","BHR","2005","149.2800","41.1700","44.9300"
"359","BHR","2006","133.6000","39.3600","43.2300"
"360","BHR","2007","124.6600","37.7400","41.8500"
"361","BHR","2008","117.0800","36.5300","40.6400"
"362","BHR","2009","110.5900","35.6300","39.6900"
"363","BHR","2010","111.0200","35.6200","40.8700"
"364","BHR","2011","110.6100","36.0100","41.7200"
"365","BHR","2012","107.3700","35.8600","41.7100"
"366","BHR","2013","102.2100","36.0800","42.3800"
"367","BHR","2014","97.2800","36.9500","42.8200"
"368","BHR","2015","98.7400","37.7700","43.6200"
"369","BHR","2016","101.0600","38.1400","44.7300"
"370","BHR","2017","99.7200","38.0100","43.8800"
"371","BHR","2018","98.2300","38.0800","43.4300"
"372","BHR","2019","99.4300","39.2900","44.8200"
"373","BHR","2020","110.2000","38.6000","49.5700"
"374","BHR","2021","116.1200","40.3000","53.4400"
"375","BHS","2000","168.9200","91.4000","33.2600"
"376","BHS","2001","173.8500","93.6800","31.7100"
"377","BHS","2002","175.7900","95.8900","28.4500"
"378","BHS","2003","179.3600","97.5700","33.7100"
"379","BHS","2004","187.2600","97.0700","34.3600"
"380","BHS","2005","177.8800","95.2100","33.7500"
"381","BHS","2006","180.0500","99.3000","35.1900"
"382","BHS","2007","176.0300","101.4200","34.4100"
"383","BHS","2008","181.8900","106.2100","34.0900"
"384","BHS","2009","189.1500","108.7500","36.7200"
"385","BHS","2010","197.1500","112.3900","36.0300"
"386","BHS","2011","193.5500","116.7300","35.0900"
"387","BHS","2012","189.2000","121.3100","34.8500"
"388","BHS","2013","187.0800","124.4100","34.3700"
"389","BHS","2014","205.9300","128.7400","36.7300"
"390","BHS","2015","205.3400","129.2100","34.2800"
"391","BHS","2016","214.8000","134.3600","35.8100"
"392","BHS","2017","217.0900","135.9100","36.2800"
"393","BHS","2018","220.3200","138.6000","37.0700"
"394","BHS","2019","226.4500","141.6800","38.3000"
"395","BHS","2020","232.1900","133.0100","38.8400"
"396","BHS","2021","225.3300","135.2800","38.9100"
"397","BIH","2000","382.7800","170.7100","21.9200"
"398","BIH","2001","379.4100","174.1600","24.0700"
"399","BIH","2002","380.3900","179.1200","26.9100"
"400","BIH","2003","380.6800","183.7100","29.7900"
"401","BIH","2004","387.0300","189.0700","33.2100"
"402","BIH","2005","404.1700","200.4100","36.8100"
"403","BIH","2006","409.7400","204.4900","39.2900"
"404","BIH","2007","446.1100","220.8100","44.2300"
"405","BIH","2008","441.3900","216.8400","44.6700"
"406","BIH","2009","455.5200","220.5500","46.9200"
"407","BIH","2010","458.7700","221.4000","48.0800"
"408","BIH","2011","469.3800","223.9900","49.4200"
"409","BIH","2012","467.8100","224.0800","50.0900"
"410","BIH","2013","479.1000","230.2100","51.9900"
"411","BIH","2014","492.6600","236.1500","54.1300"
"412","BIH","2015","517.9100","244.2600","56.1600"
"413","BIH","2016","524.0100","248.5700","56.2300"
"414","BIH","2017","539.6300","251.6200","57.4600"
"415","BIH","2018","550.6500","256.6300","58.4300"
"416","BIH","2019","578.0100","267.7600","61.7300"
"417","BIH","2020","604.4200","274.8700","63.6600"
"418","BIH","2021","594.5300","269.5400","64.2700"
"419","BLR","2000","754.2100","278.6500","6.0200"
"420","BLR","2001","801.5400","289.6900","6.0100"
"421","BLR","2002","866.5000","289.1200","6.1900"
"422","BLR","2003","866.6800","277.9800","5.5200"
"423","BLR","2004","859.1200","270.3200","5.3800"
"424","BLR","2005","875.6700","274.6000","5.0400"
"425","BLR","2006","856.6600","277.8400","4.5000"
"426","BLR","2007","824.6000","275.5600","4.1900"
"427","BLR","2008","836.6700","280.8200","3.8500"
"428","BLR","2009","852.7900","283.3800","3.7900"
"429","BLR","2010","873.8700","288.3300","3.6800"
"430","BLR","2011","855.6400","290.2400","3.5200"
"431","BLR","2012","819.7600","273.1500","3.2900"
"432","BLR","2013","824.3300","273.4800","3.3200"
"433","BLR","2014","804.1000","267.8300","3.6900"
"434","BLR","2015","803.1200","261.4900","3.7900"
"435","BLR","2016","804.1600","264.1500","4.8800"
"436","BLR","2017","795.3000","266.0300","6.6000"
"437","BLR","2018","808.8400","270.9900","7.1600"
"438","BLR","2019","786.7800","266.8000","7.0200"
"439","BLR","2020","773.7600","271.9000","6.8700"
"440","BLR","2021","755.9500","239.9900","6.8200"
"441","BLZ","2000","132.3100","49.6100","35.1700"
"442","BLZ","2001","109.0700","48.6500","32.3600"
"443","BLZ","2002","101.6300","47.7100","31.5500"
"444","BLZ","2003","100.0100","45.7600","31.7700"
"445","BLZ","2004","99.4600","45.4400","33.7600"
"446","BLZ","2005","93.3700","45.4600","33.3900"
"447","BLZ","2006","91.2300","46.8700","35.2100"
"448","BLZ","2007","88.3800","47.0100","32.7800"
"449","BLZ","2008","82.3500","46.8500","30.2100"
"450","BLZ","2009","89.9600","46.0800","32.9000"
"451","BLZ","2010","90.8000","46.7600","34.7200"
"452","BLZ","2011","90.7700","46.0900","33.7000"
"453","BLZ","2012","88.6200","46.0600","32.4900"
"454","BLZ","2013","89.2300","47.1600","31.8300"
"455","BLZ","2014","91.4800","48.8500","31.2700"
"456","BLZ","2015","91.3500","50.2100","30.9900"
"457","BLZ","2016","91.2400","50.5800","31.7400"
"458","BLZ","2017","95.0500","51.3100","33.1900"
"459","BLZ","2018","95.9400","52.2100","33.7900"
"460","BLZ","2019","94.7300","52.5300","33.6600"
"461","BLZ","2020","101.3700","47.8200","36.3600"
"462","BLZ","2021","96.3400","50.9500","35.0500"
"463","BOL","2000","147.6500","68.3300","27.7600"
"464","BOL","2001","141.3100","67.0400","27.6200"
"465","BOL","2002","135.7400","65.7400","27.5900"
"466","BOL","2003","130.0500","64.0100","27.2800"
"467","BOL","2004","125.2700","62.6700","27.0400"
"468","BOL","2005","122.1200","61.8500","26.9300"
"469","BOL","2006","118.5400","60.9700","26.5800"
"470","BOL","2007","117.8400","60.9700","26.8900"
"471","BOL","2008","116.3600","60.6800","26.8400"
"472","BOL","2009","115.1400","60.5400","26.8400"
"473","BOL","2010","113.9900","60.5900","26.9700"
"474","BOL","2011","112.9500","60.7200","27.2800"
"475","BOL","2012","111.0900","60.8400","27.2700"
"476","BOL","2013","110.1800","60.8900","27.3400"
"477","BOL","2014","110.5800","60.7900","27.3300"
"478","BOL","2015","110.6400","61.0600","27.6500"
"479","BOL","2016","109.7100","61.5300","28.0400"
"480","BOL","2017","109.4300","61.9700","28.2100"
"481","BOL","2018","108.7000","62.3200","28.4800"
"482","BOL","2019","107.9600","62.6800","28.8300"
"483","BOL","2020","115.0300","63.4700","31.8200"
"484","BOL","2021","105.6700","65.0400","30.4900"
"485","BRA","2000","173.8100","81.9800","19.0000"
"486","BRA","2001","172.7700","83.7100","18.5300"
"487","BRA","2002","172.0900","85.0000","19.0100"
"488","BRA","2003","173.0000","86.4900","19.0400"
"489","BRA","2004","175.7200","88.2900","19.4300"
"490","BRA","2005","168.0300","88.9000","19.2600"
"491","BRA","2006","171.3500","89.7100","20.7900"
"492","BRA","2007","171.1700","91.2700","21.6700"
"493","BRA","2008","173.4900","93.2100","22.4800"
"494","BRA","2009","172.9500","94.6500","22.9900"
"495","BRA","2010","173.8000","97.1500","23.7800"
"496","BRA","2011","176.0900","98.7100","24.6600"
"497","BRA","2012","173.0300","101.1300","23.8400"
"498","BRA","2013","173.6700","102.4600","23.8800"
"499","BRA","2014","172.6700","104.1100","23.4900"
"500","BRA","2015","175.2800","107.0600","23.7700"
"501","BRA","2016","180.5000","109.1400","24.2400"
"502","BRA","2017","176.8200","111.1400","24.7200"
"503","BRA","2018","174.5200","113.2700","25.0300"
"504","BRA","2019","174.9700","116.3100","25.2900"
"505","BRA","2020","172.8200","113.4500","28.8000"
"506","BRA","2021","181.7100","114.6900","29.3600"
"507","BRB","2000","259.2500","187.1300","90.9000"
"508","BRB","2001","251.3900","188.2800","83.3600"
"509","BRB","2002","253.5900","197.3500","89.2800"
"510","BRB","2003","263.7100","205.0700","96.3800"
"511","BRB","2004","255.8300","210.0900","100.7400"
"512","BRB","2005","243.4100","208.6800","98.8000"
"513","BRB","2006","243.2800","209.9100","97.0000"
"514","BRB","2007","240.4200","210.8500","97.7900"
"515","BRB","2008","239.8500","215.8800","95.5700"
"516","BRB","2009","229.9800","217.9900","87.1800"
"517","BRB","2010","229.2600","224.7900","81.5000"
"518","BRB","2011","228.8600","229.2700","82.0300"
"519","BRB","2012","225.1500","229.8500","78.2300"
"520","BRB","2013","231.3200","233.1400","80.0700"
"521","BRB","2014","237.1700","237.0900","82.0800"
"522","BRB","2015","238.7000","240.7200","82.5100"
"523","BRB","2016","245.9300","244.2900","84.9500"
"524","BRB","2017","248.2400","249.1300","85.6300"
"525","BRB","2018","257.5700","255.6100","88.9400"
"526","BRB","2019","275.6400","266.4500","94.6900"
"527","BRB","2020","257.1100","251.9300","88.3900"
"528","BRB","2021","249.9400","233.3800","84.5400"
"529","BRN","2000","86.5200","55.3900","21.0100"
"530","BRN","2001","87.8400","54.8500","20.7400"
"531","BRN","2002","95.4200","50.7400","21.0300"
"532","BRN","2003","98.1300","55.1800","19.9900"
"533","BRN","2004","92.2900","58.8400","21.7400"
"534","BRN","2005","90.6500","61.3500","23.3300"
"535","BRN","2006","90.3700","59.3300","27.2100"
"536","BRN","2007","90.7600","58.3100","25.4400"
"537","BRN","2008","93.8200","57.8900","25.0900"
"538","BRN","2009","91.5600","61.1700","21.4200"
"539","BRN","2010","90.3800","64.1300","22.2000"
"540","BRN","2011","80.1100","71.2300","25.7900"
"541","BRN","2012","82.4500","72.5800","25.5900"
"542","BRN","2013","86.3300","74.6700","26.0200"
"543","BRN","2014","90.9200","74.3300","26.5800"
"544","BRN","2015","95.2600","78.4400","27.0400"
"545","BRN","2016","102.8800","79.1600","28.7900"
"546","BRN","2017","112.0300","80.2100","29.7000"
"547","BRN","2018","122.2700","78.7800","31.5700"
"548","BRN","2019","122.0400","79.6200","31.3200"
"549","BRN","2020","124.3800","84.2000","32.7100"
"550","BRN","2021","123.2300","84.2800","32.7200"
"551","BTN","2000","114.2700","53.8200","11.5500"
"552","BTN","2001","116.0100","53.0900","11.9400"
"553","BTN","2002","116.6100","52.3800","12.2100"
"554","BTN","2003","120.4900","52.5800","12.8200"
"555","BTN","2004","123.2200","52.4400","13.3600"
"556","BTN","2005","125.1900","52.5900","13.8000"
"557","BTN","2006","125.5700","52.6300","14.0500"
"558","BTN","2007","124.6200","53.0500","14.1800"
"559","BTN","2008","124.8000","53.6500","14.4500"
"560","BTN","2009","124.4500","54.5700","14.6700"
"561","BTN","2010","124.2600","55.6000","14.9100"
"562","BTN","2011","125.8500","56.5200","15.3800"
"563","BTN","2012","130.3500","57.2700","16.0100"
"564","BTN","2013","134.2400","58.2200","16.7400"
"565","BTN","2014","139.6300","59.0400","17.4900"
"566","BTN","2015","143.5300","60.2200","18.3500"
"567","BTN","2016","147.2000","61.2700","19.1200"
"568","BTN","2017","150.5600","62.1800","19.9400"
"569","BTN","2018","147.2800","62.9000","19.8000"
"570","BTN","2019","142.3600","63.8000","19.4100"
"571","BTN","2020","140.0000","62.8800","19.1300"
"572","BTN","2021","135.6200","59.8600","18.7100"
"573","BWA","2000","104.8400","49.7900","18.7200"
"574","BWA","2001","106.0600","52.7700","19.3400"
"575","BWA","2002","100.4900","54.6100","18.6500"
"576","BWA","2003","98.8400","53.2900","18.7700"
"577","BWA","2004","97.3500","50.8700","18.4000"
"578","BWA","2005","100.4300","48.8200","19.7400"
"579","BWA","2006","93.2200","47.0700","18.4900"
"580","BWA","2007","104.7000","48.8000","21.2700"
"581","BWA","2008","125.5100","51.5900","26.0700"
"582","BWA","2009","135.9800","53.8400","28.9100"
"583","BWA","2010","136.1500","56.0300","29.5700"
"584","BWA","2011","137.2600","57.4300","30.5200"
"585","BWA","2012","138.4500","56.5800","31.4500"
"586","BWA","2013","139.0400","56.9700","32.4200"
"587","BWA","2014","133.5100","56.7800","31.7800"
"588","BWA","2015","124.6600","56.3000","30.0700"
"589","BWA","2016","123.6000","54.0100","30.0500"
"590","BWA","2017","120.6500","52.3600","29.5600"
"591","BWA","2018","115.0400","51.7400","28.4900"
"592","BWA","2019","108.7900","51.8200","27.2200"
"593","BWA","2020","120.6300","49.6600","30.3500"
"594","BWA","2021","103.2400","46.5500","28.2900"
"595","CAF","2000","148.3000","44.0400","21.4100"
"596","CAF","2001","141.8700","43.4400","20.7200"
"597","CAF","2002","143.7800","43.1500","21.4100"
"598","CAF","2003","134.5000","42.6000","20.1800"
"599","CAF","2004","133.0100","42.2900","20.1400"
"600","CAF","2005","124.1000","42.2900","19.0000"
"601","CAF","2006","131.2900","42.3900","20.2400"
"602","CAF","2007","127.1200","41.7900","19.6500"
"603","CAF","2008","125.0900","40.9500","19.3600"
"604","CAF","2009","131.0500","40.7100","20.3900"
"605","CAF","2010","126.0700","41.7800","19.6700"
"606","CAF","2011","141.4800","42.0100","22.3200"
"607","CAF","2012","125.7700","41.5400","19.8900"
"608","CAF","2013","127.8900","41.7100","20.5300"
"609","CAF","2014","133.1600","40.8500","21.6100"
"610","CAF","2015","134.4000","40.7100","21.5200"
"611","CAF","2016","135.8400","40.7800","21.8400"
"612","CAF","2017","135.1400","40.7500","21.8200"
"613","CAF","2018","136.7500","40.6600","21.8400"
"614","CAF","2019","135.9400","40.5100","21.5200"
"615","CAF","2020","140.2100","34.9500","22.2800"
"616","CAF","2021","125.4300","36.8400","20.0100"
"617","CAN","2000","247.5500","207.4900","19.6500"
"618","CAN","2001","240.4000","209.4600","20.5700"
"619","CAN","2002","237.4400","211.5900","22.6200"
"620","CAN","2003","234.4400","212.6100","22.6800"
"621","CAN","2004","227.0600","213.4700","21.9500"
"622","CAN","2005","221.8000","212.3800","21.8600"
"623","CAN","2006","211.9200","212.6700","19.8700"
"624","CAN","2007","212.1500","215.3000","19.8700"
"625","CAN","2008","209.9000","215.7800","19.8200"
"626","CAN","2009","204.0800","215.0400","17.8500"
"627","CAN","2010","199.3000","215.3000","17.4500"
"628","CAN","2011","193.2000","215.4100","17.3100"
"629","CAN","2012","192.7900","217.8800","16.2200"
"630","CAN","2013","194.2100","217.1200","15.6800"
"631","CAN","2014","195.7100","220.8000","15.4700"
"632","CAN","2015","196.6000","219.4300","15.6600"
"633","CAN","2016","194.0900","224.6800","15.0100"
"634","CAN","2017","196.1600","222.8600","14.9000"
"635","CAN","2018","195.2300","218.5900","14.5400"
"636","CAN","2019","192.1600","218.1000","14.5400"
"637","CAN","2020","194.8000","221.9400","16.0300"
"638","CAN","2021","196.6600","224.6800","15.4700"
"639","CHE","2000","341.8600","223.7200","20.2500"
"640","CHE","2001","330.3000","221.5200","20.6800"
"641","CHE","2002","318.6200","215.8400","20.4200"
"642","CHE","2003","322.6800","219.5500","23.2600"
"643","CHE","2004","300.5500","218.3600","19.4500"
"644","CHE","2005","303.3800","215.4600","17.4000"
"645","CHE","2006","294.5600","216.2200","16.4000"
"646","CHE","2007","292.0700","217.6900","16.6200"
"647","CHE","2008","285.2400","213.7800","17.3800"
"648","CHE","2009","281.6200","213.6300","15.6400"
"649","CHE","2010","275.0100","214.3200","13.2600"
"650","CHE","2011","265.8500","216.5000","12.7100"
"651","CHE","2012","273.1800","215.6000","12.8100"
"652","CHE","2013","268.0600","215.8500","13.3800"
"653","CHE","2014","258.9100","214.4200","12.0900"
"654","CHE","2015","263.5500","218.8800","12.9700"
"655","CHE","2016","250.8900","216.4400","12.3400"
"656","CHE","2017","252.2500","215.6500","11.9300"
"657","CHE","2018","246.2000","216.0400","10.8700"
"658","CHE","2019","242.9700","216.9200","11.0700"
"659","CHE","2020","245.1500","209.8000","9.4700"
"660","CHE","2021","234.5000","209.1300","10.2400"
"661","CHL","2000","144.8000","122.7500","13.1700"
"662","CHL","2001","147.2800","121.8500","15.3400"
"663","CHL","2002","143.5300","124.9600","15.4200"
"664","CHL","2003","150.0600","127.0600","16.6900"
"665","CHL","2004","152.0200","127.3900","17.1000"
"666","CHL","2005","150.6000","129.9200","16.6000"
"667","CHL","2006","147.2500","130.2000","16.0200"
"668","CHL","2007","154.0400","129.1400","16.7600"
"669","CHL","2008","145.0500","130.0700","14.7800"
"670","CHL","2009","148.9900","138.2700","15.0900"
"671","CHL","2010","160.4800","139.7100","16.8400"
"672","CHL","2011","151.1300","141.7500","15.8300"
"673","CHL","2012","159.1300","144.6200","16.7900"
"674","CHL","2013","158.9700","143.9800","16.4900"
"675","CHL","2014","161.2600","145.7300","18.4100"
"676","CHL","2015","160.5600","148.1200","20.6900"
"677","CHL","2016","157.9200","148.3100","20.8700"
"678","CHL","2017","157.1500","147.1800","20.1300"
"679","CHL","2018","152.1700","147.2900","12.7700"
"680","CHL","2019","149.1100","148.6200","12.2000"
"681","CHL","2020","151.7800","146.6400","14.1100"
"682","CHL","2021","174.7800","152.3500","15.9800"
"683","CHN","2000","244.6500","142.3500","8.2500"
"684","CHN","2001","254.8300","145.8200","8.6300"
"685","CHN","2002","264.2600","148.5100","8.9900"
"686","CHN","2003","280.1800","152.6000","9.4800"
"687","CHN","2004","293.9300","156.9900","9.9400"
"688","CHN","2005","297.6500","158.0200","10.0500"
"689","CHN","2006","284.5900","154.1400","9.6700"
"690","CHN","2007","283.5400","154.0800","9.5700"
"691","CHN","2008","292.1200","156.6500","9.7300"
"692","CHN","2009","301.8400","159.1100","9.9300"
"693","CHN","2010","311.1400","161.8700","10.1300"
"694","CHN","2011","314.6100","163.3000","10.1900"
"695","CHN","2012","312.0800","164.0300","10.1900"
"696","CHN","2013","315.8500","164.6400","10.3500"
"697","CHN","2014","316.7000","164.9200","10.5500"
"698","CHN","2015","316.6700","167.1600","10.7300"
"699","CHN","2016","321.6400","170.4400","10.9900"
"700","CHN","2017","325.1600","172.6200","11.1900"
"701","CHN","2018","329.8300","176.4500","11.3900"
"702","CHN","2019","336.0200","181.1200","11.6000"
"703","CHN","2020","340.5400","184.6100","11.7800"
"704","CHN","2021","352.2300","189.7300","12.1200"
"705","CIV","2000","94.4700","44.3300","10.2700"
"706","CIV","2001","92.5700","45.6500","10.2600"
"707","CIV","2002","90.7500","46.0400","10.2000"
"708","CIV","2003","90.9400","48.2700","10.3700"
"709","CIV","2004","86.6000","49.8400","10.0200"
"710","CIV","2005","87.7800","49.8800","10.2400"
"711","CIV","2006","89.3400","50.0500","10.5600"
"712","CIV","2007","93.1000","49.6500","11.1300"
"713","CIV","2008","97.4500","49.2300","11.7700"
"714","CIV","2009","103.5300","48.9800","12.7800"
"715","CIV","2010","112.7000","48.7600","14.1900"
"716","CIV","2011","115.7800","48.3700","14.5800"
"717","CIV","2012","114.7800","49.3700","14.4600"
"718","CIV","2013","111.1300","50.8700","14.1500"
"719","CIV","2014","107.3200","51.2300","13.7400"
"720","CIV","2015","105.6700","50.9900","13.3200"
"721","CIV","2016","103.8300","50.7800","13.2000"
"722","CIV","2017","102.1600","50.5800","13.2300"
"723","CIV","2018","101.9400","49.9000","13.3100"
"724","CIV","2019","102.0900","48.8000","13.5000"
"725","CIV","2020","105.2700","44.5400","14.1300"
"726","CIV","2021","99.7300","44.6200","13.6100"
"727","CMR","2000","131.9900","58.4400","17.4400"
"728","CMR","2001","138.6700","57.5400","18.3900"
"729","CMR","2002","139.1700","57.4200","18.4400"
"730","CMR","2003","141.5100","56.6600","18.8000"
"731","CMR","2004","138.1300","55.9000","18.5400"
"732","CMR","2005","138.3400","55.6100","18.7200"
"733","CMR","2006","136.9200","55.6200","18.7400"
"734","CMR","2007","135.3200","55.7000","18.7400"
"735","CMR","2008","134.0000","55.7600","18.8000"
"736","CMR","2009","132.1600","56.2700","18.7400"
"737","CMR","2010","130.2300","56.4600","18.7900"
"738","CMR","2011","128.3000","56.5300","18.7800"
"739","CMR","2012","129.0100","56.6100","19.1000"
"740","CMR","2013","127.7300","56.7300","19.4100"
"741","CMR","2014","127.4600","56.9800","19.7200"
"742","CMR","2015","126.0800","56.4600","19.3700"
"743","CMR","2016","122.1100","56.4300","19.1500"
"744","CMR","2017","118.6400","56.0900","18.9200"
"745","CMR","2018","115.8600","55.8300","18.7300"
"746","CMR","2019","114.4900","55.5700","18.8200"
"747","CMR","2020","116.4200","50.7700","19.5400"
"748","CMR","2021","111.3800","47.9800","19.0300"
"749","COD","2000","128.9500","44.0900","18.3300"
"750","COD","2001","129.6000","43.7500","18.4400"
"751","COD","2002","128.6400","42.9300","18.3000"
"752","COD","2003","131.2200","43.1200","18.7400"
"753","COD","2004","131.6600","42.4300","18.8000"
"754","COD","2005","129.4800","42.0700","18.5800"
"755","COD","2006","128.1500","41.9500","18.3500"
"756","COD","2007","129.5900","42.0000","18.5500"
"757","COD","2008","130.3800","42.2200","18.6500"
"758","COD","2009","128.0300","42.5100","18.3700"
"759","COD","2010","126.7900","42.8800","18.3900"
"760","COD","2011","125.3700","43.3000","18.3000"
"761","COD","2012","123.2000","43.5900","18.1700"
"762","COD","2013","121.5500","44.0300","18.1900"
"763","COD","2014","120.5200","44.5500","18.2400"
"764","COD","2015","119.9400","44.7600","18.2400"
"765","COD","2016","119.4100","44.6800","18.4000"
"766","COD","2017","119.7300","44.5100","18.7200"
"767","COD","2018","119.2800","44.4300","18.7700"
"768","COD","2019","117.2800","44.5000","18.4900"
"769","COD","2020","122.6000","39.9000","19.4500"
"770","COD","2021","120.8500","38.1500","19.3400"
"771","COG","2000","208.1600","38.3600","29.6100"
"772","COG","2001","192.0100","36.0600","27.4000"
"773","COG","2002","178.8100","34.7500","25.6300"
"774","COG","2003","165.1300","35.0900","23.8200"
"775","COG","2004","165.6800","34.4600","24.2200"
"776","COG","2005","158.9800","34.2200","23.5300"
"777","COG","2006","146.7800","33.8100","21.8200"
"778","COG","2007","144.5700","33.7000","21.7100"
"779","COG","2008","141.0200","33.3000","21.3500"
"780","COG","2009","140.5600","32.4200","21.6900"
"781","COG","2010","136.5200","32.6000","21.3000"
"782","COG","2011","134.0200","31.7400","21.1800"
"783","COG","2012","132.9300","31.9100","21.3400"
"784","COG","2013","129.0600","32.6500","20.8300"
"785","COG","2014","123.8900","33.1800","20.2100"
"786","COG","2015","118.2800","33.4400","19.2900"
"787","COG","2016","113.5200","33.8800","18.7200"
"788","COG","2017","111.8700","34.0400","18.6700"
"789","COG","2018","115.6500","33.5500","19.4200"
"790","COG","2019","119.7300","34.3400","20.2500"
"791","COG","2020","114.8600","31.5600","19.6400"
"792","COG","2021","111.6900","30.5000","19.3000"
"793","COL","2000","124.7000","71.1000","13.7900"
"794","COL","2001","122.8600","70.7500","14.2600"
"795","COL","2002","120.5300","72.2200","14.1200"
"796","COL","2003","123.6200","74.2400","14.8300"
"797","COL","2004","124.2100","73.9300","14.3100"
"798","COL","2005","126.7300","74.2700","13.8600"
"799","COL","2006","128.4000","74.2500","13.3700"
"800","COL","2007","126.2400","75.9200","12.8900"
"801","COL","2008","128.0300","75.9400","12.9700"
"802","COL","2009","122.2300","76.7200","11.0000"
"803","COL","2010","125.7000","77.1000","11.3300"
"804","COL","2011","124.6900","75.8100","11.0500"
"805","COL","2012","126.7200","78.1000","11.3300"
"806","COL","2013","129.0000","80.5200","10.8800"
"807","COL","2014","135.3000","84.0000","10.9000"
"808","COL","2015","142.6200","85.7600","11.3900"
"809","COL","2016","142.7900","87.8100","10.7700"
"810","COL","2017","145.2200","90.0000","11.0000"
"811","COL","2018","150.2600","90.4900","11.8200"
"812","COL","2019","147.5400","91.3700","11.9700"
"813","COL","2020","162.7600","90.8500","15.0200"
"814","COL","2021","186.7200","88.9600","15.0500"
"815","COM","2000","148.9700","56.9500","22.7300"
"816","COM","2001","143.3100","55.5900","22.3200"
"817","COM","2002","138.0100","54.7100","21.9800"
"818","COM","2003","132.3100","53.7000","21.4400"
"819","COM","2004","129.7600","51.0100","21.3900"
"820","COM","2005","127.7500","52.8900","21.4000"
"821","COM","2006","126.9600","50.6200","21.6000"
"822","COM","2007","125.5100","53.8800","21.6300"
"823","COM","2008","126.1400","54.8900","21.9800"
"824","COM","2009","124.6000","51.9100","21.9000"
"825","COM","2010","125.8200","50.4300","22.3700"
"826","COM","2011","125.0200","51.5700","22.3700"
"827","COM","2012","125.1300","51.2300","22.5500"
"828","COM","2013","124.0800","51.4700","22.4000"
"829","COM","2014","125.6100","56.1800","22.8200"
"830","COM","2015","125.2300","56.1800","22.7500"
"831","COM","2016","124.5200","56.3700","22.7700"
"832","COM","2017","123.6400","56.2800","22.7700"
"833","COM","2018","124.0300","55.5300","22.8900"
"834","COM","2019","124.8800","56.5700","23.1300"
"835","COM","2020","129.9200","55.2700","24.3100"
"836","COM","2021","125.6600","53.7600","23.4700"
"837","CPV","2000","114.6200","43.0600","12.0600"
"838","CPV","2001","118.0200","44.6200","12.7000"
"839","CPV","2002","122.6600","46.3100","13.4100"
"840","CPV","2003","127.8900","48.2000","14.2300"
"841","CPV","2004","134.6500","50.3100","15.1400"
"842","CPV","2005","144.2200","52.5300","16.3500"
"843","CPV","2006","143.2600","52.6000","16.5900"
"844","CPV","2007","149.1300","54.1200","17.5200"
"845","CPV","2008","158.0100","56.7500","18.7500"
"846","CPV","2009","167.6800","59.5200","20.0700"
"847","CPV","2010","169.6400","60.4300","20.6100"
"848","CPV","2011","171.7900","60.2400","20.9100"
"849","CPV","2012","171.5500","60.2500","21.1300"
"850","CPV","2013","168.4800","60.2700","21.3200"
"851","CPV","2014","169.4900","60.6700","21.8900"
"852","CPV","2015","175.1500","60.7700","22.4600"
"853","CPV","2016","181.9700","62.0200","23.9400"
"854","CPV","2017","184.7200","62.7900","24.2400"
"855","CPV","2018","214.4300","69.9700","27.5100"
"856","CPV","2019","211.0800","70.1200","27.3500"
"857","CPV","2020","210.5300","71.0900","27.3000"
"858","CPV","2021","203.3300","73.3300","26.8900"
"859","CRI","2000","118.1100","76.6600","8.6500"
"860","CRI","2001","119.3600","83.2900","9.4500"
"861","CRI","2002","110.7200","78.1400","8.2600"
"862","CRI","2003","106.2600","81.7000","13.7700"
"863","CRI","2004","111.7400","84.5900","13.2000"
"864","CRI","2005","104.4100","78.6200","10.3800"
"865","CRI","2006","111.0500","82.9200","9.0500"
"866","CRI","2007","105.7000","77.6000","8.0300"
"867","CRI","2008","105.0300","79.2400","9.0400"
"868","CRI","2009","105.9700","80.7200","8.7800"
"869","CRI","2010","120.1200","92.2200","9.2000"
"870","CRI","2011","115.7100","90.1300","8.0300"
"871","CRI","2012","120.3000","91.2000","7.7100"
"872","CRI","2013","117.0700","95.4600","8.4400"
"873","CRI","2014","123.4200","95.9400","8.5900"
"874","CRI","2015","116.1700","96.1200","12.2900"
"875","CRI","2016","118.1800","99.6000","14.8300"
"876","CRI","2017","120.4700","102.4800","17.3200"
"877","CRI","2018","125.3700","106.0600","16.1200"
"878","CRI","2019","120.7000","104.1600","23.1000"
"879","CRI","2020","112.5800","109.6500","30.3300"
"880","CRI","2021","120.2300","107.3200","19.8600"
"881","CUB","2000","280.0500","148.9500","9.6100"
"882","CUB","2001","286.5900","152.5400","8.7700"
"883","CUB","2002","263.3200","157.9600","7.6600"
"884","CUB","2003","277.4100","165.0900","8.9800"
"885","CUB","2004","283.7500","168.8700","10.2300"
"886","CUB","2005","300.3300","172.1000","11.1000"
"887","CUB","2006","283.1000","177.3000","11.4700"
"888","CUB","2007","282.7400","183.1600","11.7100"
"889","CUB","2008","301.4400","190.6800","11.9300"
"890","CUB","2009","297.9500","191.1400","13.4600"
"891","CUB","2010","317.8600","199.1900","14.7900"
"892","CUB","2011","291.4700","194.8800","12.2700"
"893","CUB","2012","296.0300","202.0500","11.6800"
"894","CUB","2013","301.6300","204.8400","11.8400"
"895","CUB","2014","315.1700","212.3300","11.1800"
"896","CUB","2015","321.4200","216.4300","11.4400"
"897","CUB","2016","319.6500","216.4100","11.2700"
"898","CUB","2017","351.6100","224.8500","11.6300"
"899","CUB","2018","340.7800","223.0800","11.4200"
"900","CUB","2019","352.3100","226.4200","11.3200"
"901","CUB","2020","387.6100","235.3300","13.7100"
"902","CUB","2021","442.4100","240.8700","14.4300"
"903","CYP","2000","249.4500","125.3400","39.8700"
"904","CYP","2001","250.0100","126.4100","39.7900"
"905","CYP","2002","245.9300","126.0500","39.2800"
"906","CYP","2003","243.1500","125.3800","38.9800"
"907","CYP","2004","239.7100","125.1000","40.5300"
"908","CYP","2005","235.8200","118.6500","37.3200"
"909","CYP","2006","230.7700","122.7200","35.9100"
"910","CYP","2007","218.6100","122.9300","34.0800"
"911","CYP","2008","211.6700","123.0700","32.7900"
"912","CYP","2009","204.4000","129.7500","30.6500"
"913","CYP","2010","205.9100","126.3400","31.3000"
"914","CYP","2011","208.2200","126.4000","35.2000"
"915","CYP","2012","197.8500","130.4100","33.6100"
"916","CYP","2013","186.2700","131.7000","35.1400"
"917","CYP","2014","194.5800","133.3600","36.1800"
"918","CYP","2015","199.4100","134.7000","32.8000"
"919","CYP","2016","198.5700","143.1300","30.2200"
"920","CYP","2017","192.9500","143.2400","30.2000"
"921","CYP","2018","181.9000","147.8800","31.4000"
"922","CYP","2019","174.0200","145.4500","32.4700"
"923","CYP","2020","184.6400","155.2100","35.9600"
"924","CYP","2021","171.8400","149.2400","41.4700"
"925","CZE","2000","548.5900","277.5200","12.2300"
"926","CZE","2001","547.9600","276.9400","10.4900"
"927","CZE","2002","548.8400","282.9000","11.1800"
"928","CZE","2003","556.3700","287.4200","12.6500"
"929","CZE","2004","526.5100","287.3500","11.9000"
"930","CZE","2005","529.5900","276.2600","12.4500"
"931","CZE","2006","504.9900","274.4500","13.1300"
"932","CZE","2007","505.9500","269.2500","21.9600"
"933","CZE","2008","502.2300","270.0400","17.8800"
"934","CZE","2009","517.8400","270.4700","17.7300"
"935","CZE","2010","510.4700","271.4600","17.5100"
"936","CZE","2011","500.0000","262.5300","21.3900"
"937","CZE","2012","502.6100","264.0000","20.2700"
"938","CZE","2013","492.8800","261.4200","34.2500"
"939","CZE","2014","463.0900","260.7600","32.0100"
"940","CZE","2015","486.3900","259.2400","34.1700"
"941","CZE","2016","452.9100","263.0400","34.4800"
"942","CZE","2017","467.6500","262.9600","33.9900"
"943","CZE","2018","460.4300","266.1900","39.0900"
"944","CZE","2019","445.3000","270.2200","38.8700"
"945","CZE","2020","478.0800","271.3500","45.9200"
"946","CZE","2021","455.5500","262.9500","46.9100"
"947","DEU","2000","470.6700","264.0700","22.6200"
"948","DEU","2001","465.1600","259.7600","23.1100"
"949","DEU","2002","467.2100","262.3200","24.8800"
"950","DEU","2003","470.2400","261.5600","25.1000"
"951","DEU","2004","438.8800","261.6100","24.6500"
"952","DEU","2005","437.1100","264.1000","25.1800"
"953","DEU","2006","427.5600","264.3500","22.8000"
"954","DEU","2007","427.0100","265.2300","22.1600"
"955","DEU","2008","425.7200","271.0400","22.5200"
"956","DEU","2009","424.8400","271.2500","22.9600"
"957","DEU","2010","419.8100","274.6600","23.0800"
"958","DEU","2011","406.1000","277.2500","23.1500"
"959","DEU","2012","413.8300","277.0100","23.3600"
"960","DEU","2013","433.3900","285.9500","23.9300"
"961","DEU","2014","412.5000","285.7500","22.0000"
"962","DEU","2015","432.7800","287.7600","23.4900"
"963","DEU","2016","412.1000","293.4300","22.3700"
"964","DEU","2017","417.3900","287.8700","24.1300"
"965","DEU","2018","420.3500","291.5700","24.1400"
"966","DEU","2019","409.2300","295.4900","23.2300"
"967","DEU","2020","418.6000","294.1400","24.9200"
"968","DEU","2021","423.2000","291.9400","25.1800"
"969","DJI","2000","110.0900","48.6400","15.5500"
"970","DJI","2001","110.1600","47.8500","15.9600"
"971","DJI","2002","117.0400","47.9600","17.4400"
"972","DJI","2003","119.6400","47.4900","18.3200"
"973","DJI","2004","123.3400","49.4200","19.2400"
"974","DJI","2005","121.4700","50.1600","19.2400"
"975","DJI","2006","120.1400","50.1200","19.2700"
"976","DJI","2007","122.2200","51.0700","19.8300"
"977","DJI","2008","118.7700","51.5300","19.4200"
"978","DJI","2009","120.5800","51.3200","19.9500"
"979","DJI","2010","116.9400","52.5800","19.5100"
"980","DJI","2011","122.1400","53.1200","20.4900"
"981","DJI","2012","125.3900","53.7800","21.1700"
"982","DJI","2013","129.2000","54.0500","22.0100"
"983","DJI","2014","136.9300","53.8300","23.6400"
"984","DJI","2015","139.0700","54.8500","23.9900"
"985","DJI","2016","143.2800","55.6200","24.9100"
"986","DJI","2017","148.2800","56.8900","25.9500"
"987","DJI","2018","150.8300","56.9600","26.5700"
"988","DJI","2019","151.3300","58.1300","26.7600"
"989","DJI","2020","158.8800","51.0500","28.2900"
"990","DJI","2021","152.9600","52.5800","27.5000"
"991","DNK","2000","392.7200","302.2500","25.2100"
"992","DNK","2001","398.2400","300.7300","24.0900"
"993","DNK","2002","387.2900","292.3900","25.6000"
"994","DNK","2003","374.7400","290.1900","23.6100"
"995","DNK","2004","349.6300","294.6800","22.2100"
"996","DNK","2005","328.4400","291.7300","22.7300"
"997","DNK","2006","316.8800","298.6800","22.2100"
"998","DNK","2007","308.4300","296.1300","22.6700"
"999","DNK","2008","290.8600","296.5300","22.1300"
"1000","DNK","2009","286.0400","294.1900","22.8800"
"1001","DNK","2010","277.3300","298.1600","20.8400"
"1002","DNK","2011","253.5400","296.8800","22.5900"
"1003","DNK","2012","249.3900","297.5500","21.4000"
"1004","DNK","2013","242.3900","294.3300","21.6400"
"1005","DNK","2014","230.0800","293.9800","21.0500"
"1006","DNK","2015","236.1600","293.4600","21.7800"
"1007","DNK","2016","231.4700","293.0700","21.7600"
"1008","DNK","2017","227.6000","290.3400","20.8500"
"1009","DNK","2018","227.3200","293.0400","21.5700"
"1010","DNK","2019","210.7500","299.2000","20.3200"
"1011","DNK","2020","209.8900","294.8200","19.3100"
"1012","DNK","2021","216.9400","309.7700","20.2100"
"1013","DOM","2000","117.2100","67.3400","11.2800"
"1014","DOM","2001","118.1700","69.1000","11.4200"
"1015","DOM","2002","120.1000","71.6000","11.8100"
"1016","DOM","2003","124.3500","74.9800","12.2700"
"1017","DOM","2004","134.0500","78.4000","13.2900"
"1018","DOM","2005","142.9600","81.1400","14.3100"
"1019","DOM","2006","147.3300","84.0100","14.9000"
"1020","DOM","2007","147.7000","85.5200","15.0600"
"1021","DOM","2008","149.2000","86.3500","15.3200"
"1022","DOM","2009","150.8900","86.7800","15.6200"
"1023","DOM","2010","148.1300","87.0500","15.4500"
"1024","DOM","2011","150.0400","87.2100","15.7900"
"1025","DOM","2012","160.8600","90.4300","17.1000"
"1026","DOM","2013","171.3800","94.7800","18.4100"
"1027","DOM","2014","174.0200","96.0600","19.1100"
"1028","DOM","2015","179.5300","97.3700","19.9100"
"1029","DOM","2016","182.2900","99.1900","20.5700"
"1030","DOM","2017","186.3000","101.5000","21.4500"
"1031","DOM","2018","188.1500","102.9500","21.9500"
"1032","DOM","2019","186.6500","102.3900","22.0100"
"1033","DOM","2020","203.5100","103.4700","23.6000"
"1034","DOM","2021","187.1900","102.0900","22.1200"
"1035","DZA","2000","162.0400","73.6100","4.5900"
"1036","DZA","2001","162.8600","74.2600","4.7100"
"1037","DZA","2002","162.8400","75.6700","4.9900"
"1038","DZA","2003","163.7400","77.2600","5.2800"
"1039","DZA","2004","163.6900","78.8500","5.5700"
"1040","DZA","2005","163.1700","80.4700","5.8400"
"1041","DZA","2006","163.4800","81.6700","6.1100"
"1042","DZA","2007","163.5100","82.9400","6.3400"
"1043","DZA","2008","164.3100","84.2700","6.5900"
"1044","DZA","2009","164.3400","85.6500","6.8200"
"1045","DZA","2010","167.5300","86.3100","7.1200"
"1046","DZA","2011","169.8900","87.3400","7.4100"
"1047","DZA","2012","169.1900","88.2400","7.5700"
"1048","DZA","2013","171.6300","89.1500","7.8700"
"1049","DZA","2014","174.0200","89.9400","8.1100"
"1050","DZA","2015","177.4500","91.0000","8.4100"
"1051","DZA","2016","178.1400","92.1000","8.6100"
"1052","DZA","2017","181.1800","93.7100","8.9100"
"1053","DZA","2018","187.7600","95.4400","9.3900"
"1054","DZA","2019","192.8000","97.4400","9.8200"
"1055","DZA","2020","202.3500","89.5200","10.3100"
"1056","DZA","2021","210.4800","72.2700","10.9900"
"1057","ECU","2000","118.4300","71.4700","17.1900"
"1058","ECU","2001","116.8300","72.2500","16.3600"
"1059","ECU","2002","122.6200","72.1800","15.2900"
"1060","ECU","2003","117.5500","72.1700","15.4000"
"1061","ECU","2004","112.7800","75.8900","17.0200"
"1062","ECU","2005","119.2500","80.2900","17.3200"
"1063","ECU","2006","121.3500","82.0800","17.7600"
"1064","ECU","2007","118.9000","81.4500","18.6100"
"1065","ECU","2008","120.6500","82.9000","19.1800"
"1066","ECU","2009","114.8400","81.9100","22.1700"
"1067","ECU","2010","112.6000","83.8400","22.0300"
"1068","ECU","2011","113.1600","82.9700","24.1300"
"1069","ECU","2012","114.4800","84.5200","24.1000"
"1070","ECU","2013","114.7800","80.1800","23.7300"
"1071","ECU","2014","116.0500","79.4900","21.9500"
"1072","ECU","2015","118.6000","80.6400","22.2100"
"1073","ECU","2016","125.7800","81.4000","23.2000"
"1074","ECU","2017","131.8800","81.8400","22.6800"
"1075","ECU","2018","133.1700","82.9200","21.2700"
"1076","ECU","2019","132.3300","84.3600","21.4200"
"1077","ECU","2020","178.7100","80.2100","29.6000"
"1078","ECU","2021","174.4200","79.4600","23.6900"
"1079","EGY","2000","219.8500","65.1400","11.7600"
"1080","EGY","2001","233.8700","69.0100","12.8400"
"1081","EGY","2002","240.4600","70.8400","14.0100"
"1082","EGY","2003","249.2900","73.7500","15.5200"
"1083","EGY","2004","243.4300","74.8000","16.3400"
"1084","EGY","2005","238.5000","75.4000","16.9600"
"1085","EGY","2006","240.1900","76.9700","17.8600"
"1086","EGY","2007","239.8400","77.3400","18.3300"
"1087","EGY","2008","243.4000","78.2500","19.1700"
"1088","EGY","2009","246.8500","79.7500","20.1100"
"1089","EGY","2010","248.8200","80.5700","20.8900"
"1090","EGY","2011","244.7900","80.2400","21.1100"
"1091","EGY","2012","259.7200","82.1300","22.7500"
"1092","EGY","2013","245.5500","77.8600","21.4800"
"1093","EGY","2014","249.6200","79.6000","22.5800"
"1094","EGY","2015","265.5400","84.3400","24.8300"
"1095","EGY","2016","249.9200","82.5500","24.1900"
"1096","EGY","2017","241.7600","80.0400","23.4500"
"1097","EGY","2018","246.4000","80.8100","23.8800"
"1098","EGY","2019","248.7400","80.6400","23.8300"
"1099","EGY","2020","236.6500","80.2100","23.5400"
"1100","EGY","2021","232.9900","82.5400","23.4900"
"1101","ERI","2000","179.3000","47.9500","27.4100"
"1102","ERI","2001","170.9000","47.7700","26.7200"
"1103","ERI","2002","168.4600","48.3100","26.9800"
"1104","ERI","2003","159.2800","48.3200","25.9700"
"1105","ERI","2004","160.1800","48.7100","26.5100"
"1106","ERI","2005","160.7700","48.4600","26.8300"
"1107","ERI","2006","161.6800","48.2800","27.1300"
"1108","ERI","2007","160.1200","48.0800","26.9600"
"1109","ERI","2008","162.9900","48.1600","27.5300"
"1110","ERI","2009","165.5700","48.2100","28.0300"
"1111","ERI","2010","166.0800","48.2600","28.1200"
"1112","ERI","2011","164.4500","48.2500","27.9300"
"1113","ERI","2012","163.6600","48.4500","27.8100"
"1114","ERI","2013","165.8300","48.8100","28.2700"
"1115","ERI","2014","164.9300","49.0700","28.4200"
"1116","ERI","2015","167.7700","49.4700","28.7900"
"1117","ERI","2016","167.7700","49.8500","28.9800"
"1118","ERI","2017","170.4300","50.3100","29.4500"
"1119","ERI","2018","172.3200","50.9500","29.9300"
"1120","ERI","2019","172.8900","51.4200","30.0900"
"1121","ERI","2020","176.7500","51.8700","30.9300"
"1122","ERI","2021","177.6900","47.0800","31.2300"
"1123","ESP","2000","311.1400","234.6000","20.0000"
"1124","ESP","2001","306.9900","239.5500","20.5500"
"1125","ESP","2002","306.7400","236.8000","20.6500"
"1126","ESP","2003","310.8300","237.7500","20.9700"
"1127","ESP","2004","289.0900","234.3200","20.1300"
"1128","ESP","2005","290.3300","229.6200","20.4400"
"1129","ESP","2006","271.7100","229.7400","18.6800"
"1130","ESP","2007","275.5100","230.3300","19.2600"
"1131","ESP","2008","269.3000","228.7100","18.9700"
"1132","ESP","2009","261.2500","228.8300","18.2300"
"1133","ESP","2010","259.2600","232.6800","17.6200"
"1134","ESP","2011","257.2500","237.3700","17.8100"
"1135","ESP","2012","259.7400","236.6000","17.2500"
"1136","ESP","2013","250.3000","236.7500","15.9600"
"1137","ESP","2014","250.4200","235.2300","16.3900"
"1138","ESP","2015","265.6700","238.2100","17.3100"
"1139","ESP","2016","255.1900","240.1200","15.8400"
"1140","ESP","2017","261.0800","241.4600","16.7700"
"1141","ESP","2018","257.6000","239.9400","17.0900"
"1142","ESP","2019","246.5300","238.9600","16.4700"
"1143","ESP","2020","251.2900","235.6300","19.1100"
"1144","ESP","2021","249.1600","237.0700","18.1700"
"1145","EST","2000","759.5400","248.7200","6.7900"
"1146","EST","2001","753.3300","244.3300","8.6900"
"1147","EST","2002","762.1200","256.3400","7.3300"
"1148","EST","2003","761.6800","251.4400","9.2800"
"1149","EST","2004","719.0300","261.0700","17.2600"
"1150","EST","2005","710.8700","263.6300","13.3900"
"1151","EST","2006","711.0600","269.5200","14.1400"
"1152","EST","2007","705.6700","270.9900","14.9000"
"1153","EST","2008","690.3100","268.9100","12.6700"
"1154","EST","2009","669.2100","268.6200","11.1500"
"1155","EST","2010","668.1400","271.4200","7.4900"
"1156","EST","2011","625.4800","278.4300","7.8900"
"1157","EST","2012","639.4300","280.4900","6.3900"
"1158","EST","2013","638.5500","284.0200","7.2700"
"1159","EST","2014","637.2900","295.0900","7.6300"
"1160","EST","2015","618.5900","298.1300","7.2500"
"1161","EST","2016","623.8700","293.5900","10.1800"
"1162","EST","2017","618.6600","294.9600","11.0400"
"1163","EST","2018","610.5800","300.4100","12.8600"
"1164","EST","2019","584.0700","291.7300","13.7900"
"1165","EST","2020","584.2100","279.1400","18.5800"
"1166","EST","2021","632.7800","282.4600","20.6500"
"1167","ETH","2000","80.9800","67.3900","16.4800"
"1168","ETH","2001","78.2200","65.3500","15.8700"
"1169","ETH","2002","76.1000","62.9500","15.4500"
"1170","ETH","2003","74.0400","60.8600","15.0100"
"1171","ETH","2004","72.3400","59.1500","14.6000"
"1172","ETH","2005","70.0300","57.7900","14.0900"
"1173","ETH","2006","67.6900","56.2100","13.5800"
"1174","ETH","2007","65.7300","54.7100","13.1000"
"1175","ETH","2008","64.6900","53.2700","12.7900"
"1176","ETH","2009","63.4100","51.9900","12.4900"
"1177","ETH","2010","62.5600","51.0700","12.3100"
"1178","ETH","2011","61.8800","50.3300","11.9900"
"1179","ETH","2012","60.5700","49.5100","11.6600"
"1180","ETH","2013","58.1100","49.1200","11.1400"
"1181","ETH","2014","57.2800","49.3000","11.1100"
"1182","ETH","2015","59.2100","49.7300","11.7800"
"1183","ETH","2016","59.7100","50.1700","11.9900"
"1184","ETH","2017","60.4100","51.0300","12.1000"
"1185","ETH","2018","62.0200","51.7900","12.5200"
"1186","ETH","2019","63.1600","52.5500","12.9100"
"1187","ETH","2020","67.9400","45.7800","14.0100"
"1188","ETH","2021","67.7700","44.0900","13.9900"
"1189","FIN","2000","417.0600","199.9800","9.5600"
"1190","FIN","2001","405.0100","201.8400","8.6000"
"1191","FIN","2002","415.7100","200.8900","9.0000"
"1192","FIN","2003","406.7400","204.2100","8.6700"
"1193","FIN","2004","385.2600","204.8100","8.8400"
"1194","FIN","2005","384.9200","206.4100","8.2600"
"1195","FIN","2006","389.5600","209.6500","7.4300"
"1196","FIN","2007","395.8400","210.4000","8.2000"
"1197","FIN","2008","394.7300","212.0100","8.2800"
"1198","FIN","2009","397.9500","212.7200","6.5600"
"1199","FIN","2010","404.2200","223.9600","6.8500"
"1200","FIN","2011","395.6400","222.5600","6.8900"
"1201","FIN","2012","403.6600","226.7800","7.1200"
"1202","FIN","2013","393.3700","231.4600","7.1200"
"1203","FIN","2014","398.0300","233.2400","7.1700"
"1204","FIN","2015","394.7500","237.4100","6.9800"
"1205","FIN","2016","401.4400","242.9900","8.1500"
"1206","FIN","2017","390.5300","245.1100","8.6400"
"1207","FIN","2018","391.2900","246.2800","8.2600"
"1208","FIN","2019","378.9900","252.8000","9.0100"
"1209","FIN","2020","385.9400","255.7200","10.2500"
"1210","FIN","2021","397.4500","261.3600","10.3200"
"1211","FJI","2000","249.2700","58.8700","119.0900"
"1212","FJI","2001","243.5800","57.5500","118.5400"
"1213","FJI","2002","239.2200","57.5900","120.1400"
"1214","FJI","2003","240.6400","59.7700","129.0800"
"1215","FJI","2004","231.5400","59.7700","129.1700"
"1216","FJI","2005","236.2600","61.9100","134.0200"
"1217","FJI","2006","241.6800","64.5100","137.2000"
"1218","FJI","2007","246.2500","66.8700","144.1100"
"1219","FJI","2008","251.9500","69.1000","150.5300"
"1220","FJI","2009","253.2100","70.1200","151.5200"
"1221","FJI","2010","256.0100","71.9700","154.9800"
"1222","FJI","2011","258.4100","74.1600","158.2000"
"1223","FJI","2012","261.0300","75.6000","159.8600"
"1224","FJI","2013","265.0300","76.9400","162.0100"
"1225","FJI","2014","267.6500","78.3600","163.8800"
"1226","FJI","2015","268.8300","79.8400","165.4400"
"1227","FJI","2016","271.2100","81.5100","167.2400"
"1228","FJI","2017","275.7700","83.3400","169.9600"
"1229","FJI","2018","278.8400","84.8800","173.8000"
"1230","FJI","2019","281.6900","85.9200","178.7200"
"1231","FJI","2020","285.9200","86.5400","181.6500"
"1232","FJI","2021","271.8800","89.9300","177.5800"
"1233","FRA","2000","284.9600","261.7100","17.5400"
"1234","FRA","2001","282.3300","263.6800","17.9100"
"1235","FRA","2002","277.0300","265.3300","17.9800"
"1236","FRA","2003","279.0500","265.6300","18.9200"
"1237","FRA","2004","253.1800","260.6700","17.0800"
"1238","FRA","2005","256.3800","264.0900","17.6000"
"1239","FRA","2006","246.8100","261.4200","16.8500"
"1240","FRA","2007","245.7000","261.6400","16.7900"
"1241","FRA","2008","247.6800","264.4700","16.9800"
"1242","FRA","2009","244.3200","266.9200","16.8700"
"1243","FRA","2010","243.8800","269.0400","16.2000"
"1244","FRA","2011","236.1700","268.6500","16.3700"
"1245","FRA","2012","242.6400","272.7100","16.9100"
"1246","FRA","2013","240.8100","272.8800","16.8700"
"1247","FRA","2014","233.0900","273.8600","16.0500"
"1248","FRA","2015","229.8900","269.4500","16.5500"
"1249","FRA","2016","226.7200","271.8600","16.0400"
"1250","FRA","2017","241.6100","281.9500","17.0200"
"1251","FRA","2018","230.3700","269.3000","15.6100"
"1252","FRA","2019","224.5000","271.8500","15.6400"
"1253","FRA","2020","223.8400","278.0300","17.1500"
"1254","FRA","2021","232.0000","278.4900","17.6800"
"1255","FSM","2000","243.3700","61.9200","48.5000"
"1256","FSM","2001","243.7700","62.6700","50.6600"
"1257","FSM","2002","244.2900","63.7400","52.6600"
"1258","FSM","2003","246.8400","64.6400","54.8300"
"1259","FSM","2004","252.5100","65.9200","57.1700"
"1260","FSM","2005","258.3800","67.5100","59.1100"
"1261","FSM","2006","259.7100","68.7500","59.5200"
"1262","FSM","2007","260.1300","69.8600","59.0600"
"1263","FSM","2008","261.1900","70.8700","58.6900"
"1264","FSM","2009","262.2800","71.6100","58.5600"
"1265","FSM","2010","265.0600","73.0700","58.9400"
"1266","FSM","2011","271.7200","74.7800","60.2900"
"1267","FSM","2012","277.8500","76.6700","61.8600"
"1268","FSM","2013","283.0100","78.6400","63.5000"
"1269","FSM","2014","282.5200","80.8400","64.3300"
"1270","FSM","2015","295.5700","83.4200","67.9200"
"1271","FSM","2016","299.2100","85.6200","69.6800"
"1272","FSM","2017","306.2400","87.6300","72.0900"
"1273","FSM","2018","315.3700","89.5900","74.8700"
"1274","FSM","2019","323.7100","91.9000","77.3900"
"1275","FSM","2020","342.7200","99.6800","82.6400"
"1276","FSM","2021","348.4000","100.9600","84.7100"
"1277","GAB","2000","189.3000","64.8800","34.5500"
"1278","GAB","2001","181.2200","65.0000","33.6500"
"1279","GAB","2002","162.1400","63.7900","30.7800"
"1280","GAB","2003","156.7800","63.6400","30.3300"
"1281","GAB","2004","154.0000","63.1600","30.3900"
"1282","GAB","2005","169.7800","61.5300","33.9800"
"1283","GAB","2006","169.3200","60.7800","34.4500"
"1284","GAB","2007","154.8900","59.9200","31.7600"
"1285","GAB","2008","154.6900","59.6800","31.9900"
"1286","GAB","2009","157.5300","58.7200","33.1900"
"1287","GAB","2010","153.8200","57.0800","32.8500"
"1288","GAB","2011","151.9500","56.4700","32.8800"
"1289","GAB","2012","144.3900","55.8200","31.6600"
"1290","GAB","2013","143.9300","55.2600","31.9600"
"1291","GAB","2014","151.9400","55.6000","34.8300"
"1292","GAB","2015","150.9600","56.2200","34.7500"
"1293","GAB","2016","146.5900","56.3700","34.0500"
"1294","GAB","2017","142.2900","56.8000","33.5200"
"1295","GAB","2018","141.4900","57.1400","33.5500"
"1296","GAB","2019","138.2800","57.6400","32.8600"
"1297","GAB","2020","120.0600","50.3000","28.9200"
"1298","GAB","2021","113.0700","49.1100","27.3900"
"1299","GBR","2000","397.6500","257.1300","9.8300"
"1300","GBR","2001","408.7200","264.6800","10.6000"
"1301","GBR","2002","401.6500","264.1100","10.5400"
"1302","GBR","2003","391.5700","261.4100","10.7000"
"1303","GBR","2004","362.4000","258.2000","9.9900"
"1304","GBR","2005","345.4600","256.7400","9.5900"
"1305","GBR","2006","325.9100","256.6200","9.1700"
"1306","GBR","2007","316.1200","257.1200","8.8600"
"1307","GBR","2008","309.0600","257.0900","8.8700"
"1308","GBR","2009","290.1800","253.7800","8.2700"
"1309","GBR","2010","285.0600","253.7100","8.1900"
"1310","GBR","2011","253.1100","255.0600","7.5600"
"1311","GBR","2012","257.1400","258.9000","7.5800"
"1312","GBR","2013","253.7500","257.2700","7.5200"
"1313","GBR","2014","242.5200","257.0100","7.8800"
"1314","GBR","2015","247.1100","257.2100","8.1900"
"1315","GBR","2016","236.0700","258.0800","8.3800"
"1316","GBR","2017","233.8300","256.6100","8.9200"
"1317","GBR","2018","236.9200","262.9200","9.5400"
"1318","GBR","2019","225.1600","256.8500","9.4700"
"1319","GBR","2020","233.1000","257.4100","10.8400"
"1320","GBR","2021","223.2400","259.8400","10.2900"
"1321","GEO","2000","729.0600","108.8200","19.3700"
"1322","GEO","2001","703.6300","106.2000","15.7800"
"1323","GEO","2002","810.6900","133.9300","17.7100"
"1324","GEO","2003","819.0200","134.0200","16.4400"
"1325","GEO","2004","810.5700","146.6600","20.1500"
"1326","GEO","2005","720.6500","123.1700","11.9000"
"1327","GEO","2006","750.4600","136.9600","11.1200"
"1328","GEO","2007","740.7700","128.4900","11.7800"
"1329","GEO","2008","720.4500","150.3600","18.4200"
"1330","GEO","2009","819.5300","166.1900","15.7900"
"1331","GEO","2010","830.1700","170.8900","24.6300"
"1332","GEO","2011","792.7300","195.0000","39.8900"
"1333","GEO","2012","799.1800","192.2600","42.5100"
"1334","GEO","2013","775.1100","193.1900","39.7500"
"1335","GEO","2014","792.8900","203.9100","35.9800"
"1336","GEO","2015","763.1800","223.4500","33.1400"
"1337","GEO","2016","734.3800","262.6700","24.5200"
"1338","GEO","2017","696.2500","235.3400","27.4200"
"1339","GEO","2018","695.8200","228.7500","18.2500"
"1340","GEO","2019","668.9300","233.9800","26.7400"
"1341","GEO","2020","687.2300","241.1800","26.9500"
"1342","GEO","2021","684.0000","223.4800","30.4600"
"1343","GHA","2000","121.3000","74.0000","8.9700"
"1344","GHA","2001","127.7300","71.0300","9.9400"
"1345","GHA","2002","131.0700","67.2000","10.8900"
"1346","GHA","2003","133.7400","64.0300","11.9800"
"1347","GHA","2004","134.3800","60.8400","13.0200"
"1348","GHA","2005","134.6900","58.7300","14.1300"
"1349","GHA","2006","136.1400","56.8200","15.4600"
"1350","GHA","2007","137.2300","54.9800","17.0200"
"1351","GHA","2008","139.5100","55.3400","17.4100"
"1352","GHA","2009","141.5100","55.7000","17.9300"
"1353","GHA","2010","140.1400","56.1400","18.0700"
"1354","GHA","2011","140.4400","56.9300","18.3800"
"1355","GHA","2012","138.1100","57.2400","18.3000"
"1356","GHA","2013","136.1500","57.9200","18.4200"
"1357","GHA","2014","134.4300","58.6300","18.4000"
"1358","GHA","2015","135.4900","59.0300","18.3900"
"1359","GHA","2016","134.0700","59.8200","18.4900"
"1360","GHA","2017","132.7600","60.6900","18.6600"
"1361","GHA","2018","132.1800","61.4000","18.6300"
"1362","GHA","2019","131.9900","61.8600","18.6400"
"1363","GHA","2020","135.5700","56.8500","19.3200"
"1364","GHA","2021","136.4600","53.8600","19.5000"
"1365","GIN","2000","133.3100","69.0600","14.4800"
"1366","GIN","2001","135.4800","69.3000","14.9600"
"1367","GIN","2002","138.7800","69.3900","15.6100"
"1368","GIN","2003","139.1200","69.2200","15.8700"
"1369","GIN","2004","139.6600","68.9000","16.0300"
"1370","GIN","2005","137.1200","68.3900","15.8000"
"1371","GIN","2006","140.8500","68.6900","16.3300"
"1372","GIN","2007","142.1100","68.4100","16.5500"
"1373","GIN","2008","142.5800","67.8400","16.6900"
"1374","GIN","2009","141.4200","67.1800","16.5900"
"1375","GIN","2010","145.1000","67.0400","17.1600"
"1376","GIN","2011","143.5000","66.6600","17.0600"
"1377","GIN","2012","142.0200","66.1600","16.9600"
"1378","GIN","2013","139.0000","65.8400","16.9000"
"1379","GIN","2014","138.0200","65.8000","16.8100"
"1380","GIN","2015","138.0200","65.1600","16.7100"
"1381","GIN","2016","135.5000","64.5300","16.6400"
"1382","GIN","2017","133.9400","63.3100","16.6200"
"1383","GIN","2018","131.5600","62.1700","16.4900"
"1384","GIN","2019","130.5300","60.6200","16.4900"
"1385","GIN","2020","134.2900","51.1100","17.1400"
"1386","GIN","2021","128.0700","49.2400","16.5500"
"1387","GMB","2000","155.0200","39.2800","14.4600"
"1388","GMB","2001","154.8900","38.0600","14.7000"
"1389","GMB","2002","156.1200","37.5500","15.0800"
"1390","GMB","2003","153.0300","37.9500","15.0300"
"1391","GMB","2004","149.0600","39.8400","14.8500"
"1392","GMB","2005","142.2400","39.8400","14.3600"
"1393","GMB","2006","135.2900","38.5200","13.8300"
"1394","GMB","2007","131.6400","38.1200","13.6300"
"1395","GMB","2008","130.0900","36.5200","13.6600"
"1396","GMB","2009","126.8700","36.5100","13.5000"
"1397","GMB","2010","121.2100","35.3900","13.0800"
"1398","GMB","2011","122.3100","31.9000","13.3600"
"1399","GMB","2012","121.7400","31.8100","13.3500"
"1400","GMB","2013","119.0300","32.6800","13.3800"
"1401","GMB","2014","118.5600","35.3500","13.4000"
"1402","GMB","2015","118.6600","33.9400","13.3900"
"1403","GMB","2016","116.6000","36.1100","13.3700"
"1404","GMB","2017","116.1800","38.3000","13.3700"
"1405","GMB","2018","114.5800","38.1600","13.3900"
"1406","GMB","2019","115.1000","39.4200","13.5800"
"1407","GMB","2020","117.8000","33.0900","14.0500"
"1408","GMB","2021","109.4600","35.4900","13.2500"
"1409","GNB","2000","204.4600","52.7000","20.3000"
"1410","GNB","2001","194.6600","51.6700","19.6800"
"1411","GNB","2002","182.3800","51.0400","18.6900"
"1412","GNB","2003","171.7000","50.8000","17.9100"
"1413","GNB","2004","169.1600","50.6500","17.9000"
"1414","GNB","2005","157.5400","49.6800","16.9000"
"1415","GNB","2006","154.3800","49.3200","16.7500"
"1416","GNB","2007","149.2600","49.3700","16.4100"
"1417","GNB","2008","144.5100","48.9400","16.0100"
"1418","GNB","2009","142.8700","48.7200","15.9600"
"1419","GNB","2010","138.9400","48.4700","15.6800"
"1420","GNB","2011","133.7000","48.0000","15.1700"
"1421","GNB","2012","129.8600","47.3500","14.7800"
"1422","GNB","2013","127.0100","47.5700","14.7700"
"1423","GNB","2014","127.7200","47.7400","14.9000"
"1424","GNB","2015","129.6500","47.6700","15.0200"
"1425","GNB","2016","127.3400","48.1700","14.9300"
"1426","GNB","2017","126.8200","48.5300","14.8700"
"1427","GNB","2018","122.4400","48.6900","14.5500"
"1428","GNB","2019","127.1400","48.4400","15.2000"
"1429","GNB","2020","135.7800","41.8200","16.3300"
"1430","GNB","2021","123.7900","42.8100","15.0800"
"1431","GNQ","2000","152.9600","52.5400","21.3000"
"1432","GNQ","2001","140.1200","50.9600","20.0200"
"1433","GNQ","2002","130.3000","49.3900","19.1000"
"1434","GNQ","2003","127.3100","50.1500","19.2400"
"1435","GNQ","2004","121.7200","50.7900","18.8900"
"1436","GNQ","2005","116.6900","50.7100","18.5400"
"1437","GNQ","2006","112.6600","50.8900","18.2200"
"1438","GNQ","2007","109.0800","50.3400","17.9600"
"1439","GNQ","2008","110.4300","50.6000","18.7800"
"1440","GNQ","2009","111.0000","51.5400","19.2500"
"1441","GNQ","2010","113.6600","52.7300","19.9600"
"1442","GNQ","2011","113.0700","53.2900","20.4600"
"1443","GNQ","2012","108.1600","52.7800","20.3900"
"1444","GNQ","2013","99.5300","51.3100","19.4000"
"1445","GNQ","2014","95.3900","51.2300","19.1000"
"1446","GNQ","2015","98.3000","52.6300","19.8700"
"1447","GNQ","2016","99.9800","54.6200","20.7200"
"1448","GNQ","2017","102.9100","56.0400","21.8500"
"1449","GNQ","2018","107.4100","57.4100","23.0500"
"1450","GNQ","2019","107.4600","58.7100","23.1500"
"1451","GNQ","2020","110.7000","50.7800","24.1400"
"1452","GNQ","2021","104.9900","49.6400","23.0700"
"1453","GRC","2000","483.5500","230.6500","5.0800"
"1454","GRC","2001","471.1500","234.2200","4.1600"
"1455","GRC","2002","475.0100","234.6700","4.9400"
"1456","GRC","2003","486.2600","239.2300","5.3400"
"1457","GRC","2004","472.4800","245.6000","6.4700"
"1458","GRC","2005","459.3400","250.2400","6.8700"
"1459","GRC","2006","456.8900","245.4600","8.6400"
"1460","GRC","2007","458.5100","259.1500","9.8200"
"1461","GRC","2008","444.8500","262.4300","8.0600"
"1462","GRC","2009","442.8900","264.0600","7.4500"
"1463","GRC","2010","446.6100","267.9100","7.6700"
"1464","GRC","2011","457.5700","273.8300","8.4100"
"1465","GRC","2012","481.5600","283.6600","8.5000"
"1466","GRC","2013","446.3800","287.5000","9.8300"
"1467","GRC","2014","433.5600","284.9900","9.5800"
"1468","GRC","2015","447.9300","291.9600","9.8600"
"1469","GRC","2016","429.9600","297.0300","9.6100"
"1470","GRC","2017","459.2300","296.6800","11.6900"
"1471","GRC","2018","438.9000","296.3800","12.6600"
"1472","GRC","2019","452.7000","304.5600","13.7700"
"1473","GRC","2020","465.2800","306.0100","13.9200"
"1474","GRC","2021","469.7800","304.6600","14.7100"
"1475","GRD","2000","273.4000","137.5800","62.4100"
"1476","GRD","2001","287.7200","131.8800","61.5600"
"1477","GRD","2002","308.3100","157.1700","70.9500"
"1478","GRD","2003","331.9500","178.1700","73.1500"
"1479","GRD","2004","361.3300","202.2500","80.7600"
"1480","GRD","2005","389.9800","224.9000","72.3700"
"1481","GRD","2006","384.5800","251.5200","72.6900"
"1482","GRD","2007","389.8800","251.5500","72.9000"
"1483","GRD","2008","377.1400","249.3900","81.0700"
"1484","GRD","2009","406.4500","239.0800","91.5100"
"1485","GRD","2010","392.9800","255.5100","100.4800"
"1486","GRD","2011","334.0600","212.6100","90.6900"
"1487","GRD","2012","314.9500","196.1400","81.1300"
"1488","GRD","2013","330.3400","183.9800","74.9800"
"1489","GRD","2014","332.9700","182.9200","74.7100"
"1490","GRD","2015","330.6700","194.1900","74.1800"
"1491","GRD","2016","327.1600","208.6400","73.1500"
"1492","GRD","2017","332.0900","199.2600","76.5100"
"1493","GRD","2018","317.1500","193.4300","80.4500"
"1494","GRD","2019","330.5700","191.3800","85.7500"
"1495","GRD","2020","295.1900","143.7400","63.0300"
"1496","GRD","2021","251.8300","141.2000","54.8400"
"1497","GTM","2000","69.3600","41.9900","19.6300"
"1498","GTM","2001","67.1200","41.6100","20.6600"
"1499","GTM","2002","63.4400","41.7200","22.7200"
"1500","GTM","2003","65.0200","43.0500","23.9700"
"1501","GTM","2004","65.7500","44.0700","25.0200"
"1502","GTM","2005","67.3100","45.3900","28.2000"
"1503","GTM","2006","67.6300","45.2900","29.1700"
"1504","GTM","2007","65.5900","44.1000","28.1500"
"1505","GTM","2008","65.6700","43.6800","28.3900"
"1506","GTM","2009","71.6600","46.3100","30.4600"
"1507","GTM","2010","76.0100","47.9000","31.6300"
"1508","GTM","2011","79.8200","47.2300","31.7600"
"1509","GTM","2012","81.2700","47.7400","32.3900"
"1510","GTM","2013","84.7400","48.8100","34.3700"
"1511","GTM","2014","86.6400","49.0000","36.3000"
"1512","GTM","2015","88.7500","49.9700","37.6000"
"1513","GTM","2016","89.5500","50.4900","37.8600"
"1514","GTM","2017","90.1500","50.4300","37.8000"
"1515","GTM","2018","90.6800","51.7900","39.6400"
"1516","GTM","2019","93.2600","52.5200","41.6300"
"1517","GTM","2020","93.2100","50.9500","43.2800"
"1518","GTM","2021","78.7100","52.8500","38.5700"
"1519","GUY","2000","217.9600","54.6400","39.6500"
"1520","GUY","2001","203.8400","57.0900","43.7400"
"1521","GUY","2002","214.5000","57.2300","43.9000"
"1522","GUY","2003","229.4700","56.1900","45.6600"
"1523","GUY","2004","234.6100","57.9500","45.7200"
"1524","GUY","2005","237.2700","56.5800","48.8500"
"1525","GUY","2006","239.3400","58.0100","49.5300"
"1526","GUY","2007","241.4100","59.8300","49.2400"
"1527","GUY","2008","256.0200","62.7800","47.1700"
"1528","GUY","2009","258.6700","62.5500","46.7600"
"1529","GUY","2010","261.4100","63.9500","47.3200"
"1530","GUY","2011","265.6700","64.0900","48.3100"
"1531","GUY","2012","267.6700","67.2700","48.0500"
"1532","GUY","2013","272.6100","67.6100","47.5800"
"1533","GUY","2014","270.7200","70.7900","47.3100"
"1534","GUY","2015","274.2300","71.2400","48.3800"
"1535","GUY","2016","266.8900","72.8900","47.0000"
"1536","GUY","2017","260.7200","76.0000","44.8000"
"1537","GUY","2018","239.3200","77.0900","52.7700"
"1538","GUY","2019","243.4400","81.4100","60.6500"
"1539","GUY","2020","273.9800","84.2400","58.6600"
"1540","GUY","2021","212.9100","70.7100","46.9700"
"1541","HND","2000","87.2900","47.4600","6.9700"
"1542","HND","2001","86.3500","47.7200","6.9900"
"1543","HND","2002","86.4600","48.1800","7.1500"
"1544","HND","2003","88.2600","48.6700","7.4900"
"1545","HND","2004","89.6500","49.3600","7.7700"
"1546","HND","2005","92.3900","49.5400","8.1200"
"1547","HND","2006","93.8100","49.7300","8.3600"
"1548","HND","2007","93.9800","49.6700","8.4400"
"1549","HND","2008","94.6500","49.9000","8.5600"
"1550","HND","2009","95.4800","50.3800","8.6800"
"1551","HND","2010","98.6700","51.1600","9.0100"
"1552","HND","2011","104.4500","52.6300","9.4700"
"1553","HND","2012","127.9800","54.6500","11.9100"
"1554","HND","2013","130.9900","55.4700","12.3200"
"1555","HND","2014","134.7800","56.3000","12.9500"
"1556","HND","2015","140.0600","57.1000","13.6700"
"1557","HND","2016","129.2200","58.1600","12.9000"
"1558","HND","2017","133.5700","59.3700","13.6300"
"1559","HND","2018","134.0200","59.9500","13.7600"
"1560","HND","2019","136.1500","60.7200","14.1100"
"1561","HND","2020","136.6000","56.5300","13.8900"
"1562","HND","2021","122.7500","58.9400","12.4200"
"1563","HRV","2000","586.5700","259.9400","18.0400"
"1564","HRV","2001","588.2100","263.1900","16.0200"
"1565","HRV","2002","598.2300","274.0600","18.1400"
"1566","HRV","2003","623.2400","280.8200","21.7400"
"1567","HRV","2004","562.0900","279.9900","19.8600"
"1568","HRV","2005","586.6600","288.2500","22.0500"
"1569","HRV","2006","577.0800","286.4600","22.7000"
"1570","HRV","2007","599.2300","290.4700","27.1400"
"1571","HRV","2008","594.5700","300.2700","26.6800"
"1572","HRV","2009","591.9700","306.2500","28.0600"
"1573","HRV","2010","586.7600","311.0100","29.4900"
"1574","HRV","2011","571.7100","316.4300","24.8400"
"1575","HRV","2012","579.1400","319.5900","27.8700"
"1576","HRV","2013","564.2200","322.7000","26.1400"
"1577","HRV","2014","563.4900","327.5800","28.0700"
"1578","HRV","2015","606.0900","331.6200","35.0200"
"1579","HRV","2016","549.9300","335.1000","40.1900"
"1580","HRV","2017","563.1800","330.3100","50.2200"
"1581","HRV","2018","554.8100","337.7700","61.9900"
"1582","HRV","2019","531.7700","328.4400","87.6700"
"1583","HRV","2020","554.1900","326.0500","103.0600"
"1584","HRV","2021","568.2500","331.4600","105.0700"
"1585","HTI","2000","237.9200","69.2700","42.8800"
"1586","HTI","2001","235.7800","69.8400","43.0100"
"1587","HTI","2002","235.1500","69.6700","43.1800"
"1588","HTI","2003","236.1100","70.1800","43.6700"
"1589","HTI","2004","235.0200","70.6800","43.8700"
"1590","HTI","2005","236.4800","71.3100","44.4700"
"1591","HTI","2006","233.9400","71.3100","44.0700"
"1592","HTI","2007","234.3900","71.5400","44.0600"
"1593","HTI","2008","233.5500","71.5600","43.8800"
"1594","HTI","2009","234.3700","71.6900","44.0600"
"1595","HTI","2010","231.9400","70.8000","43.9800"
"1596","HTI","2011","233.3900","72.1500","44.2600"
"1597","HTI","2012","236.4900","72.8200","44.9900"
"1598","HTI","2013","237.3900","73.3400","45.2900"
"1599","HTI","2014","237.6900","74.1500","45.5100"
"1600","HTI","2015","240.5600","74.9600","46.1500"
"1601","HTI","2016","238.9100","75.5300","45.9800"
"1602","HTI","2017","240.6200","76.1200","46.5000"
"1603","HTI","2018","245.4800","77.1200","47.8200"
"1604","HTI","2019","248.4300","78.1100","48.9800"
"1605","HTI","2020","256.5200","70.1700","50.1800"
"1606","HTI","2021","245.6400","66.6700","48.8100"
"1607","HUN","2000","694.8700","338.3000","21.7800"
"1608","HUN","2001","646.6000","325.6100","16.5600"
"1609","HUN","2002","650.4700","323.3800","21.5400"
"1610","HUN","2003","663.8000","329.1500","23.9800"
"1611","HUN","2004","646.7600","329.5200","21.7800"
"1612","HUN","2005","683.5200","301.8900","33.3100"
"1613","HUN","2006","642.1300","308.8000","28.9500"
"1614","HUN","2007","642.3900","313.2700","27.9600"
"1615","HUN","2008","626.0900","317.8800","26.4400"
"1616","HUN","2009","628.6900","322.7200","24.3200"
"1617","HUN","2010","638.9400","322.7500","23.3900"
"1618","HUN","2011","627.7600","328.3200","25.3600"
"1619","HUN","2012","642.0400","335.3500","26.2300"
"1620","HUN","2013","632.1600","331.4600","23.7900"
"1621","HUN","2014","632.5300","332.4600","23.7800"
"1622","HUN","2015","662.0000","333.7400","25.5300"
"1623","HUN","2016","636.7600","336.7900","25.9300"
"1624","HUN","2017","666.8700","336.2400","28.9600"
"1625","HUN","2018","658.4200","334.0800","28.9700"
"1626","HUN","2019","648.5300","328.4400","28.6400"
"1627","HUN","2020","672.9600","322.1800","35.0300"
"1628","HUN","2021","669.5300","311.6200","37.5900"
"1629","IDN","2000","219.6100","57.2100","15.6600"
"1630","IDN","2001","224.5900","57.9300","16.0000"
"1631","IDN","2002","231.2800","58.7500","16.3500"
"1632","IDN","2003","237.5900","59.7300","16.6600"
"1633","IDN","2004","243.6700","60.3900","16.9600"
"1634","IDN","2005","249.3700","61.6100","17.3100"
"1635","IDN","2006","253.7800","62.3800","17.6400"
"1636","IDN","2007","259.1400","63.5800","18.0900"
"1637","IDN","2008","264.6100","64.6200","18.4700"
"1638","IDN","2009","269.0400","65.6300","18.8600"
"1639","IDN","2010","273.4700","66.6700","19.2900"
"1640","IDN","2011","273.8400","67.6500","19.6500"
"1641","IDN","2012","277.9200","68.1600","20.0600"
"1642","IDN","2013","280.5800","68.8000","20.5200"
"1643","IDN","2014","283.2600","69.5800","21.0400"
"1644","IDN","2015","288.2600","70.2400","21.5000"
"1645","IDN","2016","291.2200","71.3100","22.0200"
"1646","IDN","2017","293.5800","72.4700","22.5600"
"1647","IDN","2018","297.2600","73.7300","23.0900"
"1648","IDN","2019","301.5100","75.1200","23.6700"
"1649","IDN","2020","292.4300","84.5300","23.0600"
"1650","IDN","2021","263.5400","88.1300","21.2500"
"1651","IND","2000","135.8500","43.8400","11.1500"
"1652","IND","2001","134.6100","43.9000","11.1900"
"1653","IND","2002","136.9600","43.8300","11.5300"
"1654","IND","2003","139.6500","43.9000","11.9200"
"1655","IND","2004","139.9000","43.5200","12.0900"
"1656","IND","2005","141.2900","43.8700","12.3300"
"1657","IND","2006","145.6600","44.2400","13.0100"
"1658","IND","2007","152.8500","45.2000","13.9200"
"1659","IND","2008","157.1200","45.8500","14.6100"
"1660","IND","2009","157.7300","45.9400","14.7800"
"1661","IND","2010","162.0300","47.0300","15.3600"
"1662","IND","2011","168.0000","48.0000","16.1100"
"1663","IND","2012","173.6600","48.8900","16.8400"
"1664","IND","2013","180.5300","50.4200","17.8200"
"1665","IND","2014","188.2000","51.7600","18.9800"
"1666","IND","2015","189.3400","53.7000","19.7300"
"1667","IND","2016","193.5900","55.1600","20.3100"
"1668","IND","2017","196.8900","57.1100","21.1900"
"1669","IND","2018","203.3100","59.1300","22.4100"
"1670","IND","2019","208.0400","60.4200","23.6400"
"1671","IND","2020","210.4900","59.0200","24.1500"
"1672","IND","2021","203.3500","72.1100","23.8600"
"1673","IRL","2000","329.4000","203.1000","9.4700"
"1674","IRL","2001","303.7000","198.9900","8.9800"
"1675","IRL","2002","292.8300","192.4500","9.2300"
"1676","IRL","2003","272.2900","191.7300","9.0700"
"1677","IRL","2004","256.7100","193.2500","9.6900"
"1678","IRL","2005","237.3000","186.0800","9.6300"
"1679","IRL","2006","228.5900","188.5700","10.5700"
"1680","IRL","2007","225.2700","182.3900","9.9000"
"1681","IRL","2008","221.0100","185.8600","9.1100"
"1682","IRL","2009","213.9900","188.7300","8.8000"
"1683","IRL","2010","201.0100","177.5200","8.9700"
"1684","IRL","2011","202.6000","192.3700","8.4800"
"1685","IRL","2012","206.6000","189.2000","9.4500"
"1686","IRL","2013","205.9600","192.3100","9.9900"
"1687","IRL","2014","189.8600","197.1100","8.1900"
"1688","IRL","2015","200.2300","192.5800","8.7000"
"1689","IRL","2016","186.4100","192.8100","8.4800"
"1690","IRL","2017","179.7500","195.0500","9.1500"
"1691","IRL","2018","184.3500","192.6600","8.4800"
"1692","IRL","2019","180.6900","198.9000","8.3700"
"1693","IRL","2020","177.1000","202.8600","10.1200"
"1694","IRL","2021","172.6300","193.7000","9.0400"
"1695","IRN","2000","142.5900","63.3500","5.7100"
"1696","IRN","2001","142.6900","64.0000","5.7900"
"1697","IRN","2002","143.5300","65.1700","6.0500"
"1698","IRN","2003","142.2000","66.4000","6.3400"
"1699","IRN","2004","142.2900","68.8800","6.9700"
"1700","IRN","2005","140.6600","71.3400","7.4100"
"1701","IRN","2006","139.8100","74.0900","7.8600"
"1702","IRN","2007","140.5400","76.3600","8.2600"
"1703","IRN","2008","138.3900","78.6700","8.4800"
"1704","IRN","2009","137.0000","81.1800","8.7200"
"1705","IRN","2010","135.3800","83.5300","8.9500"
"1706","IRN","2011","134.5800","86.1900","9.1400"
"1707","IRN","2012","134.5300","89.4500","9.5700"
"1708","IRN","2013","138.3900","93.3400","10.5900"
"1709","IRN","2014","142.3600","97.5000","11.5700"
"1710","IRN","2015","145.4100","101.4600","12.4100"
"1711","IRN","2016","148.9000","104.0900","13.0800"
"1712","IRN","2017","152.2000","106.4700","13.4500"
"1713","IRN","2018","153.9000","108.8900","13.8200"
"1714","IRN","2019","158.8200","112.2600","14.4100"
"1715","IRN","2020","154.8700","129.9400","13.4500"
"1716","IRN","2021","156.1600","99.4800","14.2100"
"1717","IRQ","2000","165.7100","48.3000","14.0800"
"1718","IRQ","2001","160.2600","47.8700","13.7400"
"1719","IRQ","2002","156.8500","47.9800","13.6400"
"1720","IRQ","2003","154.2200","47.9300","13.5500"
"1721","IRQ","2004","151.6200","47.8300","13.6100"
"1722","IRQ","2005","148.6900","47.5800","13.5900"
"1723","IRQ","2006","145.1800","47.2300","13.5400"
"1724","IRQ","2007","145.9400","47.4000","13.7900"
"1725","IRQ","2008","146.7000","48.3700","14.0200"
"1726","IRQ","2009","144.8700","48.6800","14.0100"
"1727","IRQ","2010","142.1700","49.6700","13.9300"
"1728","IRQ","2011","139.1200","50.5900","13.8900"
"1729","IRQ","2012","135.9800","51.3400","13.7700"
"1730","IRQ","2013","132.0800","51.9500","13.6200"
"1731","IRQ","2014","127.9000","51.9000","13.5900"
"1732","IRQ","2015","126.4700","51.6500","13.5600"
"1733","IRQ","2016","125.3800","51.7100","13.6800"
"1734","IRQ","2017","126.0600","52.1800","13.9200"
"1735","IRQ","2018","132.1300","53.5400","14.7200"
"1736","IRQ","2019","139.3100","54.8000","15.6000"
"1737","IRQ","2020","165.5500","49.8800","18.3300"
"1738","IRQ","2021","153.2300","49.6400","17.5100"
"1739","ISL","2000","257.0000","181.2900","7.7100"
"1740","ISL","2001","253.6800","177.2400","6.6700"
"1741","ISL","2002","249.8000","176.1800","6.8500"
"1742","ISL","2003","249.9300","175.0900","6.3800"
"1743","ISL","2004","238.2800","175.5300","6.6000"
"1744","ISL","2005","236.4600","171.6300","7.0600"
"1745","ISL","2006","224.1000","174.6200","7.3500"
"1746","ISL","2007","224.9000","174.4200","7.6600"
"1747","ISL","2008","220.4900","178.6900","7.4000"
"1748","ISL","2009","218.9800","178.8500","7.1000"
"1749","ISL","2010","218.9400","181.8500","6.5200"
"1750","ISL","2011","213.5900","186.7700","6.1300"
"1751","ISL","2012","210.0100","184.6400","6.9600"
"1752","ISL","2013","206.1200","189.0400","7.6300"
"1753","ISL","2014","210.5200","186.7800","7.4700"
"1754","ISL","2015","209.4800","192.7500","7.2600"
"1755","ISL","2016","204.9400","186.4700","7.8900"
"1756","ISL","2017","194.5600","181.6000","8.9900"
"1757","ISL","2018","189.3000","176.3400","8.6600"
"1758","ISL","2019","188.2900","174.0600","8.1300"
"1759","ISL","2020","182.4000","177.8400","7.8400"
"1760","ISL","2021","186.0200","177.6200","10.6600"
"1761","ISR","2000","199.3400","152.1700","35.2500"
"1762","ISR","2001","190.6900","153.6500","36.2200"
"1763","ISR","2002","188.4100","154.8100","33.3900"
"1764","ISR","2003","182.0500","154.6600","38.5300"
"1765","ISR","2004","175.3500","149.2900","33.8300"
"1766","ISR","2005","176.7200","152.6800","31.5700"
"1767","ISR","2006","167.9400","151.5500","30.4700"
"1768","ISR","2007","175.3100","152.1600","31.2800"
"1769","ISR","2008","155.3700","151.3200","31.0300"
"1770","ISR","2009","142.5500","143.9700","28.2800"
"1771","ISR","2010","142.6600","147.9500","25.8700"
"1772","ISR","2011","142.8600","143.3700","23.9500"
"1773","ISR","2012","139.1000","148.0900","24.9500"
"1774","ISR","2013","134.3800","146.1000","24.5500"
"1775","ISR","2014","131.0100","145.1900","24.3800"
"1776","ISR","2015","132.8900","145.1200","25.4500"
"1777","ISR","2016","128.6900","141.8100","22.6600"
"1778","ISR","2017","125.0600","141.5700","23.2400"
"1779","ISR","2018","118.4900","142.9600","22.6500"
"1780","ISR","2019","121.9900","143.3900","23.7400"
"1781","ISR","2020","119.5400","139.8100","24.3000"
"1782","ISR","2021","130.7000","139.9900","25.2400"
"1783","ITA","2000","417.8200","275.7000","28.9700"
"1784","ITA","2001","405.4900","282.1300","29.0800"
"1785","ITA","2002","403.6800","277.5700","28.2500"
"1786","ITA","2003","414.7900","281.1400","31.7900"
"1787","ITA","2004","378.3400","280.7100","29.1700"
"1788","ITA","2005","394.2800","279.1400","31.2500"
"1789","ITA","2006","371.6000","279.5100","30.3100"
"1790","ITA","2007","376.2000","282.4000","30.9600"
"1791","ITA","2008","375.4700","281.5600","31.1500"
"1792","ITA","2009","371.7900","283.3300","31.7900"
"1793","ITA","2010","365.1100","282.8400","31.2500"
"1794","ITA","2011","374.6300","287.7300","32.4800"
"1795","ITA","2012","384.4000","289.4400","32.8400"
"1796","ITA","2013","367.7500","285.0400","31.5400"
"1797","ITA","2014","363.3800","285.3100","30.2200"
"1798","ITA","2015","396.8400","288.3800","33.3400"
"1799","ITA","2016","366.3700","286.0400","31.3900"
"1800","ITA","2017","387.2700","289.4500","33.2100"
"1801","ITA","2018","370.1100","292.5100","32.0200"
"1802","ITA","2019","364.9000","291.8800","32.5000"
"1803","ITA","2020","388.7500","290.7900","38.7800"
"1804","ITA","2021","356.0000","296.0700","33.1300"
"1805","JAM","2000","166.4000","90.0600","68.9000"
"1806","JAM","2001","170.6100","91.3900","66.9700"
"1807","JAM","2002","166.8100","87.2200","62.4500"
"1808","JAM","2003","168.1600","83.9900","62.2300"
"1809","JAM","2004","160.0900","80.4700","63.4900"
"1810","JAM","2005","173.8500","93.0600","74.3800"
"1811","JAM","2006","133.7400","77.5000","60.1300"
"1812","JAM","2007","195.2400","110.9000","85.4900"
"1813","JAM","2008","183.8900","106.8700","76.3900"
"1814","JAM","2009","174.0700","96.2100","67.5800"
"1815","JAM","2010","157.1600","90.1900","63.8800"
"1816","JAM","2011","177.0700","97.0000","71.4200"
"1817","JAM","2012","166.6100","92.6400","62.5400"
"1818","JAM","2013","172.7000","93.6000","59.7400"
"1819","JAM","2014","206.5500","103.5700","68.5100"
"1820","JAM","2015","213.1900","108.9400","71.0100"
"1821","JAM","2016","217.0300","111.2000","72.4700"
"1822","JAM","2017","215.8000","112.2000","72.6900"
"1823","JAM","2018","217.5800","112.7400","73.6400"
"1824","JAM","2019","229.9200","118.3400","78.6200"
"1825","JAM","2020","226.6800","116.1800","77.6500"
"1826","JAM","2021","261.6000","129.1400","90.8500"
"1827","JOR","2000","109.7400","63.8100","18.7300"
"1828","JOR","2001","113.0100","64.5200","19.5100"
"1829","JOR","2002","113.1000","65.5100","19.7600"
"1830","JOR","2003","106.6600","66.1400","18.9200"
"1831","JOR","2004","108.8900","67.7400","19.7100"
"1832","JOR","2005","114.2000","69.2500","21.0200"
"1833","JOR","2006","113.1200","69.7400","20.8700"
"1834","JOR","2007","98.8300","68.2200","18.1700"
"1835","JOR","2008","91.4800","67.3900","16.6200"
"1836","JOR","2009","87.5300","67.1200","15.8900"
"1837","JOR","2010","85.4300","67.3200","15.6400"
"1838","JOR","2011","84.6600","67.8300","15.5500"
"1839","JOR","2012","84.2300","68.3300","15.4500"
"1840","JOR","2013","79.4900","65.9500","14.5900"
"1841","JOR","2014","72.0500","61.7600","13.2400"
"1842","JOR","2015","66.7900","59.3400","12.2400"
"1843","JOR","2016","66.2400","58.9300","12.2300"
"1844","JOR","2017","65.5000","58.4400","12.0900"
"1845","JOR","2018","63.9200","58.0700","11.8600"
"1846","JOR","2019","65.2500","59.2800","12.2000"
"1847","JOR","2020","75.6100","54.5200","14.2000"
"1848","JOR","2021","69.6800","59.7400","13.0200"
"1849","JPN","2000","236.8900","240.1800","4.3600"
"1850","JPN","2001","238.6700","244.4600","4.2100"
"1851","JPN","2002","240.6400","247.5200","4.3600"
"1852","JPN","2003","247.5900","251.4500","4.3800"
"1853","JPN","2004","246.6200","260.4500","4.2000"
"1854","JPN","2005","261.3800","265.3500","4.5300"
"1855","JPN","2006","257.6500","268.2900","4.5000"
"1856","JPN","2007","261.3400","274.7500","4.5800"
"1857","JPN","2008","268.9700","281.3200","4.7000"
"1858","JPN","2009","266.1100","283.5100","4.4900"
"1859","JPN","2010","278.2700","293.3800","4.5400"
"1860","JPN","2011","286.3100","298.4600","4.5600"
"1861","JPN","2012","290.7700","303.8900","4.4400"
"1862","JPN","2013","290.1300","310.1300","4.2000"
"1863","JPN","2014","289.4700","315.1600","4.1200"
"1864","JPN","2015","290.6000","320.3000","4.0200"
"1865","JPN","2016","294.1000","325.5900","4.1400"
"1866","JPN","2017","305.7400","328.0200","4.4700"
"1867","JPN","2018","310.6100","332.3000","4.6600"
"1868","JPN","2019","312.5300","339.0900","4.6000"
"1869","JPN","2020","313.7900","346.6700","4.6800"
"1870","JPN","2021","331.2700","355.5600","4.9000"
"1871","KAZ","2000","463.1200","182.6800","9.2500"
"1872","KAZ","2001","467.3200","176.6000","9.1000"
"1873","KAZ","2002","472.1700","173.4400","9.3100"
"1874","KAZ","2003","498.8700","174.0400","9.1500"
"1875","KAZ","2004","483.0800","161.2900","8.2000"
"1876","KAZ","2005","495.9400","159.6900","7.9100"
"1877","KAZ","2006","491.2700","155.7500","7.8600"
"1878","KAZ","2007","487.6500","155.3400","7.9200"
"1879","KAZ","2008","457.1100","150.9900","7.5900"
"1880","KAZ","2009","414.5800","147.0100","7.4000"
"1881","KAZ","2010","425.8800","152.6700","7.9500"
"1882","KAZ","2011","405.8300","149.1500","7.9000"
"1883","KAZ","2012","386.7300","147.2000","8.4900"
"1884","KAZ","2013","367.7400","131.3600","8.1500"
"1885","KAZ","2014","354.5600","124.3300","7.9900"
"1886","KAZ","2015","347.3900","119.8100","7.9500"
"1887","KAZ","2016","346.1200","117.3000","8.0100"
"1888","KAZ","2017","336.3300","111.7600","7.9000"
"1889","KAZ","2018","334.8900","112.6700","7.8800"
"1890","KAZ","2019","336.1600","113.5400","7.8700"
"1891","KAZ","2020","329.4500","112.1400","7.8100"
"1892","KAZ","2021","308.7300","107.5000","7.4900"
"1893","KEN","2000","39.3900","39.8000","6.4900"
"1894","KEN","2001","38.9200","39.3400","6.4800"
"1895","KEN","2002","40.5300","39.8800","6.8000"
"1896","KEN","2003","40.6100","41.0000","6.9800"
"1897","KEN","2004","42.0200","41.8800","7.1600"
"1898","KEN","2005","43.2200","41.8600","7.3200"
"1899","KEN","2006","44.7700","42.6600","7.5400"
"1900","KEN","2007","47.0600","43.7800","7.8900"
"1901","KEN","2008","49.1300","45.0900","8.1700"
"1902","KEN","2009","50.7300","46.1000","8.4500"
"1903","KEN","2010","53.1500","48.5000","8.9400"
"1904","KEN","2011","54.9400","52.1500","9.2500"
"1905","KEN","2012","52.2000","57.1300","8.5500"
"1906","KEN","2013","54.6800","57.7500","8.9800"
"1907","KEN","2014","56.9500","59.2600","9.4500"
"1908","KEN","2015","60.4700","60.1400","10.1600"
"1909","KEN","2016","60.8800","62.8300","10.2700"
"1910","KEN","2017","64.7200","65.6800","11.1100"
"1911","KEN","2018","70.9900","67.8000","12.5400"
"1912","KEN","2019","70.9000","69.2200","12.6500"
"1913","KEN","2020","69.6100","56.4000","12.8000"
"1914","KEN","2021","65.9800","54.5700","11.9200"
"1915","KGZ","2000","310.4400","77.0300","5.6500"
"1916","KGZ","2001","294.3500","72.2800","4.8800"
"1917","KGZ","2002","321.2900","75.3100","5.1900"
"1918","KGZ","2003","324.3500","75.2800","5.0500"
"1919","KGZ","2004","304.9000","70.4900","4.8000"
"1920","KGZ","2005","313.8300","69.0300","4.8400"
"1921","KGZ","2006","315.9700","68.8700","4.8300"
"1922","KGZ","2007","306.4800","66.7700","4.8300"
"1923","KGZ","2008","302.2200","67.5600","4.8300"
"1924","KGZ","2009","293.8200","67.4200","4.7300"
"1925","KGZ","2010","286.9900","67.2700","4.6600"
"1926","KGZ","2011","284.2000","68.2900","4.6600"
"1927","KGZ","2012","282.9500","68.2500","4.7200"
"1928","KGZ","2013","259.7900","65.6200","4.9600"
"1929","KGZ","2014","256.7400","67.6100","5.4100"
"1930","KGZ","2015","246.0500","67.1200","5.3200"
"1931","KGZ","2016","224.5200","65.0300","4.9900"
"1932","KGZ","2017","223.5200","65.0200","5.4800"
"1933","KGZ","2018","216.3900","67.1700","5.2300"
"1934","KGZ","2019","211.2400","67.4500","5.2000"
"1935","KGZ","2020","193.4500","67.4200","4.9300"
"1936","KGZ","2021","168.8200","64.7100","4.2500"
"1937","KHM","2000","140.0700","61.2900","12.1600"
"1938","KHM","2001","139.9400","61.5700","12.2600"
"1939","KHM","2002","135.0600","61.5200","11.9200"
"1940","KHM","2003","136.1000","61.4400","12.1700"
"1941","KHM","2004","137.9200","62.0700","12.4900"
"1942","KHM","2005","139.8400","62.9400","12.8400"
"1943","KHM","2006","140.4700","63.5000","13.0700"
"1944","KHM","2007","143.6500","64.9300","13.5600"
"1945","KHM","2008","145.8200","66.1400","13.9500"
"1946","KHM","2009","148.9200","67.6500","14.4400"
"1947","KHM","2010","153.2700","69.3000","15.0800"
"1948","KHM","2011","156.3700","71.2100","15.6900"
"1949","KHM","2012","160.7400","73.1100","16.3500"
"1950","KHM","2013","165.2600","74.8200","16.9400"
"1951","KHM","2014","169.6000","76.7500","17.7300"
"1952","KHM","2015","174.7700","78.8800","18.5300"
"1953","KHM","2016","180.4800","80.8500","19.3800"
"1954","KHM","2017","185.8400","82.7900","20.3200"
"1955","KHM","2018","191.4600","85.1100","21.2300"
"1956","KHM","2019","197.1300","87.5600","22.2200"
"1957","KHM","2020","205.1700","90.0700","23.1700"
"1958","KHM","2021","204.0300","88.9300","23.1600"
"1959","KIR","2000","218.5400","64.8600","81.8600"
"1960","KIR","2001","216.3200","64.8200","82.4200"
"1961","KIR","2002","215.5900","65.1200","83.8500"
"1962","KIR","2003","213.5200","65.5300","85.1500"
"1963","KIR","2004","214.0000","66.1000","87.0600"
"1964","KIR","2005","216.2300","66.5900","89.0300"
"1965","KIR","2006","215.6400","67.0000","88.7800"
"1966","KIR","2007","219.7100","67.5400","89.6300"
"1967","KIR","2008","222.7800","68.0600","90.2100"
"1968","KIR","2009","223.7000","68.6400","90.2600"
"1969","KIR","2010","225.2800","69.2400","90.7100"
"1970","KIR","2011","228.2100","69.8200","91.6800"
"1971","KIR","2012","227.1600","69.8000","91.2700"
"1972","KIR","2013","228.4100","69.8000","91.4200"
"1973","KIR","2014","227.6200","70.0400","91.5200"
"1974","KIR","2015","227.6300","70.5300","92.2700"
"1975","KIR","2016","228.6100","70.7900","93.6200"
"1976","KIR","2017","226.7000","71.2800","94.5600"
"1977","KIR","2018","224.3400","71.3800","94.9600"
"1978","KIR","2019","227.6800","71.9700","97.1200"
"1979","KIR","2020","237.1800","76.0500","102.6100"
"1980","KIR","2021","247.3700","85.2300","109.9400"
"1981","KOR","2000","150.7200","139.8000","22.0600"
"1982","KOR","2001","145.7400","139.2100","22.8900"
"1983","KOR","2002","149.3900","143.9300","23.3700"
"1984","KOR","2003","148.6000","146.8100","23.5200"
"1985","KOR","2004","147.4200","149.9900","22.9600"
"1986","KOR","2005","143.4000","152.8800","23.0100"
"1987","KOR","2006","142.1800","153.2300","22.3800"
"1988","KOR","2007","140.5900","155.5400","21.1600"
"1989","KOR","2008","132.2200","157.7300","18.7900"
"1990","KOR","2009","126.8400","158.7800","17.5300"
"1991","KOR","2010","129.6300","163.0900","18.2600"
"1992","KOR","2011","129.0500","160.6700","18.5700"
"1993","KOR","2012","131.4900","163.3100","19.4300"
"1994","KOR","2013","125.8900","165.0800","17.8700"
"1995","KOR","2014","125.4000","165.7900","16.8100"
"1996","KOR","2015","127.4700","164.6500","16.4300"
"1997","KOR","2016","128.0100","166.9100","14.9400"
"1998","KOR","2017","128.5200","167.9900","13.7800"
"1999","KOR","2018","132.3000","169.7100","13.1500"
"2000","KOR","2019","126.1700","173.9100","12.1200"
"2001","KOR","2020","129.4000","179.1000","13.2800"
"2002","KOR","2021","135.3900","181.4900","14.2200"
"2003","KWT","2000","68.2600","32.6500","6.9100"
"2004","KWT","2001","60.4900","28.5200","5.0900"
"2005","KWT","2002","69.4700","28.5400","5.6800"
"2006","KWT","2003","66.2200","26.9300","5.2400"
"2007","KWT","2004","68.0700","28.8400","5.8800"
"2008","KWT","2005","70.4200","31.1300","5.8900"
"2009","KWT","2006","71.6800","31.0000","5.9300"
"2010","KWT","2007","66.0900","31.5300","5.6700"
"2011","KWT","2008","75.2400","34.2400","6.3500"
"2012","KWT","2009","65.8800","32.9600","6.3300"
"2013","KWT","2010","58.3900","30.5600","5.7000"
"2014","KWT","2011","52.8900","29.3000","5.0700"
"2015","KWT","2012","56.3000","30.9600","5.2300"
"2016","KWT","2013","57.0600","30.5200","5.3800"
"2017","KWT","2014","57.5700","31.8400","5.6800"
"2018","KWT","2015","65.1700","34.5300","6.8100"
"2019","KWT","2016","62.4900","32.6100","7.6000"
"2020","KWT","2017","67.7200","34.1400","8.1000"
"2021","KWT","2018","69.6100","35.0900","8.4500"
"2022","KWT","2019","78.6900","38.3100","9.8500"
"2023","KWT","2020","100.0000","41.7000","12.0700"
"2024","KWT","2021","93.6800","46.1500","11.9200"
"2025","LAO","2000","194.7200","87.1100","15.2300"
"2026","LAO","2001","197.9800","87.6300","15.5600"
"2027","LAO","2002","197.7300","86.7900","15.6800"
"2028","LAO","2003","197.1000","86.7000","15.7400"
"2029","LAO","2004","199.2800","86.5700","16.0000"
"2030","LAO","2005","200.6700","86.4300","16.3400"
"2031","LAO","2006","195.7800","85.9400","16.3100"
"2032","LAO","2007","189.7000","85.4300","16.1400"
"2033","LAO","2008","190.0200","85.5400","16.4600"
"2034","LAO","2009","187.6000","85.3600","16.4200"
"2035","LAO","2010","187.3600","85.0500","16.5100"
"2036","LAO","2011","187.4100","85.1300","16.7200"
"2037","LAO","2012","190.5000","85.3500","17.0000"
"2038","LAO","2013","196.0400","86.1100","17.3600"
"2039","LAO","2014","203.0300","87.2300","17.9400"
"2040","LAO","2015","202.2600","87.7300","18.0200"
"2041","LAO","2016","196.7900","87.2500","17.8600"
"2042","LAO","2017","192.3200","87.3700","17.9200"
"2043","LAO","2018","191.5000","87.4800","18.1700"
"2044","LAO","2019","190.8000","88.0200","18.4900"
"2045","LAO","2020","196.7800","89.0400","18.9800"
"2046","LAO","2021","190.5900","84.8800","19.0200"
"2047","LBN","2000","141.0400","73.2300","15.3300"
"2048","LBN","2001","134.1300","75.2400","15.4600"
"2049","LBN","2002","122.8600","78.4900","16.0200"
"2050","LBN","2003","116.1800","81.8100","16.6100"
"2051","LBN","2004","112.7300","83.7100","17.1200"
"2052","LBN","2005","113.4700","86.8200","17.8700"
"2053","LBN","2006","113.8300","88.9800","18.3400"
"2054","LBN","2007","116.7900","90.9900","19.1000"
"2055","LBN","2008","119.8500","93.0600","19.7900"
"2056","LBN","2009","121.8700","94.8900","20.3100"
"2057","LBN","2010","123.6300","96.3700","20.7900"
"2058","LBN","2011","128.5900","100.1500","21.7900"
"2059","LBN","2012","131.9800","102.3100","22.4000"
"2060","LBN","2013","135.2100","104.0400","23.0800"
"2061","LBN","2014","135.5500","105.2700","23.3400"
"2062","LBN","2015","137.6000","105.9700","23.9000"
"2063","LBN","2016","138.5600","106.0300","24.3600"
"2064","LBN","2017","141.9100","105.7700","25.1500"
"2065","LBN","2018","144.5300","107.1200","25.8500"
"2066","LBN","2019","151.5700","110.2000","27.4300"
"2067","LBN","2020","161.5700","103.7100","30.0900"
"2068","LBN","2021","156.9100","114.2800","29.7000"
"2069","LBR","2000","120.2300","53.2100","12.3400"
"2070","LBR","2001","117.3600","52.1900","12.3200"
"2071","LBR","2002","123.4400","51.6200","13.2800"
"2072","LBR","2003","115.0100","51.1600","12.5900"
"2073","LBR","2004","122.7300","51.3100","13.7100"
"2074","LBR","2005","116.4500","51.2800","13.1900"
"2075","LBR","2006","117.5300","51.6400","13.6300"
"2076","LBR","2007","115.8400","52.0900","13.7600"
"2077","LBR","2008","116.2100","52.8500","14.1600"
"2078","LBR","2009","120.0800","55.1900","14.9800"
"2079","LBR","2010","123.0300","56.9000","15.7000"
"2080","LBR","2011","127.8500","57.4700","16.4200"
"2081","LBR","2012","123.8400","58.7700","16.0600"
"2082","LBR","2013","117.8800","59.3200","15.5600"
"2083","LBR","2014","110.4500","58.2800","14.8000"
"2084","LBR","2015","115.1000","57.6600","15.2500"
"2085","LBR","2016","115.6600","57.4200","15.3700"
"2086","LBR","2017","115.0200","56.7000","15.5400"
"2087","LBR","2018","113.8900","56.2800","15.3800"
"2088","LBR","2019","114.8500","56.8000","15.5500"
"2089","LBR","2020","118.2700","50.0500","16.2100"
"2090","LBR","2021","113.9500","50.7900","15.7700"
"2091","LBY","2000","125.2500","52.6300","7.3600"
"2092","LBY","2001","134.3500","54.4200","7.8900"
"2093","LBY","2002","136.9600","55.9800","8.3600"
"2094","LBY","2003","138.5700","56.3400","8.7600"
"2095","LBY","2004","133.1400","55.0100","8.7300"
"2096","LBY","2005","133.4400","54.6400","9.0600"
"2097","LBY","2006","125.7700","53.1500","8.8300"
"2098","LBY","2007","131.4600","55.2100","9.5500"
"2099","LBY","2008","136.3400","58.0500","10.3200"
"2100","LBY","2009","142.2000","59.5100","10.9400"
"2101","LBY","2010","143.1800","60.6100","11.3200"
"2102","LBY","2011","160.1300","64.6100","12.8900"
"2103","LBY","2012","152.9100","67.8600","12.8800"
"2104","LBY","2013","147.1900","68.4000","12.5200"
"2105","LBY","2014","162.2800","68.8400","13.7900"
"2106","LBY","2015","167.0300","69.9900","14.2800"
"2107","LBY","2016","173.8000","71.6900","14.8900"
"2108","LBY","2017","182.1200","73.3700","15.6400"
"2109","LBY","2018","186.9200","74.3600","16.1100"
"2110","LBY","2019","185.1800","75.2300","16.1100"
"2111","LBY","2020","186.7600","73.5800","16.2500"
"2112","LBY","2021","179.2500","75.3100","15.6000"
"2113","LCA","2000","186.8000","66.5300","66.4500"
"2114","LCA","2001","187.9700","67.3800","68.5000"
"2115","LCA","2002","188.2300","69.6300","67.6500"
"2116","LCA","2003","190.0200","68.5100","67.7100"
"2117","LCA","2004","185.2000","68.2700","67.7000"
"2118","LCA","2005","191.6100","66.1300","63.2600"
"2119","LCA","2006","188.3600","67.2900","62.1400"
"2120","LCA","2007","177.0900","66.8500","57.3900"
"2121","LCA","2008","174.8800","67.9100","56.3500"
"2122","LCA","2009","173.8800","66.8500","55.9000"
"2123","LCA","2010","169.1600","65.4600","56.3000"
"2124","LCA","2011","160.2500","66.1500","56.0600"
"2125","LCA","2012","167.5800","68.3800","52.0900"
"2126","LCA","2013","175.8000","70.4700","50.5200"
"2127","LCA","2014","171.1200","72.0800","53.0700"
"2128","LCA","2015","174.2300","73.2400","52.9900"
"2129","LCA","2016","182.8500","77.1000","55.0200"
"2130","LCA","2017","187.2300","78.9300","56.1200"
"2131","LCA","2018","190.5600","80.5500","57.2100"
"2132","LCA","2019","194.7000","81.8800","58.6400"
"2133","LCA","2020","203.8700","83.4000","61.4800"
"2134","LCA","2021","196.9900","103.7200","62.9800"
"2135","LKA","2000","246.5700","89.6000","31.8900"
"2136","LKA","2001","232.4700","85.5900","31.1100"
"2137","LKA","2002","229.8500","83.0800","32.1400"
"2138","LKA","2003","235.5000","82.6700","34.3500"
"2139","LKA","2004","234.6500","81.4400","35.3800"
"2140","LKA","2005","246.2500","82.7600","38.8000"
"2141","LKA","2006","249.0700","81.1900","41.2300"
"2142","LKA","2007","245.3700","80.4400","42.1000"
"2143","LKA","2008","248.8100","81.6900","44.0600"
"2144","LKA","2009","243.5800","84.7200","45.0800"
"2145","LKA","2010","235.3300","82.0200","44.6600"
"2146","LKA","2011","238.5600","84.7100","46.6000"
"2147","LKA","2012","234.7900","84.0900","46.9200"
"2148","LKA","2013","239.3600","85.7100","48.9600"
"2149","LKA","2014","238.2600","86.1900","49.8200"
"2150","LKA","2015","238.1900","87.1800","50.4700"
"2151","LKA","2016","233.4000","86.5300","49.9300"
"2152","LKA","2017","236.7400","87.4600","51.0100"
"2153","LKA","2018","238.4300","88.1600","51.9900"
"2154","LKA","2019","235.6600","87.6500","52.2800"
"2155","LKA","2020","180.4600","66.0200","40.3800"
"2156","LKA","2021","226.3700","79.7000","50.1400"
"2157","LSO","2000","153.2100","58.3600","29.8400"
"2158","LSO","2001","133.3500","58.3700","26.2100"
"2159","LSO","2002","144.5200","62.2300","29.0600"
"2160","LSO","2003","161.7300","70.8000","33.0900"
"2161","LSO","2004","164.1000","73.9700","33.6000"
"2162","LSO","2005","181.1400","79.3000","37.9500"
"2163","LSO","2006","195.2700","77.6000","41.2600"
"2164","LSO","2007","204.5200","76.5300","43.4100"
"2165","LSO","2008","189.0700","76.7600","40.6300"
"2166","LSO","2009","184.6400","76.4000","39.9200"
"2167","LSO","2010","226.2600","77.2200","49.4100"
"2168","LSO","2011","231.5700","77.9000","51.0600"
"2169","LSO","2012","204.5600","79.8800","45.4500"
"2170","LSO","2013","217.8400","81.5600","49.2200"
"2171","LSO","2014","240.8200","83.2900","55.1900"
"2172","LSO","2015","251.0000","84.2600","58.4400"
"2173","LSO","2016","250.6300","83.6400","59.1100"
"2174","LSO","2017","243.6400","82.8800","58.0700"
"2175","LSO","2018","245.2400","82.9900","58.8200"
"2176","LSO","2019","246.9900","83.7800","59.6400"
"2177","LSO","2020","250.9900","71.6300","61.5600"
"2178","LSO","2021","236.3900","56.3700","59.1900"
"2179","LTU","2000","614.1700","226.4700","5.9900"
"2180","LTU","2001","654.6100","231.6000","6.6100"
"2181","LTU","2002","670.5100","234.9400","7.4500"
"2182","LTU","2003","677.0400","236.3300","6.6000"
"2183","LTU","2004","691.1000","243.0700","7.7800"
"2184","LTU","2005","743.7600","250.0600","8.7500"
"2185","LTU","2006","768.2800","256.7900","8.6000"
"2186","LTU","2007","775.9700","265.1900","7.9400"
"2187","LTU","2008","762.9400","267.8500","7.5500"
"2188","LTU","2009","761.6700","267.3200","8.2200"
"2189","LTU","2010","785.8200","271.0700","7.6300"
"2190","LTU","2011","780.4100","275.5100","7.7400"
"2191","LTU","2012","792.9300","274.8000","9.2300"
"2192","LTU","2013","811.9600","273.9300","8.7900"
"2193","LTU","2014","794.7800","282.9800","8.2300"
"2194","LTU","2015","844.9100","297.4000","9.6100"
"2195","LTU","2016","838.5100","295.4000","9.4900"
"2196","LTU","2017","828.3300","292.0800","13.4600"
"2197","LTU","2018","818.6800","297.0300","17.3700"
"2198","LTU","2019","787.9800","300.1100","19.9100"
"2199","LTU","2020","873.9400","308.1800","23.1800"
"2200","LTU","2021","894.3000","287.9300","24.0300"
"2201","LUX","2000","317.0500","222.6300","9.0500"
"2202","LUX","2001","313.9400","218.5500","9.8900"
"2203","LUX","2002","315.3700","211.0800","9.6500"
"2204","LUX","2003","307.4100","207.8500","9.0900"
"2205","LUX","2004","299.4700","207.3100","8.5100"
"2206","LUX","2005","295.3900","203.8600","8.7200"
"2207","LUX","2006","286.6900","201.8400","8.7000"
"2208","LUX","2007","277.9700","202.1300","8.8000"
"2209","LUX","2008","265.6800","209.9300","7.9100"
"2210","LUX","2009","250.7900","210.0900","8.7900"
"2211","LUX","2010","241.6000","209.1700","8.7700"
"2212","LUX","2011","229.6600","206.4800","9.3600"
"2213","LUX","2012","225.3400","201.9500","9.4800"
"2214","LUX","2013","214.2000","201.9400","11.6200"
"2215","LUX","2014","207.1900","195.4700","11.9300"
"2216","LUX","2015","204.4200","193.9300","10.7900"
"2217","LUX","2016","203.1100","185.9400","9.7700"
"2218","LUX","2017","199.8400","183.1100","8.5900"
"2219","LUX","2018","190.2700","181.8000","9.3700"
"2220","LUX","2019","186.8300","181.4100","9.0100"
"2221","LUX","2020","160.7400","166.4400","8.3800"
"2222","LUX","2021","164.9600","169.2500","8.4600"
"2223","LVA","2000","810.1800","243.9900","9.2400"
"2224","LVA","2001","852.9300","255.3300","11.6100"
"2225","LVA","2002","860.5700","256.2000","10.2900"
"2226","LVA","2003","875.7300","264.4300","11.3200"
"2227","LVA","2004","889.0200","270.4400","10.1000"
"2228","LVA","2005","915.4100","279.4500","9.8800"
"2229","LVA","2006","917.4200","294.8000","12.1000"
"2230","LVA","2007","927.8400","291.0400","16.0000"
"2231","LVA","2008","874.9700","293.3400","17.7100"
"2232","LVA","2009","850.9700","300.6300","23.3500"
"2233","LVA","2010","867.1700","308.4700","24.9200"
"2234","LVA","2011","829.0400","301.8800","21.8300"
"2235","LVA","2012","861.3400","309.8900","20.7400"
"2236","LVA","2013","847.5900","306.0900","19.9100"
"2237","LVA","2014","842.4200","309.7900","22.5800"
"2238","LVA","2015","851.7900","306.7300","21.3900"
"2239","LVA","2016","846.5500","312.2500","25.3900"
"2240","LVA","2017","854.2100","320.0900","27.1900"
"2241","LVA","2018","857.8000","320.2900","28.1600"
"2242","LVA","2019","828.9800","323.6400","31.7700"
"2243","LVA","2020","862.8600","330.4900","34.4700"
"2244","LVA","2021","963.5300","319.5800","36.6200"
"2245","MAR","2000","199.2500","55.0800","6.3300"
"2246","MAR","2001","202.1400","56.1000","6.5700"
"2247","MAR","2002","203.5000","57.0500","7.0400"
"2248","MAR","2003","209.4500","58.8000","7.6200"
"2249","MAR","2004","213.7100","60.3500","8.1500"
"2250","MAR","2005","218.6400","62.1200","8.7000"
"2251","MAR","2006","223.2400","63.8800","9.2500"
"2252","MAR","2007","228.3000","66.0700","9.8100"
"2253","MAR","2008","231.5000","67.7100","10.2800"
"2254","MAR","2009","235.0000","69.4200","10.7600"
"2255","MAR","2010","238.4300","71.2800","11.2500"
"2256","MAR","2011","243.4400","73.3400","11.8000"
"2257","MAR","2012","247.8900","75.4000","12.3200"
"2258","MAR","2013","253.4200","77.5100","12.8800"
"2259","MAR","2014","259.2100","79.9100","13.4500"
"2260","MAR","2015","265.8400","82.3700","14.0800"
"2261","MAR","2016","272.4800","85.0000","14.7600"
"2262","MAR","2017","280.3600","87.4900","15.4600"
"2263","MAR","2018","289.0000","90.3300","16.2800"
"2264","MAR","2019","296.0100","92.7400","16.9600"
"2265","MAR","2020","311.1200","88.3200","17.9700"
"2266","MAR","2021","304.7100","91.9000","17.9400"
"2267","MDA","2000","839.9300","150.8600","11.4600"
"2268","MDA","2001","800.7800","154.0300","10.7000"
"2269","MDA","2002","832.1700","158.0500","10.4200"
"2270","MDA","2003","843.5600","161.4100","11.4600"
"2271","MDA","2004","798.1400","164.7400","9.7000"
"2272","MDA","2005","854.4800","169.8600","11.4100"
"2273","MDA","2006","796.2400","176.8200","11.9000"
"2274","MDA","2007","773.9500","173.7200","10.7000"
"2275","MDA","2008","747.2900","177.9100","9.6700"
"2276","MDA","2009","749.9900","180.8900","9.3000"
"2277","MDA","2010","773.0600","179.5100","10.2600"
"2278","MDA","2011","700.2800","177.3100","8.5400"
"2279","MDA","2012","690.9000","176.1500","9.5600"
"2280","MDA","2013","654.6600","176.2000","9.7200"
"2281","MDA","2014","667.8500","176.7200","10.2100"
"2282","MDA","2015","667.0900","179.7800","11.1600"
"2283","MDA","2016","628.4000","182.7500","11.1900"
"2284","MDA","2017","611.0000","179.8900","11.0400"
"2285","MDA","2018","610.9700","180.9900","11.4700"
"2286","MDA","2019","607.0100","175.8900","11.3600"
"2287","MDA","2020","627.0000","179.5900","11.5300"
"2288","MDA","2021","738.3300","189.6500","14.3400"
"2289","MDG","2000","143.6100","53.5300","11.2800"
"2290","MDG","2001","142.5600","52.5500","11.2300"
"2291","MDG","2002","145.6100","52.8400","11.5900"
"2292","MDG","2003","147.3900","52.8900","11.8200"
"2293","MDG","2004","148.8500","52.3700","12.0200"
"2294","MDG","2005","147.2200","51.4000","11.9600"
"2295","MDG","2006","146.3700","50.7200","11.9500"
"2296","MDG","2007","143.7100","50.4300","11.7800"
"2297","MDG","2008","143.1000","50.8300","11.8000"
"2298","MDG","2009","142.5100","51.3900","11.8200"
"2299","MDG","2010","143.2300","51.8600","11.9600"
"2300","MDG","2011","143.7400","52.3100","12.0600"
"2301","MDG","2012","141.3800","52.6200","11.9300"
"2302","MDG","2013","142.4900","52.9600","12.0800"
"2303","MDG","2014","145.2600","53.6900","12.3700"
"2304","MDG","2015","144.4100","54.4200","12.3200"
"2305","MDG","2016","146.3100","55.1600","12.5500"
"2306","MDG","2017","146.4700","55.8900","12.6700"
"2307","MDG","2018","148.3200","56.7500","12.8800"
"2308","MDG","2019","150.4900","57.5700","13.1300"
"2309","MDG","2020","161.0800","52.1500","14.1500"
"2310","MDG","2021","155.7900","50.7800","13.7300"
"2311","MDV","2000","155.7800","76.6000","14.2700"
"2312","MDV","2001","156.2700","77.4000","14.2700"
"2313","MDV","2002","156.7100","77.7200","14.2500"
"2314","MDV","2003","160.8500","77.7500","14.6600"
"2315","MDV","2004","160.5000","75.3700","14.6600"
"2316","MDV","2005","160.2100","75.9300","14.6200"
"2317","MDV","2006","161.2100","74.8300","14.7400"
"2318","MDV","2007","158.2600","73.5000","14.5500"
"2319","MDV","2008","154.1800","72.0100","14.2900"
"2320","MDV","2009","150.6700","70.5900","14.0400"
"2321","MDV","2010","148.4600","69.9000","13.8800"
"2322","MDV","2011","144.3500","68.6000","13.7400"
"2323","MDV","2012","134.5400","65.1500","13.0400"
"2324","MDV","2013","130.6200","62.7500","12.7700"
"2325","MDV","2014","128.4200","60.5500","12.5800"
"2326","MDV","2015","126.3300","59.6500","12.5000"
"2327","MDV","2016","125.0000","58.3600","12.2900"
"2328","MDV","2017","123.4200","58.0500","12.1200"
"2329","MDV","2018","119.2900","58.4800","11.7800"
"2330","MDV","2019","282.9500","60.5900","25.4900"
"2331","MDV","2020","277.4000","58.8200","23.7300"
"2332","MDV","2021","261.4500","54.5600","23.2100"
"2333","MEX","2000","100.0400","57.6700","38.1000"
"2334","MEX","2001","100.2900","57.7000","39.9500"
"2335","MEX","2002","103.5000","59.1800","43.7800"
"2336","MEX","2003","105.4700","59.8100","46.5600"
"2337","MEX","2004","103.6700","60.0300","48.1500"
"2338","MEX","2005","106.2800","60.9300","51.0900"
"2339","MEX","2006","104.8300","60.8800","49.7900"
"2340","MEX","2007","107.9900","60.1000","47.8300"
"2341","MEX","2008","114.7600","61.9800","50.9700"
"2342","MEX","2009","116.5700","61.6100","51.4600"
"2343","MEX","2010","123.5100","62.5800","54.8800"
"2344","MEX","2011","121.0900","62.5100","52.6300"
"2345","MEX","2012","122.6900","63.1500","54.5700"
"2346","MEX","2013","124.3100","62.3600","55.7200"
"2347","MEX","2014","131.0800","64.6800","60.7500"
"2348","MEX","2015","136.6500","65.9400","62.5300"
"2349","MEX","2016","141.9100","67.4500","66.6100"
"2350","MEX","2017","144.6800","67.9300","67.3500"
"2351","MEX","2018","149.2600","68.5600","65.2400"
"2352","MEX","2019","153.0000","70.1700","67.0100"
"2353","MEX","2020","170.2400","71.3500","80.5200"
"2354","MEX","2021","174.6100","70.1300","76.1000"
"2355","MKD","2000","527.1300","159.6400","27.0200"
"2356","MKD","2001","503.5700","157.9800","27.2300"
"2357","MKD","2002","550.9300","161.6500","27.3600"
"2358","MKD","2003","541.2300","165.6600","29.2800"
"2359","MKD","2004","534.4600","158.5900","32.9300"
"2360","MKD","2005","553.9800","164.0900","33.9400"
"2361","MKD","2006","553.3200","173.6300","35.2300"
"2362","MKD","2007","578.5900","183.1300","34.6900"
"2363","MKD","2008","549.0400","180.8300","38.1800"
"2364","MKD","2009","555.3300","186.8800","34.1000"
"2365","MKD","2010","554.2600","188.0200","35.4100"
"2366","MKD","2011","577.1800","181.9000","36.9200"
"2367","MKD","2012","587.5300","185.7400","40.5300"
"2368","MKD","2013","553.2900","185.9300","40.2300"
"2369","MKD","2014","570.1100","195.5300","44.0000"
"2370","MKD","2015","594.3300","190.1500","42.4500"
"2371","MKD","2016","545.8500","198.1800","54.1000"
"2372","MKD","2017","554.1900","187.7000","47.0000"
"2373","MKD","2018","541.2300","194.2800","46.1600"
"2374","MKD","2019","579.7600","225.5900","61.5100"
"2375","MKD","2020","520.1300","221.6700","75.4200"
"2376","MKD","2021","465.2700","205.2600","74.2400"
"2377","MLI","2000","94.9400","72.2100","13.8500"
"2378","MLI","2001","92.9500","70.6100","13.8900"
"2379","MLI","2002","90.9000","70.3000","13.8600"
"2380","MLI","2003","87.6700","68.9600","13.6600"
"2381","MLI","2004","85.3700","67.6700","13.5200"
"2382","MLI","2005","83.2500","66.5600","13.3800"
"2383","MLI","2006","82.4000","65.9500","13.4300"
"2384","MLI","2007","82.7800","65.7100","13.6100"
"2385","MLI","2008","82.5500","65.9900","13.7200"
"2386","MLI","2009","82.2700","65.5400","13.7500"
"2387","MLI","2010","80.2400","65.3500","13.5000"
"2388","MLI","2011","79.2600","64.7200","13.5200"
"2389","MLI","2012","79.2800","64.6000","13.5200"
"2390","MLI","2013","77.5400","64.7500","13.5500"
"2391","MLI","2014","77.4500","64.6000","13.4900"
"2392","MLI","2015","78.7900","64.1300","13.4800"
"2393","MLI","2016","77.0000","64.2900","13.3800"
"2394","MLI","2017","75.2500","64.0000","13.1100"
"2395","MLI","2018","73.7000","63.3700","12.9300"
"2396","MLI","2019","72.1400","62.6600","12.7100"
"2397","MLI","2020","74.9700","53.8500","13.3800"
"2398","MLI","2021","72.2300","48.6500","12.9800"
"2399","MLT","2000","353.1700","189.3000","21.9000"
"2400","MLT","2001","345.6800","191.3700","21.6300"
"2401","MLT","2002","337.4900","188.0500","21.4700"
"2402","MLT","2003","335.0500","186.8900","22.3200"
"2403","MLT","2004","340.0400","184.3100","24.1000"
"2404","MLT","2005","343.1300","190.5000","27.4100"
"2405","MLT","2006","344.8800","196.6400","27.8200"
"2406","MLT","2007","332.7000","205.6900","30.4800"
"2407","MLT","2008","322.1200","211.1600","31.1700"
"2408","MLT","2009","314.1200","216.0000","30.0300"
"2409","MLT","2010","329.2800","219.1700","21.5700"
"2410","MLT","2011","349.8300","220.4600","13.5300"
"2411","MLT","2012","349.3700","214.4100","13.1200"
"2412","MLT","2013","326.7300","214.9600","20.7200"
"2413","MLT","2014","304.0900","212.7900","29.7200"
"2414","MLT","2015","292.7100","213.4900","33.7300"
"2415","MLT","2016","283.6200","208.6700","33.9000"
"2416","MLT","2017","269.3100","210.7600","35.5800"
"2417","MLT","2018","262.1000","204.7200","35.7200"
"2418","MLT","2019","260.8700","208.7400","37.1600"
"2419","MLT","2020","247.5400","195.6900","40.8700"
"2420","MLT","2021","245.9100","201.1400","40.0900"
"2421","MMR","2000","226.3900","102.5900","29.1200"
"2422","MMR","2001","226.2000","102.1700","29.2900"
"2423","MMR","2002","228.6500","101.2000","29.8700"
"2424","MMR","2003","231.4600","100.7200","30.5500"
"2425","MMR","2004","234.9100","100.6000","31.2100"
"2426","MMR","2005","234.4000","99.6900","31.3800"
"2427","MMR","2006","235.2200","98.9400","31.7900"
"2428","MMR","2007","230.0500","97.5800","31.3700"
"2429","MMR","2008","227.7700","97.8400","31.4600"
"2430","MMR","2009","219.7100","95.8800","30.8700"
"2431","MMR","2010","216.4500","95.2500","30.9800"
"2432","MMR","2011","211.1600","95.2800","31.0200"
"2433","MMR","2012","211.7700","93.9400","31.6000"
"2434","MMR","2013","210.2100","94.5900","31.9500"
"2435","MMR","2014","210.9400","95.2100","32.8600"
"2436","MMR","2015","213.8000","96.2800","34.0100"
"2437","MMR","2016","216.0600","97.4900","34.9000"
"2438","MMR","2017","215.7000","98.6800","35.5500"
"2439","MMR","2018","222.0400","100.0300","37.2700"
"2440","MMR","2019","226.2500","101.5100","38.4700"
"2441","MMR","2020","231.5300","101.3100","39.6200"
"2442","MMR","2021","217.8700","100.9500","37.6100"
"2443","MNE","2000","495.2700","249.9800","17.2800"
"2444","MNE","2001","515.4000","257.1800","17.7500"
"2445","MNE","2002","530.9400","263.1600","18.5300"
"2446","MNE","2003","539.6200","267.0600","19.1400"
"2447","MNE","2004","542.2900","270.5500","19.5400"
"2448","MNE","2005","537.3100","271.4600","19.7200"
"2449","MNE","2006","528.9500","269.6000","19.7300"
"2450","MNE","2007","511.9700","267.6100","19.2700"
"2451","MNE","2008","508.2500","267.1900","19.2700"
"2452","MNE","2009","512.2800","265.5700","19.4500"
"2453","MNE","2010","518.5800","265.6400","19.8300"
"2454","MNE","2011","529.3300","266.5400","20.3300"
"2455","MNE","2012","537.7200","269.6100","20.7600"
"2456","MNE","2013","545.0700","272.7700","21.1300"
"2457","MNE","2014","548.2200","275.5600","21.3600"
"2458","MNE","2015","552.5900","275.8200","21.6000"
"2459","MNE","2016","557.3000","273.1400","21.8600"
"2460","MNE","2017","568.0400","273.6600","22.4000"
"2461","MNE","2018","577.5100","272.9500","23.0300"
"2462","MNE","2019","617.5600","290.8200","24.7700"
"2463","MNE","2020","674.4100","294.0700","27.2500"
"2464","MNE","2021","533.4700","263.3200","22.0000"
"2465","MNG","2000","247.5100","126.4800","3.8000"
"2466","MNG","2001","251.6100","133.5000","3.8700"
"2467","MNG","2002","251.9500","132.2800","4.0100"
"2468","MNG","2003","249.8900","137.4700","4.1900"
"2469","MNG","2004","247.4100","140.1700","4.3300"
"2470","MNG","2005","249.4200","140.1600","4.5200"
"2471","MNG","2006","245.0000","144.3700","4.5900"
"2472","MNG","2007","241.5700","138.3300","4.6900"
"2473","MNG","2008","245.6700","128.2800","4.9000"
"2474","MNG","2009","250.7600","141.5400","5.1200"
"2475","MNG","2010","255.4900","137.3500","5.3500"
"2476","MNG","2011","256.1900","131.7400","5.6600"
"2477","MNG","2012","247.4700","130.6900","5.7500"
"2478","MNG","2013","241.6300","129.9000","5.9400"
"2479","MNG","2014","231.0300","129.5000","6.0300"
"2480","MNG","2015","234.1500","128.9800","6.3800"
"2481","MNG","2016","233.1400","127.0600","6.6600"
"2482","MNG","2017","231.3200","122.4900","6.9600"
"2483","MNG","2018","223.1200","133.4700","6.9300"
"2484","MNG","2019","223.7100","132.4400","7.2800"
"2485","MNG","2020","181.4800","124.7900","5.9800"
"2486","MNG","2021","216.0700","140.6500","6.7400"
"2487","MOZ","2000","92.3700","61.0800","12.4500"
"2488","MOZ","2001","88.3300","59.8400","11.9900"
"2489","MOZ","2002","88.3300","59.4600","12.0400"
"2490","MOZ","2003","86.5600","59.4000","11.8100"
"2491","MOZ","2004","86.5000","59.9500","11.8200"
"2492","MOZ","2005","87.3700","60.9300","11.9600"
"2493","MOZ","2006","95.0700","61.9500","13.0700"
"2494","MOZ","2007","108.5600","62.7300","14.9600"
"2495","MOZ","2008","112.3600","64.0700","15.6800"
"2496","MOZ","2009","116.7000","64.8300","16.4400"
"2497","MOZ","2010","120.8200","66.0100","17.1900"
"2498","MOZ","2011","122.0900","66.3900","17.5500"
"2499","MOZ","2012","121.4100","66.7200","17.5200"
"2500","MOZ","2013","126.4900","66.8200","18.4300"
"2501","MOZ","2014","133.3700","66.9500","19.8000"
"2502","MOZ","2015","133.0800","66.7000","20.0200"
"2503","MOZ","2016","138.4700","66.3900","21.1600"
"2504","MOZ","2017","140.8500","65.9700","21.7300"
"2505","MOZ","2018","139.0300","65.3300","21.5800"
"2506","MOZ","2019","132.4800","65.4700","20.4900"
"2507","MOZ","2020","131.9400","62.3800","20.3300"
"2508","MOZ","2021","121.5600","57.5900","18.9100"
"2509","MRT","2000","106.7800","42.7500","10.0600"
"2510","MRT","2001","103.4900","42.6600","9.9700"
"2511","MRT","2002","101.9200","42.2900","10.0500"
"2512","MRT","2003","99.3400","41.4600","10.0200"
"2513","MRT","2004","100.0300","41.8100","10.2600"
"2514","MRT","2005","94.8800","41.7400","9.8900"
"2515","MRT","2006","95.4000","42.0500","10.1100"
"2516","MRT","2007","95.4500","41.0800","10.2100"
"2517","MRT","2008","96.8200","40.7900","10.4400"
"2518","MRT","2009","103.0100","42.5300","11.1600"
"2519","MRT","2010","109.0500","42.9600","11.8800"
"2520","MRT","2011","113.5100","43.4000","12.4100"
"2521","MRT","2012","124.9700","44.9200","13.6400"
"2522","MRT","2013","123.7900","44.9900","13.8200"
"2523","MRT","2014","120.5500","43.6400","13.6300"
"2524","MRT","2015","117.8900","42.8300","13.2600"
"2525","MRT","2016","115.3400","42.0700","13.3100"
"2526","MRT","2017","113.6400","42.7400","13.2800"
"2527","MRT","2018","111.3900","42.7100","13.2700"
"2528","MRT","2019","110.0100","44.1300","13.2400"
"2529","MRT","2020","112.6300","41.6800","13.7300"
"2530","MRT","2021","105.5300","44.3200","12.9600"
"2531","MUS","2000","216.3600","66.0000","100.4600"
"2532","MUS","2001","210.7400","79.8900","103.6800"
"2533","MUS","2002","225.0700","73.9800","109.1700"
"2534","MUS","2003","227.2000","77.1200","116.2800"
"2535","MUS","2004","227.5400","83.0800","121.9600"
"2536","MUS","2005","262.2900","73.1400","115.6900"
"2537","MUS","2006","251.6900","71.6700","125.7800"
"2538","MUS","2007","262.4900","79.7100","127.5000"
"2539","MUS","2008","251.5800","84.7000","128.5900"
"2540","MUS","2009","245.5700","84.2800","128.1400"
"2541","MUS","2010","237.3300","83.2000","133.5600"
"2542","MUS","2011","232.4300","83.2800","146.0000"
"2543","MUS","2012","235.5700","88.7100","153.8800"
"2544","MUS","2013","237.8000","99.8200","145.9200"
"2545","MUS","2014","246.0300","95.1400","149.7800"
"2546","MUS","2015","262.8200","102.0700","146.7000"
"2547","MUS","2016","278.3900","99.1500","141.7600"
"2548","MUS","2017","267.1500","112.4200","146.0900"
"2549","MUS","2018","300.6300","107.8400","132.0200"
"2550","MUS","2019","279.6300","112.5900","142.8600"
"2551","MUS","2020","299.8800","126.9000","153.2200"
"2552","MUS","2021","321.3900","107.3400","146.5000"
"2553","MWI","2000","132.0100","99.5400","20.7800"
"2554","MWI","2001","132.6500","99.6700","20.8100"
"2555","MWI","2002","132.5900","100.6200","20.9100"
"2556","MWI","2003","139.0000","102.3400","21.9100"
"2557","MWI","2004","140.8500","102.9700","22.0300"
"2558","MWI","2005","136.7600","101.1700","21.3800"
"2559","MWI","2006","143.3800","98.7900","22.7500"
"2560","MWI","2007","140.0900","96.9000","22.1500"
"2561","MWI","2008","129.9200","94.8500","20.3900"
"2562","MWI","2009","122.4800","92.6000","19.2800"
"2563","MWI","2010","112.1800","91.2500","17.7800"
"2564","MWI","2011","108.7000","89.6000","17.2800"
"2565","MWI","2012","104.3900","86.8400","16.6900"
"2566","MWI","2013","99.7200","84.5300","15.9600"
"2567","MWI","2014","98.8800","83.3400","15.7700"
"2568","MWI","2015","100.0200","82.9500","15.8900"
"2569","MWI","2016","100.3800","82.9600","15.9600"
"2570","MWI","2017","102.4200","82.9000","16.3000"
"2571","MWI","2018","102.8700","82.9900","16.4100"
"2572","MWI","2019","105.0100","82.9000","16.8000"
"2573","MWI","2020","108.0200","75.5100","17.4000"
"2574","MWI","2021","103.6000","65.6200","16.9100"
"2575","MYS","2000","154.4200","62.3300","13.4900"
"2576","MYS","2001","150.5900","61.5100","13.3200"
"2577","MYS","2002","151.0300","61.9600","13.4000"
"2578","MYS","2003","157.4800","64.3800","13.8300"
"2579","MYS","2004","159.1500","65.1500","13.6500"
"2580","MYS","2005","160.1300","65.6800","13.3700"
"2581","MYS","2006","160.4200","65.7300","13.0100"
"2582","MYS","2007","162.8700","66.4300","12.7000"
"2583","MYS","2008","172.2500","69.0300","12.8300"
"2584","MYS","2009","181.1800","71.5800","12.9300"
"2585","MYS","2010","184.2200","72.9700","12.8200"
"2586","MYS","2011","179.5900","72.9600","12.4300"
"2587","MYS","2012","174.2500","72.2900","12.0800"
"2588","MYS","2013","175.8900","72.9300","12.3000"
"2589","MYS","2014","180.4900","74.9800","12.8800"
"2590","MYS","2015","192.4100","79.1800","14.1200"
"2591","MYS","2016","193.4200","80.7700","14.3900"
"2592","MYS","2017","199.7600","83.5700","15.1100"
"2593","MYS","2018","203.1800","85.8000","15.6200"
"2594","MYS","2019","205.5000","87.8800","16.1000"
"2595","MYS","2020","176.5200","76.1500","14.0300"
"2596","MYS","2021","220.0200","91.6900","17.5600"
"2597","NAM","2000","122.0700","58.7700","22.0600"
"2598","NAM","2001","121.9000","58.4100","22.3700"
"2599","NAM","2002","122.6500","58.1900","23.4200"
"2600","NAM","2003","123.1900","59.4800","23.8700"
"2601","NAM","2004","121.9400","59.8300","23.8200"
"2602","NAM","2005","120.5300","63.0400","23.7500"
"2603","NAM","2006","120.2800","59.9300","23.5000"
"2604","NAM","2007","116.9100","60.0700","23.0000"
"2605","NAM","2008","113.4100","61.6600","22.4300"
"2606","NAM","2009","121.6200","74.7100","24.1500"
"2607","NAM","2010","120.7700","75.9000","24.0900"
"2608","NAM","2011","116.3500","68.4100","23.1100"
"2609","NAM","2012","115.6900","68.5900","23.2000"
"2610","NAM","2013","117.1100","70.5800","23.7300"
"2611","NAM","2014","122.4000","74.1700","25.1400"
"2612","NAM","2015","124.0400","81.9300","26.0100"
"2613","NAM","2016","124.1500","83.5800","26.4200"
"2614","NAM","2017","124.8300","84.4000","26.8600"
"2615","NAM","2018","126.6200","85.8400","27.4200"
"2616","NAM","2019","129.4700","86.7100","28.1600"
"2617","NAM","2020","140.4100","81.0900","30.8100"
"2618","NAM","2021","117.9400","78.4900","27.9400"
"2619","NER","2000","79.0500","39.4700","7.7700"
"2620","NER","2001","80.6100","39.5800","8.0600"
"2621","NER","2002","79.1300","38.8800","8.0400"
"2622","NER","2003","79.6500","38.9000","8.2200"
"2623","NER","2004","77.2000","37.9000","8.0900"
"2624","NER","2005","79.3400","37.8900","8.3700"
"2625","NER","2006","76.3900","37.2600","8.2300"
"2626","NER","2007","77.9500","36.9900","8.4200"
"2627","NER","2008","75.1000","35.4500","8.2100"
"2628","NER","2009","77.2100","35.2400","8.4700"
"2629","NER","2010","78.6200","34.4900","8.6600"
"2630","NER","2011","81.5000","34.7400","8.9800"
"2631","NER","2012","82.4000","34.8800","9.1500"
"2632","NER","2013","82.6900","35.4800","9.3400"
"2633","NER","2014","83.0200","36.1300","9.4400"
"2634","NER","2015","85.5100","36.0400","9.4100"
"2635","NER","2016","85.8700","36.2700","9.4900"
"2636","NER","2017","84.6300","36.3200","9.4800"
"2637","NER","2018","84.9900","35.8500","9.5300"
"2638","NER","2019","84.9400","35.4400","9.5700"
"2639","NER","2020","86.4000","31.3300","9.7900"
"2640","NER","2021","83.7300","32.1200","9.5300"
"2641","NGA","2000","108.7600","44.9500","12.5100"
"2642","NGA","2001","109.8200","45.0100","12.8000"
"2643","NGA","2002","105.6500","45.2800","12.6900"
"2644","NGA","2003","101.8500","44.7000","12.7000"
"2645","NGA","2004","98.8100","44.5500","12.7900"
"2646","NGA","2005","93.9200","44.4900","12.5700"
"2647","NGA","2006","92.3000","44.0100","12.7800"
"2648","NGA","2007","90.1200","43.8300","12.7900"
"2649","NGA","2008","87.3200","43.4000","12.5700"
"2650","NGA","2009","86.8500","43.7700","12.6200"
"2651","NGA","2010","84.3700","44.6200","12.3600"
"2652","NGA","2011","82.5500","45.4500","12.1800"
"2653","NGA","2012","81.0700","46.1900","12.0500"
"2654","NGA","2013","79.5800","46.7200","11.8800"
"2655","NGA","2014","78.0300","47.0400","11.6700"
"2656","NGA","2015","78.6600","46.6700","11.5000"
"2657","NGA","2016","77.7500","47.0700","11.5500"
"2658","NGA","2017","76.2000","46.9700","11.4600"
"2659","NGA","2018","76.3900","46.7000","11.5700"
"2660","NGA","2019","76.4600","46.4500","11.6200"
"2661","NGA","2020","82.5600","42.8600","12.7200"
"2662","NGA","2021","84.3100","38.8300","13.1200"
"2663","NIC","2000","58.2700","33.5900","10.8100"
"2664","NIC","2001","60.7100","35.8600","10.5200"
"2665","NIC","2002","64.1800","36.3600","12.4500"
"2666","NIC","2003","66.8200","38.0600","12.3600"
"2667","NIC","2004","66.4000","39.9700","13.4400"
"2668","NIC","2005","68.3800","39.6000","14.4900"
"2669","NIC","2006","61.6200","37.5900","14.0400"
"2670","NIC","2007","66.2000","40.0900","14.6200"
"2671","NIC","2008","67.3800","40.5100","17.1200"
"2672","NIC","2009","67.8400","42.0600","17.1100"
"2673","NIC","2010","64.1200","39.9300","18.1900"
"2674","NIC","2011","69.4200","42.5600","19.4600"
"2675","NIC","2012","73.3500","42.9200","19.1800"
"2676","NIC","2013","75.0600","43.5600","18.0100"
"2677","NIC","2014","77.5300","43.3200","18.8100"
"2678","NIC","2015","73.3700","41.1800","18.5400"
"2679","NIC","2016","78.8200","42.1300","20.2300"
"2680","NIC","2017","73.9900","40.5800","21.1900"
"2681","NIC","2018","78.3300","40.9300","21.7600"
"2682","NIC","2019","82.3000","40.7500","21.1700"
"2683","NIC","2020","80.9700","42.5800","22.9000"
"2684","NIC","2021","83.3100","39.6500","19.5800"
"2685","NLD","2000","312.4700","251.5300","20.0800"
"2686","NLD","2001","302.6000","250.4200","25.8200"
"2687","NLD","2002","302.1800","251.5400","24.3800"
"2688","NLD","2003","292.1900","249.8500","22.3600"
"2689","NLD","2004","274.7600","251.4400","21.9200"
"2690","NLD","2005","264.5300","252.9700","21.6600"
"2691","NLD","2006","253.8000","253.0900","20.0000"
"2692","NLD","2007","246.5200","253.3400","18.2800"
"2693","NLD","2008","240.9100","258.4500","17.7000"
"2694","NLD","2009","232.2200","260.7700","16.7000"
"2695","NLD","2010","231.1900","265.9000","16.1300"
"2696","NLD","2011","224.4300","267.2000","14.5000"
"2697","NLD","2012","224.7500","269.5000","14.6800"
"2698","NLD","2013","224.6800","262.1200","14.9800"
"2699","NLD","2014","219.8000","264.7300","14.1600"
"2700","NLD","2015","226.3600","269.5800","14.4400"
"2701","NLD","2016","222.3600","276.3500","14.8800"
"2702","NLD","2017","217.6500","272.6500","14.2000"
"2703","NLD","2018","203.9600","261.4200","13.1200"
"2704","NLD","2019","191.7900","262.8100","12.9700"
"2705","NLD","2020","193.0400","266.2300","13.6400"
"2706","NLD","2021","207.4700","276.0200","14.5300"
"2707","NOR","2000","412.4100","243.0100","13.8400"
"2708","NOR","2001","402.2300","244.2500","15.0300"
"2709","NOR","2002","397.9600","245.8600","14.2000"
"2710","NOR","2003","372.1300","241.5400","14.5300"
"2711","NOR","2004","350.1900","238.3700","12.6600"
"2712","NOR","2005","319.5700","238.9900","16.3100"
"2713","NOR","2006","319.0700","233.8900","16.8100"
"2714","NOR","2007","315.4800","237.9100","16.6500"
"2715","NOR","2008","303.4300","234.6000","14.2300"
"2716","NOR","2009","285.8700","229.5300","13.7200"
"2717","NOR","2010","275.7500","235.9700","13.5100"
"2718","NOR","2011","267.8200","231.2300","13.2500"
"2719","NOR","2012","265.6900","227.3100","13.4600"
"2720","NOR","2013","249.6600","225.4000","12.0900"
"2721","NOR","2014","234.1400","224.0900","10.9000"
"2722","NOR","2015","229.1500","219.4900","10.5400"
"2723","NOR","2016","214.0200","218.5200","11.0500"
"2724","NOR","2017","200.0600","217.4700","10.4300"
"2725","NOR","2018","195.4000","217.7800","9.6300"
"2726","NOR","2019","188.4300","215.8800","10.1600"
"2727","NOR","2020","185.0800","214.8400","12.7100"
"2728","NOR","2021","193.2000","212.0400","12.9400"
"2729","NPL","2000","96.1400","33.0700","7.7200"
"2730","NPL","2001","94.7800","32.2000","7.7300"
"2731","NPL","2002","93.0700","31.6100","7.7100"
"2732","NPL","2003","94.4700","32.1600","7.9200"
"2733","NPL","2004","95.4100","32.1200","8.1200"
"2734","NPL","2005","96.8000","32.9500","8.3600"
"2735","NPL","2006","99.9400","34.1600","8.7400"
"2736","NPL","2007","100.5800","35.7300","8.9000"
"2737","NPL","2008","103.6000","39.3800","9.3500"
"2738","NPL","2009","108.6000","40.7600","10.0200"
"2739","NPL","2010","112.6100","42.0000","10.6200"
"2740","NPL","2011","119.3200","43.5600","11.5100"
"2741","NPL","2012","126.5900","45.1200","12.3500"
"2742","NPL","2013","130.9300","46.8300","13.1600"
"2743","NPL","2014","136.8100","48.2000","14.0000"
"2744","NPL","2015","139.2800","50.0100","14.8000"
"2745","NPL","2016","140.5500","51.1600","15.3400"
"2746","NPL","2017","141.5000","52.2600","16.0600"
"2747","NPL","2018","144.9100","53.0100","16.7000"
"2748","NPL","2019","146.9500","53.7200","17.1900"
"2749","NPL","2020","150.2700","48.9400","17.7900"
"2750","NPL","2021","145.5400","47.1100","17.4000"
"2751","NZL","2000","278.3700","196.9000","18.6900"
"2752","NZL","2001","288.6900","199.8200","17.8400"
"2753","NZL","2002","282.7400","196.2100","17.9900"
"2754","NZL","2003","269.4900","196.0400","18.5200"
"2755","NZL","2004","271.6300","195.6500","18.0700"
"2756","NZL","2005","250.0500","189.5800","17.7200"
"2757","NZL","2006","255.2600","190.6800","17.8500"
"2758","NZL","2007","243.7800","198.4700","17.2300"
"2759","NZL","2008","237.5100","192.6000","17.1700"
"2760","NZL","2009","235.2300","191.7600","17.0900"
"2761","NZL","2010","228.7100","193.6600","14.9400"
"2762","NZL","2011","234.7300","199.0300","15.8500"
"2763","NZL","2012","228.5300","197.4200","15.0600"
"2764","NZL","2013","220.4300","202.5200","14.9300"
"2765","NZL","2014","229.6800","203.6200","14.6300"
"2766","NZL","2015","223.2900","206.7600","15.0700"
"2767","NZL","2016","209.5400","200.9500","15.4100"
"2768","NZL","2017","217.2300","213.0700","16.1400"
"2769","NZL","2018","203.2400","203.8100","15.5300"
"2770","NZL","2019","197.8100","204.1900","15.6800"
"2771","NZL","2020","182.0300","193.9800","14.9500"
"2772","NZL","2021","188.8900","204.7900","15.9700"
"2773","OMN","2000","148.8500","48.6600","15.1200"
"2774","OMN","2001","141.8700","48.2200","14.7900"
"2775","OMN","2002","135.6700","47.8000","14.4900"
"2776","OMN","2003","132.0200","47.2500","14.3600"
"2777","OMN","2004","127.2700","47.3300","14.1600"
"2778","OMN","2005","127.6800","47.5100","14.3200"
"2779","OMN","2006","129.1600","48.0900","14.9000"
"2780","OMN","2007","128.4500","48.6500","15.0200"
"2781","OMN","2008","128.3200","49.5200","15.4100"
"2782","OMN","2009","116.0900","50.7200","14.4600"
"2783","OMN","2010","132.9900","50.6300","16.8400"
"2784","OMN","2011","128.6800","50.1900","16.5600"
"2785","OMN","2012","123.3700","49.8300","16.2500"
"2786","OMN","2013","118.5400","49.5700","16.1600"
"2787","OMN","2014","120.4300","49.9600","17.0100"
"2788","OMN","2015","119.9400","50.0000","17.2900"
"2789","OMN","2016","122.2700","49.8400","17.9100"
"2790","OMN","2017","120.7600","48.5200","17.7000"
"2791","OMN","2018","115.8400","47.0000","17.1900"
"2792","OMN","2019","115.5800","46.8500","17.3500"
"2793","OMN","2020","123.4200","41.7700","18.1600"
"2794","OMN","2021","101.1700","39.9700","15.0400"
"2795","PAK","2000","167.0600","51.7300","18.1500"
"2796","PAK","2001","166.8600","52.1100","18.5100"
"2797","PAK","2002","167.6300","52.4100","18.9100"
"2798","PAK","2003","168.0600","52.9400","19.3000"
"2799","PAK","2004","167.7500","53.0100","19.5700"
"2800","PAK","2005","167.3600","52.8200","19.8300"
"2801","PAK","2006","166.9400","52.8100","20.0000"
"2802","PAK","2007","165.6200","52.6400","20.1000"
"2803","PAK","2008","166.0100","52.9300","20.3600"
"2804","PAK","2009","166.2000","52.9900","20.5800"
"2805","PAK","2010","165.4100","52.8600","20.7300"
"2806","PAK","2011","166.3100","52.7800","20.8400"
"2807","PAK","2012","169.1000","52.5600","21.0000"
"2808","PAK","2013","169.4500","53.2500","21.1800"
"2809","PAK","2014","172.5600","53.2800","21.5000"
"2810","PAK","2015","173.4600","53.6300","21.8900"
"2811","PAK","2016","174.9000","53.9400","22.1600"
"2812","PAK","2017","174.5800","54.4000","22.5700"
"2813","PAK","2018","174.1800","54.5500","22.8300"
"2814","PAK","2019","174.3300","54.9500","23.2100"
"2815","PAK","2020","178.3000","50.6600","24.1300"
"2816","PAK","2021","172.2300","49.6100","23.6500"
"2817","PAN","2000","107.8400","68.2900","18.1800"
"2818","PAN","2001","114.3700","66.3100","19.5600"
"2819","PAN","2002","111.0100","66.9400","22.1500"
"2820","PAN","2003","116.7600","73.6700","21.8600"
"2821","PAN","2004","118.5900","73.9600","20.3300"
"2822","PAN","2005","123.1500","71.0600","19.0100"
"2823","PAN","2006","118.8900","74.8200","20.7600"
"2824","PAN","2007","120.3800","74.5400","19.1400"
"2825","PAN","2008","116.4200","74.6500","20.2800"
"2826","PAN","2009","127.9200","71.4400","16.7700"
"2827","PAN","2010","126.5000","72.9200","19.4800"
"2828","PAN","2011","126.3200","74.6500","20.6600"
"2829","PAN","2012","123.1100","81.5100","23.5600"
"2830","PAN","2013","130.0200","77.1800","23.9800"
"2831","PAN","2014","130.2200","79.5300","26.0600"
"2832","PAN","2015","129.2300","80.4800","27.0700"
"2833","PAN","2016","134.9100","77.7800","24.4400"
"2834","PAN","2017","136.9400","79.0400","24.8400"
"2835","PAN","2018","141.2500","78.8000","25.8400"
"2836","PAN","2019","138.7900","83.9600","27.0500"
"2837","PAN","2020","134.7500","76.0300","24.9600"
"2838","PAN","2021","150.1900","80.6600","31.0400"
"2839","PER","2000","54.4500","70.0300","4.5200"
"2840","PER","2001","51.9500","58.3200","3.3800"
"2841","PER","2002","54.5600","64.3200","4.0900"
"2842","PER","2003","59.7900","64.5700","4.0400"
"2843","PER","2004","59.6200","68.9100","4.0200"
"2844","PER","2005","61.7100","74.1100","3.9900"
"2845","PER","2006","64.0800","75.3400","4.2600"
"2846","PER","2007","61.7600","72.8200","4.5900"
"2847","PER","2008","61.1500","78.9700","4.3900"
"2848","PER","2009","66.4800","84.0700","5.7400"
"2849","PER","2010","69.6700","84.4200","6.6900"
"2850","PER","2011","71.2500","84.5700","6.4800"
"2851","PER","2012","66.5200","83.4400","7.1900"
"2852","PER","2013","68.2100","81.1300","7.8700"
"2853","PER","2014","64.6900","82.9700","8.8000"
"2854","PER","2015","60.5000","81.1100","9.2500"
"2855","PER","2016","63.0200","77.5300","8.4600"
"2856","PER","2017","70.9400","80.5600","7.9100"
"2857","PER","2018","72.3400","87.9400","12.6200"
"2858","PER","2019","79.7100","101.5200","12.8700"
"2859","PER","2020","110.6600","92.2400","19.6300"
"2860","PER","2021","85.6100","104.2700","14.4700"
"2861","PHL","2000","140.3500","50.0700","9.9900"
"2862","PHL","2001","148.4100","51.3900","11.4900"
"2863","PHL","2002","154.6300","52.8600","12.3900"
"2864","PHL","2003","155.0100","52.6800","12.8000"
"2865","PHL","2004","167.1300","53.9200","14.0200"
"2866","PHL","2005","169.8500","54.4500","14.4500"
"2867","PHL","2006","172.3500","54.7200","16.9200"
"2868","PHL","2007","174.7400","54.9400","16.9100"
"2869","PHL","2008","179.0500","55.8100","17.7900"
"2870","PHL","2009","190.3700","56.3400","17.0200"
"2871","PHL","2010","192.3300","57.7700","16.0000"
"2872","PHL","2011","196.3600","58.1600","16.0800"
"2873","PHL","2012","200.1700","60.5900","19.3400"
"2874","PHL","2013","203.4200","60.7000","19.6800"
"2875","PHL","2014","204.2000","60.7800","22.4100"
"2876","PHL","2015","217.8500","63.9700","21.4700"
"2877","PHL","2016","217.0900","66.4000","24.4000"
"2878","PHL","2017","210.0600","65.2000","22.0900"
"2879","PHL","2018","213.6700","67.9200","23.0500"
"2880","PHL","2019","221.6400","68.9400","24.5900"
"2881","PHL","2020","216.5400","68.6600","23.4300"
"2882","PHL","2021","294.8000","92.0500","32.7100"
"2883","PNG","2000","100.8800","60.4500","23.5100"
"2884","PNG","2001","103.7800","63.6400","24.0800"
"2885","PNG","2002","104.2300","62.3100","24.2100"
"2886","PNG","2003","105.3700","63.5300","24.4100"
"2887","PNG","2004","105.8300","63.3100","24.5500"
"2888","PNG","2005","108.1100","63.9500","24.9800"
"2889","PNG","2006","110.2500","64.5000","25.4000"
"2890","PNG","2007","110.9900","67.0600","25.5700"
"2891","PNG","2008","109.6300","65.7400","25.4000"
"2892","PNG","2009","108.2000","62.6300","25.2800"
"2893","PNG","2010","110.8500","64.9900","25.9500"
"2894","PNG","2011","112.0000","66.2400","26.4700"
"2895","PNG","2012","112.5800","73.0400","26.7800"
"2896","PNG","2013","113.7100","73.3100","27.1200"
"2897","PNG","2014","119.7400","74.3800","28.8100"
"2898","PNG","2015","120.6100","76.5700","29.1900"
"2899","PNG","2016","121.6300","76.8300","29.8000"
"2900","PNG","2017","119.0200","78.5500","29.4900"
"2901","PNG","2018","122.0800","79.8200","30.6100"
"2902","PNG","2019","126.9300","82.4900","32.2000"
"2903","PNG","2020","120.4500","83.4000","31.2700"
"2904","PNG","2021","120.6700","74.9300","31.1100"
"2905","POL","2000","480.3400","236.1400","12.2900"
"2906","POL","2001","471.4000","239.9500","11.8600"
"2907","POL","2002","456.2400","243.1300","11.9400"
"2908","POL","2003","466.6000","245.8300","12.2400"
"2909","POL","2004","456.5300","250.3700","11.8500"
"2910","POL","2005","455.9100","252.6400","12.7400"
"2911","POL","2006","455.1200","256.2400","14.1300"
"2912","POL","2007","462.9100","260.6200","15.0700"
"2913","POL","2008","467.0300","260.0800","15.6900"
"2914","POL","2009","479.3600","260.6300","16.1300"
"2915","POL","2010","467.7500","257.8800","15.6300"
"2916","POL","2011","457.6400","256.4700","16.3300"
"2917","POL","2012","472.7900","261.8900","17.4700"
"2918","POL","2013","475.4500","261.6700","18.7500"
"2919","POL","2014","459.8400","268.0500","17.5500"
"2920","POL","2015","483.7100","281.8100","21.3900"
"2921","POL","2016","457.2000","283.7700","21.7500"
"2922","POL","2017","468.1400","288.5600","23.5700"
"2923","POL","2018","468.2000","290.0200","24.0600"
"2924","POL","2019","466.0400","292.3200","25.5300"
"2925","POL","2020","496.9500","289.3600","32.9000"
"2926","POL","2021","502.5300","266.5500","28.5600"
"2927","PRK","2000","219.8800","126.8600","9.6400"
"2928","PRK","2001","224.4300","129.1000","9.8400"
"2929","PRK","2002","239.7900","131.1000","10.5300"
"2930","PRK","2003","244.5300","133.8900","10.7600"
"2931","PRK","2004","250.2700","136.8600","11.0400"
"2932","PRK","2005","256.9300","140.1500","11.3800"
"2933","PRK","2006","265.5200","143.5600","11.8300"
"2934","PRK","2007","286.5200","147.0100","12.8600"
"2935","PRK","2008","308.3700","150.6800","13.9500"
"2936","PRK","2009","321.9500","154.4300","14.6000"
"2937","PRK","2010","339.2400","157.8800","15.4000"
"2938","PRK","2011","354.4300","159.8900","15.9200"
"2939","PRK","2012","361.9400","162.0500","16.1800"
"2940","PRK","2013","374.0300","163.6600","16.5900"
"2941","PRK","2014","382.7600","165.2300","16.9300"
"2942","PRK","2015","396.4800","167.0300","17.5000"
"2943","PRK","2016","400.1600","168.6100","17.6100"
"2944","PRK","2017","394.4300","169.6800","17.1700"
"2945","PRK","2018","393.1300","171.2300","16.9200"
"2946","PRK","2019","406.1200","172.7200","17.3800"
"2947","PRK","2020","403.6600","177.6000","17.0200"
"2948","PRK","2021","403.9000","176.7700","16.9000"
"2949","PRT","2000","446.5200","238.8300","30.8100"
"2950","PRT","2001","435.0600","238.5400","38.3100"
"2951","PRT","2002","431.7100","235.5900","41.9700"
"2952","PRT","2003","434.9800","241.7700","42.5900"
"2953","PRT","2004","389.3500","241.3800","36.9800"
"2954","PRT","2005","404.9600","256.6600","39.5700"
"2955","PRT","2006","374.6000","248.9300","37.8800"
"2956","PRT","2007","368.9800","255.1400","40.4000"
"2957","PRT","2008","362.5600","259.5400","39.0500"
"2958","PRT","2009","354.8700","260.6500","41.5600"
"2959","PRT","2010","354.7000","266.4500","42.4900"
"2960","PRT","2011","329.1900","271.5900","40.4400"
"2961","PRT","2012","342.4000","275.1700","43.4600"
"2962","PRT","2013","328.1300","275.8500","40.3500"
"2963","PRT","2014","329.1300","270.3900","37.1200"
"2964","PRT","2015","331.8600","276.2500","38.1500"
"2965","PRT","2016","334.6100","284.0200","37.5100"
"2966","PRT","2017","330.6600","286.0900","35.6100"
"2967","PRT","2018","336.4600","291.8500","36.9200"
"2968","PRT","2019","332.3500","297.4500","32.5800"
"2969","PRT","2020","332.3600","295.4500","33.9100"
"2970","PRT","2021","308.5900","285.1500","31.2700"
"2971","PRY","2000","101.0800","61.4500","18.3500"
"2972","PRY","2001","96.0200","63.5300","20.0000"
"2973","PRY","2002","94.6900","65.1100","22.9900"
"2974","PRY","2003","95.9700","66.9700","25.2300"
"2975","PRY","2004","107.5200","62.8800","25.8400"
"2976","PRY","2005","108.0200","65.6400","27.5300"
"2977","PRY","2006","117.1600","64.5100","26.4700"
"2978","PRY","2007","116.1000","66.2700","28.3200"
"2979","PRY","2008","118.3700","67.6100","28.4700"
"2980","PRY","2009","129.5400","66.5000","26.6600"
"2981","PRY","2010","130.8100","68.0700","29.2100"
"2982","PRY","2011","127.5900","67.6500","28.5600"
"2983","PRY","2012","124.9300","65.9400","30.7300"
"2984","PRY","2013","125.8000","68.4700","34.0800"
"2985","PRY","2014","120.7500","70.6000","35.3800"
"2986","PRY","2015","122.7000","73.4500","35.4100"
"2987","PRY","2016","131.4300","70.7700","36.1000"
"2988","PRY","2017","133.1400","76.2400","32.3400"
"2989","PRY","2018","138.0600","75.2300","33.8000"
"2990","PRY","2019","139.8500","76.7800","36.6100"
"2991","PRY","2020","131.1200","72.7400","36.6300"
"2992","PRY","2021","147.5700","70.5600","39.5200"
"2993","QAT","2000","116.7600","32.9900","20.9400"
"2994","QAT","2001","116.1000","33.2500","21.2300"
"2995","QAT","2002","114.7200","34.0100","22.8600"
"2996","QAT","2003","109.3600","34.3300","23.5700"
"2997","QAT","2004","103.2300","34.3600","23.9400"
"2998","QAT","2005","96.8000","33.8300","23.8000"
"2999","QAT","2006","86.1900","31.6800","22.3800"
"3000","QAT","2007","80.0000","29.6400","21.5700"
"3001","QAT","2008","71.9200","27.6100","20.0400"
"3002","QAT","2009","66.2000","26.3000","19.1300"
"3003","QAT","2010","61.2400","25.5900","18.2000"
"3004","QAT","2011","57.1500","25.1500","17.5800"
"3005","QAT","2012","54.4600","24.9300","17.3800"
"3006","QAT","2013","50.5000","24.5000","16.9700"
"3007","QAT","2014","46.3800","23.5200","15.8400"
"3008","QAT","2015","43.1800","22.8000","14.4500"
"3009","QAT","2016","42.9600","22.9400","14.4600"
"3010","QAT","2017","42.6200","22.8800","14.3000"
"3011","QAT","2018","41.9600","22.6600","14.2400"
"3012","QAT","2019","41.3700","22.6300","14.2600"
"3013","QAT","2020","43.4600","22.0100","15.1700"
"3014","QAT","2021","44.3200","23.0200","16.1600"
"3015","ROU","2000","695.7800","183.2500","8.0000"
"3016","ROU","2001","704.7800","190.2900","7.7200"
"3017","ROU","2002","754.1500","196.3500","8.0700"
"3018","ROU","2003","750.5300","199.3000","9.1700"
"3019","ROU","2004","721.7300","202.3200","9.4600"
"3020","ROU","2005","736.5600","207.7400","9.2100"
"3021","ROU","2006","729.9900","211.5500","9.2800"
"3022","ROU","2007","709.9700","213.1500","10.1400"
"3023","ROU","2008","714.3900","220.5300","9.8600"
"3024","ROU","2009","735.4000","228.3300","10.3000"
"3025","ROU","2010","757.8600","231.7800","11.2500"
"3026","ROU","2011","745.7400","237.4200","10.2600"
"3027","ROU","2012","746.0000","242.6700","10.4500"
"3028","ROU","2013","713.7900","244.8600","9.9600"
"3029","ROU","2014","727.9900","254.1000","10.1500"
"3030","ROU","2015","747.9500","257.0600","11.3300"
"3031","ROU","2016","728.2300","262.3400","12.2400"
"3032","ROU","2017","741.4700","264.0500","11.7200"
"3033","ROU","2018","745.0700","265.6100","12.7600"
"3034","ROU","2019","724.8000","258.5300","13.2400"
"3035","ROU","2020","746.4100","271.1000","13.7000"
"3036","ROU","2021","748.2700","274.7200","14.4700"
"3037","RUS","2000","858.7400","207.1000","6.8400"
"3038","RUS","2001","875.4500","204.4300","6.6600"
"3039","RUS","2002","913.2300","206.1400","6.6400"
"3040","RUS","2003","950.7800","205.7400","6.6300"
"3041","RUS","2004","924.9500","201.5600","6.3800"
"3042","RUS","2005","943.3100","202.9600","6.3100"
"3043","RUS","2006","896.7700","197.5200","6.1000"
"3044","RUS","2007","864.2800","194.9200","5.8400"
"3045","RUS","2008","866.9300","198.4700","5.7500"
"3046","RUS","2009","838.4700","199.1700","5.6300"
"3047","RUS","2010","838.7100","201.0300","5.7200"
"3048","RUS","2011","781.6900","198.5500","5.8800"
"3049","RUS","2012","768.0700","198.6900","6.9600"
"3050","RUS","2013","742.8000","197.5100","8.8500"
"3051","RUS","2014","746.3000","203.6200","13.1000"
"3052","RUS","2015","716.2900","203.1100","17.0500"
"3053","RUS","2016","719.8600","205.4300","21.0500"
"3054","RUS","2017","688.0700","205.4800","23.9500"
"3055","RUS","2018","682.4000","211.5400","26.1900"
"3056","RUS","2019","652.3100","208.7900","26.2100"
"3057","RUS","2020","592.3600","212.9900","23.6000"
"3058","RUS","2021","622.4600","211.7100","25.9000"
"3059","RWA","2000","149.8700","61.0500","21.8500"
"3060","RWA","2001","147.0400","59.9000","21.6600"
"3061","RWA","2002","142.4900","58.8400","21.2800"
"3062","RWA","2003","131.8600","56.7900","20.0100"
"3063","RWA","2004","119.6800","55.1700","18.4700"
"3064","RWA","2005","111.8200","53.2200","17.5200"
"3065","RWA","2006","107.8100","51.7800","17.1100"
"3066","RWA","2007","106.2400","50.6300","17.0500"
"3067","RWA","2008","105.9700","49.7600","17.1000"
"3068","RWA","2009","105.7000","49.0000","17.1400"
"3069","RWA","2010","107.8500","49.2600","17.5700"
"3070","RWA","2011","110.4200","49.7400","18.0200"
"3071","RWA","2012","109.5500","49.8200","18.0000"
"3072","RWA","2013","105.1600","49.3800","17.6200"
"3073","RWA","2014","102.1600","49.3200","17.3600"
"3074","RWA","2015","99.8800","49.2500","17.1300"
"3075","RWA","2016","97.8200","49.1700","16.9600"
"3076","RWA","2017","97.3200","49.3400","17.1200"
"3077","RWA","2018","96.9300","49.6100","17.1300"
"3078","RWA","2019","96.6300","50.3200","17.2100"
"3079","RWA","2020","95.9500","47.7100","17.2800"
"3080","RWA","2021","100.6200","40.3600","18.2600"
"3081","SAU","2000","117.4800","36.5100","15.6700"
"3082","SAU","2001","117.3400","36.2600","14.8700"
"3083","SAU","2002","116.8100","36.1000","14.3300"
"3084","SAU","2003","117.0900","36.0100","14.2600"
"3085","SAU","2004","117.3100","35.8100","14.3800"
"3086","SAU","2005","117.9900","36.0700","14.5600"
"3087","SAU","2006","118.1500","36.2300","14.7100"
"3088","SAU","2007","115.6100","36.3600","14.5800"
"3089","SAU","2008","110.5100","35.3000","14.0900"
"3090","SAU","2009","103.3100","33.3600","13.4200"
"3091","SAU","2010","94.2900","31.2100","12.5000"
"3092","SAU","2011","82.9500","28.2900","11.1800"
"3093","SAU","2012","75.3000","26.1500","10.2800"
"3094","SAU","2013","73.0700","25.4700","10.3100"
"3095","SAU","2014","74.4300","25.9000","10.8900"
"3096","SAU","2015","75.6900","26.3000","11.1500"
"3097","SAU","2016","77.8300","27.7300","11.6800"
"3098","SAU","2017","84.7300","28.7000","12.8600"
"3099","SAU","2018","89.3600","29.3800","13.9000"
"3100","SAU","2019","89.4400","29.5100","14.3000"
"3101","SAU","2020","82.1200","29.7200","13.2700"
"3102","SAU","2021","83.6800","29.8400","13.7200"
"3103","SDN","2000","156.0300","29.5900","3.7600"
"3104","SDN","2001","154.5400","29.6900","3.7900"
"3105","SDN","2002","152.8400","29.8100","3.9500"
"3106","SDN","2003","149.3800","29.8400","4.0700"
"3107","SDN","2004","147.4900","30.1500","4.1900"
"3108","SDN","2005","144.2200","30.9900","4.2900"
"3109","SDN","2006","143.7300","30.8500","4.4400"
"3110","SDN","2007","143.1000","31.2100","4.5700"
"3111","SDN","2008","144.7000","31.8200","4.8100"
"3112","SDN","2009","145.0600","32.1200","4.9500"
"3113","SDN","2010","140.4500","32.4900","5.0100"
"3114","SDN","2011","146.3200","32.8500","5.4000"
"3115","SDN","2012","143.5600","33.3800","5.5000"
"3116","SDN","2013","145.5800","33.9500","5.7800"
"3117","SDN","2014","145.2600","34.6400","6.0100"
"3118","SDN","2015","146.3100","35.0500","6.2300"
"3119","SDN","2016","146.8900","35.4800","6.4500"
"3120","SDN","2017","147.8600","35.9900","6.6600"
"3121","SDN","2018","151.6900","36.7100","6.9800"
"3122","SDN","2019","150.7400","37.3200","7.0800"
"3123","SDN","2020","155.6100","34.1000","7.4900"
"3124","SDN","2021","146.6900","36.1900","7.2300"
"3125","SEN","2000","134.7800","47.1800","14.7600"
"3126","SEN","2001","128.9700","54.1800","14.4300"
"3127","SEN","2002","124.5200","53.5000","14.3700"
"3128","SEN","2003","126.7200","51.0500","15.1300"
"3129","SEN","2004","123.7700","51.9000","15.1500"
"3130","SEN","2005","121.3300","50.8900","15.1400"
"3131","SEN","2006","119.0800","49.7000","15.0500"
"3132","SEN","2007","117.7100","50.3100","15.1000"
"3133","SEN","2008","120.6600","50.9800","15.7100"
"3134","SEN","2009","118.9900","52.2000","15.7100"
"3135","SEN","2010","116.2900","50.7700","15.5400"
"3136","SEN","2011","114.9500","51.3700","15.5900"
"3137","SEN","2012","115.9900","50.6100","15.8400"
"3138","SEN","2013","114.6200","51.7200","16.1900"
"3139","SEN","2014","114.7300","53.4300","16.3900"
"3140","SEN","2015","113.3000","52.1400","16.1000"
"3141","SEN","2016","111.8100","53.5900","15.9900"
"3142","SEN","2017","111.9400","53.4200","15.7800"
"3143","SEN","2018","111.3500","52.7200","15.8500"
"3144","SEN","2019","111.4500","54.0400","16.0000"
"3145","SEN","2020","114.3300","47.7900","16.5200"
"3146","SEN","2021","110.5800","46.9500","16.2200"
"3147","SGP","2000","154.4000","117.1000","7.6200"
"3148","SGP","2001","148.0300","117.2000","10.6500"
"3149","SGP","2002","139.4800","117.6900","8.5900"
"3150","SGP","2003","144.1600","108.5400","7.4800"
"3151","SGP","2004","132.2600","108.9200","9.1900"
"3152","SGP","2005","129.3200","105.9500","9.5600"
"3153","SGP","2006","126.4500","111.8700","9.6300"
"3154","SGP","2007","136.5100","114.8500","10.9100"
"3155","SGP","2008","133.3200","119.2300","7.7300"
"3156","SGP","2009","124.5000","114.4800","4.2500"
"3157","SGP","2010","125.4600","113.3400","2.5100"
"3158","SGP","2011","122.4100","119.1200","3.6800"
"3159","SGP","2012","120.4900","121.3000","2.3500"
"3160","SGP","2013","119.5100","125.2300","1.8400"
"3161","SGP","2014","122.1200","121.6600","1.9500"
"3162","SGP","2015","122.9000","124.4900","1.5900"
"3163","SGP","2016","124.1200","123.7800","2.0800"
"3164","SGP","2017","132.6400","128.0900","2.0300"
"3165","SGP","2018","129.8000","130.4000","1.7100"
"3166","SGP","2019","131.2700","128.3100","1.5900"
"3167","SGP","2020","146.9600","134.2700","1.5600"
"3168","SGP","2021","163.1000","138.3200","1.5300"
"3169","SLB","2000","216.7800","35.7600","37.3400"
"3170","SLB","2001","214.9400","35.6500","37.5000"
"3171","SLB","2002","219.0400","35.9700","39.1800"
"3172","SLB","2003","225.9600","36.2500","41.6500"
"3173","SLB","2004","207.4700","36.3900","38.2800"
"3174","SLB","2005","220.1300","36.9100","41.8500"
"3175","SLB","2006","221.5300","37.3900","42.1600"
"3176","SLB","2007","245.1200","37.1700","47.9000"
"3177","SLB","2008","258.6500","36.2300","51.2300"
"3178","SLB","2009","259.3800","37.5600","51.6400"
"3179","SLB","2010","258.3800","37.3900","51.7400"
"3180","SLB","2011","258.3500","39.3200","52.1900"
"3181","SLB","2012","257.4400","39.8300","52.4900"
"3182","SLB","2013","255.9900","40.2400","52.6500"
"3183","SLB","2014","255.5900","40.9000","53.1700"
"3184","SLB","2015","254.9600","41.3300","53.6400"
"3185","SLB","2016","253.4800","40.9700","53.7700"
"3186","SLB","2017","254.5900","41.4600","55.6900"
"3187","SLB","2018","257.3700","41.7400","57.9100"
"3188","SLB","2019","256.9200","42.3200","58.0100"
"3189","SLB","2020","267.5000","43.5200","60.5600"
"3190","SLB","2021","273.2000","46.2600","63.0300"
"3191","SLE","2000","154.5200","34.6300","12.2900"
"3192","SLE","2001","158.1500","34.8800","12.7700"
"3193","SLE","2002","160.6200","34.7600","13.2200"
"3194","SLE","2003","163.1100","34.9500","13.6200"
"3195","SLE","2004","163.6800","35.2500","13.8700"
"3196","SLE","2005","164.8100","35.3700","14.1500"
"3197","SLE","2006","161.9000","35.2200","14.1000"
"3198","SLE","2007","165.5100","35.1800","14.6400"
"3199","SLE","2008","164.9800","34.2200","14.8600"
"3200","SLE","2009","162.9000","34.0200","14.9100"
"3201","SLE","2010","162.2100","34.4800","15.0400"
"3202","SLE","2011","159.3100","34.3500","14.7800"
"3203","SLE","2012","156.3900","34.7000","14.6800"
"3204","SLE","2013","149.6900","34.8300","14.3100"
"3205","SLE","2014","144.8500","34.9600","13.9100"
"3206","SLE","2015","145.1000","34.5100","13.8800"
"3207","SLE","2016","148.7200","34.3300","14.4100"
"3208","SLE","2017","149.2800","34.4100","14.6700"
"3209","SLE","2018","149.9100","34.4000","14.8400"
"3210","SLE","2019","148.7600","34.6600","14.8400"
"3211","SLE","2020","143.6900","30.4800","14.4600"
"3212","SLE","2021","146.0700","30.9100","14.8500"
"3213","SLV","2000","97.6300","49.5000","18.8000"
"3214","SLV","2001","101.3200","51.7900","20.1100"
"3215","SLV","2002","95.2500","50.4700","19.5700"
"3216","SLV","2003","102.2300","53.5700","21.6200"
"3217","SLV","2004","103.2700","54.4900","22.7300"
"3218","SLV","2005","107.9400","56.1700","24.3200"
"3219","SLV","2006","110.0800","57.2700","25.5200"
"3220","SLV","2007","111.0600","58.1200","26.3000"
"3221","SLV","2008","113.7100","59.1700","26.9600"
"3222","SLV","2009","117.1300","60.4500","28.2600"
"3223","SLV","2010","118.6400","62.0700","28.8400"
"3224","SLV","2011","120.1100","62.7300","29.6300"
"3225","SLV","2012","119.2800","60.4300","30.5200"
"3226","SLV","2013","129.1400","64.3600","33.2800"
"3227","SLV","2014","140.0900","68.5200","35.8400"
"3228","SLV","2015","148.0800","71.3900","37.9600"
"3229","SLV","2016","137.7400","72.3300","36.2400"
"3230","SLV","2017","146.6900","75.6000","39.0400"
"3231","SLV","2018","132.4800","71.8200","35.9300"
"3232","SLV","2019","139.3300","75.3700","38.3100"
"3233","SLV","2020","149.3900","81.9600","38.8000"
"3234","SLV","2021","142.5500","75.7700","38.2200"
"3235","SOM","2000","133.2200","59.9700","22.6400"
"3236","SOM","2001","129.3200","59.2200","22.4700"
"3237","SOM","2002","127.3500","58.7400","22.6800"
"3238","SOM","2003","125.8900","58.2700","22.8400"
"3239","SOM","2004","124.9700","57.8700","23.0500"
"3240","SOM","2005","123.1000","57.3400","22.9600"
"3241","SOM","2006","120.9800","57.2800","22.8500"
"3242","SOM","2007","119.0200","57.4000","22.7000"
"3243","SOM","2008","120.4100","57.9500","23.1800"
"3244","SOM","2009","118.0500","57.8500","22.9400"
"3245","SOM","2010","113.8300","57.1000","22.2000"
"3246","SOM","2011","106.2000","54.4400","20.7400"
"3247","SOM","2012","110.5600","55.9700","21.6800"
"3248","SOM","2013","112.3800","56.7900","22.2100"
"3249","SOM","2014","111.8000","56.2600","22.2000"
"3250","SOM","2015","111.3600","55.5800","22.1500"
"3251","SOM","2016","110.2800","55.1300","21.9400"
"3252","SOM","2017","110.1200","56.6300","21.8200"
"3253","SOM","2018","109.5800","54.5200","21.8200"
"3254","SOM","2019","109.1000","54.3800","21.7100"
"3255","SOM","2020","113.5600","47.2800","22.5900"
"3256","SOM","2021","104.7100","45.2900","21.0100"
"3257","SRB","2000","752.0200","251.0200","30.4800"
"3258","SRB","2001","715.9900","255.1200","28.9200"
"3259","SRB","2002","747.5300","266.3200","31.9000"
"3260","SRB","2003","755.4100","271.2300","33.3200"
"3261","SRB","2004","756.5500","281.6100","32.5800"
"3262","SRB","2005","786.1000","279.7700","32.0700"
"3263","SRB","2006","761.6200","285.2700","31.5400"
"3264","SRB","2007","754.7100","290.8500","37.6200"
"3265","SRB","2008","757.1800","295.1200","39.0500"
"3266","SRB","2009","766.0500","304.1200","39.0400"
"3267","SRB","2010","763.6500","306.6400","40.8300"
"3268","SRB","2011","776.6200","302.5900","40.4500"
"3269","SRB","2012","776.6600","306.3900","38.8900"
"3270","SRB","2013","758.4500","304.7400","36.4600"
"3271","SRB","2014","778.4300","311.8800","33.2800"
"3272","SRB","2015","786.9500","313.5000","40.2400"
"3273","SRB","2016","759.3000","316.6200","42.5800"
"3274","SRB","2017","787.3900","316.6600","47.0200"
"3275","SRB","2018","773.6900","317.6000","42.6800"
"3276","SRB","2019","754.6700","327.7500","43.2600"
"3277","SRB","2020","802.5100","322.3400","48.9300"
"3278","SRB","2021","828.2300","312.2500","49.7300"
"3279","SSD","2000","72.6800","37.6000","12.5400"
"3280","SSD","2001","69.0500","35.9000","12.1600"
"3281","SSD","2002","66.4900","35.1200","11.9900"
"3282","SSD","2003","65.8400","35.6100","12.1400"
"3283","SSD","2004","65.4100","35.9700","12.2500"
"3284","SSD","2005","64.2100","35.7900","12.2000"
"3285","SSD","2006","63.7300","36.4100","12.2500"
"3286","SSD","2007","63.1400","36.7100","12.2700"
"3287","SSD","2008","62.5600","36.7300","12.2400"
"3288","SSD","2009","63.4600","36.8500","12.5600"
"3289","SSD","2010","61.6300","37.2200","12.3000"
"3290","SSD","2011","60.3400","37.2500","12.2000"
"3291","SSD","2012","60.0600","38.0600","12.2600"
"3292","SSD","2013","61.0200","38.9200","12.5800"
"3293","SSD","2014","62.6400","39.7100","13.0500"
"3294","SSD","2015","67.2800","40.4000","14.0700"
"3295","SSD","2016","67.7500","41.5500","14.3300"
"3296","SSD","2017","71.2700","42.6800","15.2400"
"3297","SSD","2018","80.4500","44.3300","17.4300"
"3298","SSD","2019","86.0600","45.5300","18.7900"
"3299","SSD","2020","93.0100","40.4500","20.4600"
"3300","SSD","2021","93.6000","41.4500","20.6700"
"3301","STP","2000","123.3500","45.3600","6.5100"
"3302","STP","2001","123.4700","43.3800","6.5800"
"3303","STP","2002","121.6000","42.3400","6.5700"
"3304","STP","2003","115.5000","44.2600","6.2900"
"3305","STP","2004","114.6100","45.1400","6.2900"
"3306","STP","2005","111.0200","45.8100","6.1500"
"3307","STP","2006","113.1800","46.3800","6.3400"
"3308","STP","2007","116.2900","45.6700","6.6200"
"3309","STP","2008","114.9500","44.8800","6.6000"
"3310","STP","2009","112.4200","44.6800","6.4700"
"3311","STP","2010","110.3000","43.3000","6.3600"
"3312","STP","2011","108.5400","42.7900","6.2500"
"3313","STP","2012","112.6000","44.9000","6.5700"
"3314","STP","2013","110.6500","45.7000","6.4400"
"3315","STP","2014","111.8500","47.5000","6.5800"
"3316","STP","2015","114.4400","48.2000","6.6900"
"3317","STP","2016","118.2600","49.0000","7.0400"
"3318","STP","2017","120.6200","49.8700","7.3600"
"3319","STP","2018","123.6900","50.6200","7.6400"
"3320","STP","2019","126.1600","50.9900","7.9000"
"3321","STP","2020","123.2600","49.1200","7.8300"
"3322","STP","2021","116.3100","48.4800","7.3400"
"3323","SUR","2000","157.7600","65.6800","23.9700"
"3324","SUR","2001","167.8500","70.1700","25.5700"
"3325","SUR","2002","178.1800","76.5000","27.3600"
"3326","SUR","2003","184.8100","81.4100","28.4600"
"3327","SUR","2004","184.5400","82.9700","28.8900"
"3328","SUR","2005","180.0200","82.6100","28.6200"
"3329","SUR","2006","173.1000","82.4900","28.0500"
"3330","SUR","2007","168.4800","82.6300","27.9600"
"3331","SUR","2008","166.9900","83.7900","28.6600"
"3332","SUR","2009","163.6100","84.3000","28.9900"
"3333","SUR","2010","164.1900","85.6900","29.8200"
"3334","SUR","2011","161.8600","86.5400","30.0900"
"3335","SUR","2012","163.7800","87.4600","30.6600"
"3336","SUR","2013","174.4700","92.7100","33.0200"
"3337","SUR","2014","179.0400","95.0100","34.2600"
"3338","SUR","2015","184.0500","96.4700","35.6900"
"3339","SUR","2016","184.1000","97.3200","36.6400"
"3340","SUR","2017","186.8200","98.8600","37.6400"
"3341","SUR","2018","195.1400","102.3900","39.3100"
"3342","SUR","2019","200.0600","105.1900","40.0700"
"3343","SUR","2020","201.3600","105.2700","40.8000"
"3344","SUR","2021","164.1600","107.2900","34.9700"
"3345","SVK","2000","520.1200","220.1600","12.1300"
"3346","SVK","2001","527.7300","221.6400","12.3400"
"3347","SVK","2002","516.3300","215.3200","11.7800"
"3348","SVK","2003","521.7300","218.3600","12.4300"
"3349","SVK","2004","519.4300","218.8600","12.0700"
"3350","SVK","2005","537.9800","223.1200","11.6200"
"3351","SVK","2006","542.7300","220.8100","11.5100"
"3352","SVK","2007","543.5400","224.8600","10.3100"
"3353","SVK","2008","528.5600","225.2500","10.0600"
"3354","SVK","2009","527.0900","224.7600","10.8900"
"3355","SVK","2010","530.8300","228.7300","10.5200"
"3356","SVK","2011","487.6200","234.8700","11.8300"
"3357","SVK","2012","449.1600","243.0600","15.6800"
"3358","SVK","2013","456.7200","252.6600","12.8200"
"3359","SVK","2014","432.6200","255.7000","14.4600"
"3360","SVK","2015","470.0600","254.5200","12.9200"
"3361","SVK","2016","436.8200","258.4600","12.3700"
"3362","SVK","2017","455.0200","259.1400","11.7100"
"3363","SVK","2018","434.9200","264.2400","13.5100"
"3364","SVK","2019","431.3300","256.2600","11.3900"
"3365","SVK","2020","463.6300","264.2200","13.5200"
"3366","SVK","2021","498.3400","243.8300","13.2500"
"3367","SVN","2000","382.0000","244.6300","24.1900"
"3368","SVN","2001","369.8300","250.4800","27.0200"
"3369","SVN","2002","365.0900","258.0400","29.1700"
"3370","SVN","2003","373.9000","263.5600","33.4800"
"3371","SVN","2004","356.7500","259.6800","29.9900"
"3372","SVN","2005","379.0300","259.5400","24.6000"
"3373","SVN","2006","352.7800","265.4200","18.0000"
"3374","SVN","2007","364.1600","274.0300","11.9800"
"3375","SVN","2008","345.3000","277.9600","12.2700"
"3376","SVN","2009","354.7000","281.8200","10.5000"
"3377","SVN","2010","348.5600","285.1100","11.3100"
"3378","SVN","2011","342.2000","282.6800","12.7800"
"3379","SVN","2012","355.7300","282.9500","14.6300"
"3380","SVN","2013","355.7700","294.3200","14.9900"
"3381","SVN","2014","368.5700","286.0800","12.8200"
"3382","SVN","2015","381.0000","302.1500","14.6200"
"3383","SVN","2016","372.0400","303.2200","13.0300"
"3384","SVN","2017","381.6400","308.7500","14.4600"
"3385","SVN","2018","381.1700","323.2700","12.6400"
"3386","SVN","2019","372.5100","302.7200","16.7200"
"3387","SVN","2020","360.1100","307.3500","19.2500"
"3388","SVN","2021","335.9600","305.1700","14.2200"
"3389","SWE","2000","487.0300","243.8100","18.3400"
"3390","SWE","2001","478.8800","248.0600","19.3500"
"3391","SWE","2002","475.7400","244.5100","19.6600"
"3392","SWE","2003","460.6600","246.6900","19.4900"
"3393","SWE","2004","435.4000","248.8700","19.8800"
"3394","SWE","2005","430.0100","248.1500","20.0900"
"3395","SWE","2006","425.3400","248.3300","20.1100"
"3396","SWE","2007","417.4900","245.3400","19.4800"
"3397","SWE","2008","409.0100","242.5500","19.7000"
"3398","SWE","2009","393.2700","241.4300","18.9000"
"3399","SWE","2010","390.5000","242.0900","18.7200"
"3400","SWE","2011","373.0200","239.0800","18.1500"
"3401","SWE","2012","369.3000","239.4200","17.8300"
"3402","SWE","2013","350.9000","237.5000","17.4600"
"3403","SWE","2014","336.5600","236.6100","16.4000"
"3404","SWE","2015","330.8400","239.2900","17.6200"
"3405","SWE","2016","319.7700","234.1900","17.3800"
"3406","SWE","2017","309.1100","235.3100","18.6800"
"3407","SWE","2018","298.9700","228.8600","17.7700"
"3408","SWE","2019","278.9400","226.8700","16.9300"
"3409","SWE","2020","272.0800","224.2200","18.6400"
"3410","SWE","2021","265.6200","220.6500","17.9700"
"3411","SWZ","2000","105.3800","63.0400","29.3100"
"3412","SWZ","2001","114.8400","68.2900","33.2100"
"3413","SWZ","2002","121.3500","74.7100","36.4600"
"3414","SWZ","2003","124.4500","79.6200","38.7600"
"3415","SWZ","2004","129.4700","83.6000","40.9600"
"3416","SWZ","2005","131.8000","87.9700","42.2600"
"3417","SWZ","2006","131.7100","87.7800","42.5400"
"3418","SWZ","2007","133.1700","87.6400","43.1100"
"3419","SWZ","2008","134.5700","86.8700","43.5600"
"3420","SWZ","2009","131.4500","86.1300","42.9400"
"3421","SWZ","2010","165.8800","83.7600","53.8800"
"3422","SWZ","2011","130.8900","82.9500","42.7000"
"3423","SWZ","2012","140.0100","82.5700","46.0100"
"3424","SWZ","2013","143.1400","82.9000","47.3800"
"3425","SWZ","2014","148.2600","82.9800","49.5600"
"3426","SWZ","2015","157.2300","82.6400","53.2300"
"3427","SWZ","2016","165.3700","82.8100","56.4000"
"3428","SWZ","2017","174.6300","83.3200","59.3700"
"3429","SWZ","2018","180.9800","83.9400","62.0000"
"3430","SWZ","2019","182.7100","84.4100","63.3900"
"3431","SWZ","2020","188.4500","71.5000","67.2000"
"3432","SWZ","2021","168.6600","61.0300","60.7100"
"3433","SYC","2000","213.1000","110.5500","14.2800"
"3434","SYC","2001","214.4900","111.7600","14.6300"
"3435","SYC","2002","217.1600","115.3200","15.2200"
"3436","SYC","2003","223.5000","118.7400","16.1100"
"3437","SYC","2004","223.7800","119.2900","16.7100"
"3438","SYC","2005","224.2500","121.8900","17.4100"
"3439","SYC","2006","225.2500","124.0600","18.4600"
"3440","SYC","2007","223.0900","125.4900","19.0000"
"3441","SYC","2008","228.6700","126.7100","19.7200"
"3442","SYC","2009","227.1400","127.3900","19.5600"
"3443","SYC","2010","223.0500","126.5400","19.5500"
"3444","SYC","2011","221.6300","126.8100","19.7300"
"3445","SYC","2012","228.9000","130.8300","20.7900"
"3446","SYC","2013","228.8400","133.2300","21.5100"
"3447","SYC","2014","230.1600","135.6600","22.4100"
"3448","SYC","2015","232.7800","139.1300","23.2300"
"3449","SYC","2016","239.9300","143.2700","24.3100"
"3450","SYC","2017","243.4100","146.4400","25.1100"
"3451","SYC","2018","246.1800","149.6900","25.9400"
"3452","SYC","2019","247.3400","152.6400","26.6300"
"3453","SYC","2020","168.7700","107.8100","17.8700"
"3454","SYC","2021","209.9300","128.0400","23.0700"
"3455","SYR","2000","202.1200","59.9500","7.6300"
"3456","SYR","2001","194.1300","56.9500","7.0900"
"3457","SYR","2002","193.8600","56.4500","7.0600"
"3458","SYR","2003","182.3500","54.9400","6.6300"
"3459","SYR","2004","180.0600","55.3000","6.5900"
"3460","SYR","2005","175.2600","55.2200","6.4300"
"3461","SYR","2006","170.7400","55.3700","6.3100"
"3462","SYR","2007","166.1200","55.7500","6.1600"
"3463","SYR","2008","168.4600","58.2000","6.3100"
"3464","SYR","2009","167.5200","59.4900","6.4100"
"3465","SYR","2010","171.4600","61.2900","6.7500"
"3466","SYR","2011","176.0000","62.6600","6.9600"
"3467","SYR","2012","180.0200","66.4100","7.1700"
"3468","SYR","2013","192.3300","69.9000","7.6900"
"3469","SYR","2014","204.6600","71.1100","8.2300"
"3470","SYR","2015","212.5000","72.8500","8.6000"
"3471","SYR","2016","214.2300","72.5100","8.7400"
"3472","SYR","2017","221.0200","74.2300","9.0400"
"3473","SYR","2018","225.7700","76.3700","9.2600"
"3474","SYR","2019","220.4300","74.6700","9.1000"
"3475","SYR","2020","226.7000","70.8200","9.4400"
"3476","SYR","2021","221.5500","68.3400","9.3100"
"3477","TCD","2000","121.6400","41.0100","11.1500"
"3478","TCD","2001","117.0900","40.9100","10.9600"
"3479","TCD","2002","117.1700","40.6300","11.1500"
"3480","TCD","2003","111.7500","41.0400","10.8200"
"3481","TCD","2004","109.8700","40.5000","10.8200"
"3482","TCD","2005","109.9500","40.2100","11.0500"
"3483","TCD","2006","108.4400","39.8900","11.0100"
"3484","TCD","2007","105.1700","40.3100","10.8900"
"3485","TCD","2008","104.9000","40.4100","10.9600"
"3486","TCD","2009","103.0600","39.9700","10.9500"
"3487","TCD","2010","101.5500","40.2600","10.9200"
"3488","TCD","2011","99.6400","40.1500","10.7800"
"3489","TCD","2012","97.8900","40.0400","10.6700"
"3490","TCD","2013","95.4200","39.8300","10.5800"
"3491","TCD","2014","93.6000","39.8000","10.4800"
"3492","TCD","2015","92.3800","39.7600","10.2500"
"3493","TCD","2016","89.8400","39.9100","10.1300"
"3494","TCD","2017","89.5800","40.0900","10.1800"
"3495","TCD","2018","89.7500","40.1200","10.2700"
"3496","TCD","2019","89.0400","40.0000","10.2400"
"3497","TCD","2020","92.2200","35.5800","10.7100"
"3498","TCD","2021","84.7900","38.3000","9.9700"
"3499","TGO","2000","148.2500","40.1200","12.5800"
"3500","TGO","2001","148.7500","40.2400","12.8800"
"3501","TGO","2002","148.4600","40.6300","13.1200"
"3502","TGO","2003","148.7600","41.1400","13.3900"
"3503","TGO","2004","145.8500","40.8100","13.3200"
"3504","TGO","2005","145.3200","40.9800","13.4300"
"3505","TGO","2006","145.2300","41.5000","13.5800"
"3506","TGO","2007","143.7000","42.2000","13.6100"
"3507","TGO","2008","145.8500","43.5000","13.9800"
"3508","TGO","2009","145.4200","44.2400","14.1400"
"3509","TGO","2010","143.4300","44.7000","14.2000"
"3510","TGO","2011","142.4400","45.0500","14.2900"
"3511","TGO","2012","141.2200","44.9900","14.3000"
"3512","TGO","2013","139.8900","44.9700","14.4300"
"3513","TGO","2014","139.3800","45.3000","14.5100"
"3514","TGO","2015","141.2400","45.4400","14.6200"
"3515","TGO","2016","141.4400","46.2800","14.8800"
"3516","TGO","2017","139.9600","47.2100","14.9200"
"3517","TGO","2018","139.6700","47.5300","14.9900"
"3518","TGO","2019","138.6300","47.8400","14.9600"
"3519","TGO","2020","141.9500","45.5000","15.4000"
"3520","TGO","2021","139.2400","43.2800","15.1800"
"3521","THA","2000","116.6200","119.6100","17.2500"
"3522","THA","2001","118.7800","119.2100","17.2800"
"3523","THA","2002","127.8700","124.6100","18.6800"
"3524","THA","2003","132.6100","126.9400","19.3900"
"3525","THA","2004","138.5700","131.0000","20.4200"
"3526","THA","2005","138.7700","133.4500","20.7100"
"3527","THA","2006","140.8300","134.8700","21.3100"
"3528","THA","2007","140.5300","136.1700","21.3200"
"3529","THA","2008","140.2000","137.3800","21.3100"
"3530","THA","2009","138.9300","137.3100","21.2000"
"3531","THA","2010","143.6400","140.6900","22.0600"
"3532","THA","2011","143.1700","141.6900","22.3200"
"3533","THA","2012","142.4000","142.0500","22.5400"
"3534","THA","2013","143.7000","142.5800","23.1400"
"3535","THA","2014","148.4100","145.0500","24.6600"
"3536","THA","2015","152.4700","148.4900","25.9200"
"3537","THA","2016","161.4000","153.0100","27.8500"
"3538","THA","2017","164.8800","155.5000","29.0500"
"3539","THA","2018","174.7000","162.5100","31.1400"
"3540","THA","2019","187.4600","171.8000","33.6900"
"3541","THA","2020","195.5900","176.7600","35.4500"
"3542","THA","2021","200.7100","182.8100","36.6500"
"3543","TJK","2000","188.9600","59.8500","7.1600"
"3544","TJK","2001","189.4700","58.5800","7.1700"
"3545","TJK","2002","191.9200","58.5000","7.1600"
"3546","TJK","2003","192.7900","58.2300","7.1100"
"3547","TJK","2004","195.9500","58.6000","7.1900"
"3548","TJK","2005","202.7500","59.9500","7.3900"
"3549","TJK","2006","206.2900","60.4400","7.4100"
"3550","TJK","2007","212.7500","61.3000","7.5600"
"3551","TJK","2008","211.8700","61.1200","7.5400"
"3552","TJK","2009","209.5100","60.8400","7.5400"
"3553","TJK","2010","197.3700","58.7900","7.3000"
"3554","TJK","2011","190.7900","57.3600","7.2000"
"3555","TJK","2012","181.3100","55.8500","7.0700"
"3556","TJK","2013","166.4500","53.4600","6.7900"
"3557","TJK","2014","163.2500","53.2200","6.9300"
"3558","TJK","2015","158.6100","52.4600","6.9800"
"3559","TJK","2016","154.1300","52.0900","7.0600"
"3560","TJK","2017","148.5300","50.9300","6.9700"
"3561","TJK","2018","145.9100","50.6300","6.9500"
"3562","TJK","2019","143.7800","50.3000","6.9200"
"3563","TJK","2020","150.2100","49.1000","6.7100"
"3564","TJK","2021","147.1200","41.3200","7.0800"
"3565","TKM","2000","277.7000","64.3800","7.7200"
"3566","TKM","2001","278.5500","63.0200","7.5700"
"3567","TKM","2002","295.4200","64.1200","8.2800"
"3568","TKM","2003","306.2400","63.9600","8.6800"
"3569","TKM","2004","323.2100","65.4100","9.3200"
"3570","TKM","2005","339.8400","67.6400","9.5300"
"3571","TKM","2006","337.3300","69.1100","9.3200"
"3572","TKM","2007","327.4100","70.1100","9.3900"
"3573","TKM","2008","304.3500","70.2500","9.8600"
"3574","TKM","2009","263.0000","70.3900","9.7300"
"3575","TKM","2010","246.0000","70.7900","9.2000"
"3576","TKM","2011","246.8100","72.6100","9.1600"
"3577","TKM","2012","245.8900","74.4400","9.5300"
"3578","TKM","2013","249.5000","75.3100","10.0700"
"3579","TKM","2014","259.9100","77.4500","11.5900"
"3580","TKM","2015","261.5600","79.4900","12.6600"
"3581","TKM","2016","259.2100","80.4300","12.7900"
"3582","TKM","2017","261.8000","81.5400","13.0600"
"3583","TKM","2018","262.4100","82.6500","13.2200"
"3584","TKM","2019","265.1700","84.1000","13.4800"
"3585","TKM","2020","276.6100","77.1900","14.1200"
"3586","TKM","2021","275.5000","71.7600","14.4100"
"3587","TLS","2000","116.3100","31.4800","7.2900"
"3588","TLS","2001","119.4000","31.8200","7.4500"
"3589","TLS","2002","114.1600","31.7500","7.1000"
"3590","TLS","2003","124.9600","32.5100","7.7500"
"3591","TLS","2004","133.1200","32.2400","8.2300"
"3592","TLS","2005","136.6400","32.5800","8.4100"
"3593","TLS","2006","137.7700","33.1900","8.4900"
"3594","TLS","2007","140.8300","34.2800","8.7100"
"3595","TLS","2008","147.4300","35.3300","9.1500"
"3596","TLS","2009","179.5300","37.8000","11.2200"
"3597","TLS","2010","181.9900","38.7800","11.2800"
"3598","TLS","2011","186.2900","41.2500","11.5800"
"3599","TLS","2012","182.7200","42.7800","11.3300"
"3600","TLS","2013","188.2400","44.1700","11.6600"
"3601","TLS","2014","194.8100","45.5300","12.0400"
"3602","TLS","2015","186.1000","45.2800","11.5000"
"3603","TLS","2016","187.3900","45.2300","11.8200"
"3604","TLS","2017","181.7700","45.4200","11.7200"
"3605","TLS","2018","184.9700","45.7800","12.0800"
"3606","TLS","2019","189.1800","46.3200","12.4600"
"3607","TLS","2020","171.4600","45.5500","11.2100"
"3608","TLS","2021","183.4700","42.5900","12.1000"
"3609","TON","2000","157.8100","106.4900","66.2900"
"3610","TON","2001","155.8200","105.7400","66.3400"
"3611","TON","2002","156.0400","107.1300","67.2400"
"3612","TON","2003","157.6000","108.6800","68.8900"
"3613","TON","2004","155.3000","108.2500","69.4300"
"3614","TON","2005","147.9600","104.1400","66.9000"
"3615","TON","2006","150.1400","104.4100","67.1500"
"3616","TON","2007","153.2000","105.1000","67.8200"
"3617","TON","2008","155.2500","105.9000","68.2800"
"3618","TON","2009","158.8800","105.8400","69.2700"
"3619","TON","2010","163.3900","107.0200","70.8400"
"3620","TON","2011","164.5500","107.5500","71.6300"
"3621","TON","2012","166.5100","108.1000","72.6400"
"3622","TON","2013","168.1400","108.6500","73.4800"
"3623","TON","2014","169.2100","109.0700","74.4000"
"3624","TON","2015","169.8300","110.2700","75.5100"
"3625","TON","2016","168.1600","111.5200","76.0200"
"3626","TON","2017","170.2400","112.5600","77.6900"
"3627","TON","2018","170.0900","113.1100","78.6200"
"3628","TON","2019","169.6700","113.3200","79.2800"
"3629","TON","2020","168.0400","112.3800","78.7100"
"3630","TON","2021","176.8700","118.7300","84.1700"
"3631","TTO","2000","199.5000","99.3400","78.6200"
"3632","TTO","2001","195.0400","100.5000","78.6200"
"3633","TTO","2002","189.1700","101.3300","76.4900"
"3634","TTO","2003","192.6800","105.4900","80.6300"
"3635","TTO","2004","187.0900","106.1700","80.3900"
"3636","TTO","2005","182.8500","106.0500","80.7300"
"3637","TTO","2006","177.1400","107.1500","78.3100"
"3638","TTO","2007","174.6000","112.1600","80.3700"
"3639","TTO","2008","181.8300","118.3100","83.5700"
"3640","TTO","2009","176.5200","115.9000","80.5700"
"3641","TTO","2010","176.9900","119.4000","78.3400"
"3642","TTO","2011","172.6300","119.4100","78.8300"
"3643","TTO","2012","167.6600","118.3100","75.9500"
"3644","TTO","2013","182.1400","125.6200","83.0600"
"3645","TTO","2014","188.4400","130.7700","86.8500"
"3646","TTO","2015","195.3000","134.9600","90.5700"
"3647","TTO","2016","211.4100","144.7500","98.1200"
"3648","TTO","2017","213.1000","147.0500","99.1800"
"3649","TTO","2018","213.0900","148.5700","100.2600"
"3650","TTO","2019","218.0400","151.9800","103.9900"
"3651","TTO","2020","230.9100","153.2200","110.4000"
"3652","TTO","2021","231.9400","148.3900","110.7700"
"3653","TUN","2000","197.4300","74.2100","6.5300"
"3654","TUN","2001","200.9900","75.1000","6.7500"
"3655","TUN","2002","204.1600","76.3300","7.2200"
"3656","TUN","2003","207.6300","77.4700","7.6500"
"3657","TUN","2004","210.5600","78.6500","8.1400"
"3658","TUN","2005","212.8500","80.6000","8.5900"
"3659","TUN","2006","215.3000","82.3600","9.0400"
"3660","TUN","2007","218.0300","84.1500","9.4900"
"3661","TUN","2008","220.4800","85.8800","9.8900"
"3662","TUN","2009","224.3500","87.6200","10.3600"
"3663","TUN","2010","228.2700","89.4300","10.8300"
"3664","TUN","2011","225.4300","90.5700","11.0400"
"3665","TUN","2012","226.4600","92.1600","11.3500"
"3666","TUN","2013","230.4800","93.9600","11.8400"
"3667","TUN","2014","233.7100","95.6100","12.2300"
"3668","TUN","2015","238.3000","97.3900","12.7700"
"3669","TUN","2016","241.5300","99.0200","13.1600"
"3670","TUN","2017","245.7900","100.8300","13.7100"
"3671","TUN","2018","247.6700","102.1900","14.1400"
"3672","TUN","2019","248.0600","103.6000","14.5200"
"3673","TUN","2020","260.9900","99.2400","15.5100"
"3674","TUN","2021","243.7900","100.0800","14.2800"
"3675","TUR","2000","168.0300","113.6700","15.9100"
"3676","TUR","2001","162.1000","110.3900","15.4800"
"3677","TUR","2002","156.0800","107.0800","14.8500"
"3678","TUR","2003","151.2100","106.0800","14.3900"
"3679","TUR","2004","148.0400","105.2600","14.3100"
"3680","TUR","2005","145.9300","106.2900","14.4400"
"3681","TUR","2006","144.3700","106.9200","14.7200"
"3682","TUR","2007","145.5600","107.7600","15.4900"
"3683","TUR","2008","151.2400","110.9900","16.9400"
"3684","TUR","2009","161.6900","117.4300","18.8700"
"3685","TUR","2010","162.0000","120.7200","19.6800"
"3686","TUR","2011","162.2800","122.6500","19.7900"
"3687","TUR","2012","164.1900","124.0900","19.6800"
"3688","TUR","2013","168.2800","126.7800","19.8000"
"3689","TUR","2014","176.2800","129.2900","20.3700"
"3690","TUR","2015","183.5000","131.3800","20.9900"
"3691","TUR","2016","188.4200","133.4600","21.4200"
"3692","TUR","2017","185.8700","133.6300","21.0900"
"3693","TUR","2018","181.3300","132.9600","20.5100"
"3694","TUR","2019","189.4100","136.0400","21.1300"
"3695","TUR","2020","203.5200","130.1900","22.6400"
"3696","TUR","2021","190.4300","139.8500","21.3000"
"3697","TZA","2000","70.9500","56.1400","10.8700"
"3698","TZA","2001","67.8300","55.7800","10.6500"
"3699","TZA","2002","68.7100","53.5000","10.6500"
"3700","TZA","2003","69.0400","52.1200","10.7000"
"3701","TZA","2004","69.3100","50.8800","10.7100"
"3702","TZA","2005","69.5400","52.6200","10.7200"
"3703","TZA","2006","69.7900","51.1600","10.6800"
"3704","TZA","2007","69.7400","50.9100","10.6400"
"3705","TZA","2008","69.6800","51.2600","10.6300"
"3706","TZA","2009","70.0600","49.3900","10.6900"
"3707","TZA","2010","69.9200","50.4700","10.6900"
"3708","TZA","2011","69.2100","51.1000","10.5500"
"3709","TZA","2012","66.2600","54.9800","10.0100"
"3710","TZA","2013","68.0300","57.2300","10.2700"
"3711","TZA","2014","67.8100","56.8800","10.2000"
"3712","TZA","2015","69.3300","57.7000","10.3300"
"3713","TZA","2016","69.7600","59.4300","10.4200"
"3714","TZA","2017","69.5800","61.8500","10.4700"
"3715","TZA","2018","72.1300","62.8500","10.9300"
"3716","TZA","2019","75.1500","63.3400","11.4100"
"3717","TZA","2020","77.7900","53.8400","11.8700"
"3718","TZA","2021","86.4700","49.4900","13.4600"
"3719","UGA","2000","78.0800","75.8500","12.9200"
"3720","UGA","2001","77.9200","74.8400","13.2500"
"3721","UGA","2002","75.1900","72.8900","13.1200"
"3722","UGA","2003","71.3800","70.8300","12.7300"
"3723","UGA","2004","68.5200","69.6200","12.4400"
"3724","UGA","2005","63.6300","67.4700","11.7700"
"3725","UGA","2006","58.3700","65.3500","11.0000"
"3726","UGA","2007","53.6600","63.4300","10.3000"
"3727","UGA","2008","51.3700","60.6600","10.0400"
"3728","UGA","2009","48.0800","59.5000","9.6200"
"3729","UGA","2010","46.2800","58.8000","9.4600"
"3730","UGA","2011","45.7000","58.0800","9.5100"
"3731","UGA","2012","43.5600","57.6500","9.1700"
"3732","UGA","2013","42.4900","58.1800","9.0600"
"3733","UGA","2014","40.1400","58.6100","8.6300"
"3734","UGA","2015","38.7100","58.8500","8.3500"
"3735","UGA","2016","38.1000","59.6300","8.3200"
"3736","UGA","2017","37.0800","59.3200","8.2200"
"3737","UGA","2018","38.7700","59.6100","8.6600"
"3738","UGA","2019","41.3700","59.8900","9.2900"
"3739","UGA","2020","42.3300","54.6500","9.6000"
"3740","UGA","2021","47.5500","47.3600","10.9200"
"3741","UKR","2000","933.7500","230.4100","6.7200"
"3742","UKR","2001","928.3400","226.7700","6.3000"
"3743","UKR","2002","966.2900","227.8600","6.1300"
"3744","UKR","2003","1001.5500","226.2700","5.9800"
"3745","UKR","2004","1001.6100","222.3500","5.7700"
"3746","UKR","2005","1050.2300","213.9300","6.0300"
"3747","UKR","2006","1033.2700","205.3000","5.7200"
"3748","UKR","2007","1040.3000","207.6000","5.5900"
"3749","UKR","2008","1040.0100","209.4700","5.3100"
"3750","UKR","2009","996.4600","204.8700","4.8500"
"3751","UKR","2010","1000.5900","207.5500","4.8000"
"3752","UKR","2011","947.3200","206.8900","4.5200"
"3753","UKR","2012","945.3000","211.4700","4.4400"
"3754","UKR","2013","947.5200","200.2000","3.9900"
"3755","UKR","2014","975.5400","204.8600","4.2500"
"3756","UKR","2015","931.9500","187.9100","3.9600"
"3757","UKR","2016","919.8200","186.7000","4.4900"
"3758","UKR","2017","909.0000","185.0100","4.7700"
"3759","UKR","2018","933.1300","192.4000","5.3600"
"3760","UKR","2019","929.9800","191.7200","5.6800"
"3761","UKR","2020","913.2100","195.2000","5.6800"
"3762","UKR","2021","902.4200","196.6500","5.7900"
"3763","URY","2000","324.1600","242.9400","17.8300"
"3764","URY","2001","330.0900","239.4600","18.0400"
"3765","URY","2002","325.1600","246.2700","17.4700"
"3766","URY","2003","346.8500","247.2800","19.1800"
"3767","URY","2004","337.3400","245.2400","19.5700"
"3768","URY","2005","325.9900","245.2700","18.2300"
"3769","URY","2006","305.2200","242.9400","18.7600"
"3770","URY","2007","335.6400","248.0900","19.3100"
"3771","URY","2008","300.8000","246.9000","17.3600"
"3772","URY","2009","291.5200","243.8400","18.6100"
"3773","URY","2010","304.6200","247.2300","19.5700"
"3774","URY","2011","297.8300","249.1700","19.9500"
"3775","URY","2012","300.1500","250.5200","18.9200"
"3776","URY","2013","283.0800","250.4000","20.4800"
"3777","URY","2014","272.3100","254.9300","21.9000"
"3778","URY","2015","289.4400","254.5500","22.3300"
"3779","URY","2016","291.6900","259.8000","23.4700"
"3780","URY","2017","269.7000","242.9100","20.7100"
"3781","URY","2018","269.2500","253.7300","19.3700"
"3782","URY","2019","271.7500","267.9500","21.3600"
"3783","URY","2020","255.4900","265.0000","22.2900"
"3784","URY","2021","266.1900","269.7000","22.1700"
"3785","USA","2000","332.8100","199.6900","20.3800"
"3786","USA","2001","324.1300","197.8700","20.5800"
"3787","USA","2002","319.4000","196.8300","20.8000"
"3788","USA","2003","310.8900","194.9200","20.7600"
"3789","USA","2004","293.6800","191.9100","20.1300"
"3790","USA","2005","289.0900","192.0200","20.3800"
"3791","USA","2006","275.1900","190.3000","19.2500"
"3792","USA","2007","267.0700","189.6000","18.5600"
"3793","USA","2008","264.2300","188.9600","17.9600"
"3794","USA","2009","254.1400","188.1300","17.0800"
"3795","USA","2010","251.7700","188.7800","16.5100"
"3796","USA","2011","249.5600","187.9100","16.4800"
"3797","USA","2012","248.5800","188.3100","15.7000"
"3798","USA","2013","249.7800","187.2400","15.0700"
"3799","USA","2014","248.9400","187.6300","14.6700"
"3800","USA","2015","255.3800","187.5000","14.8500"
"3801","USA","2016","254.6500","186.8300","14.6600"
"3802","USA","2017","258.0200","185.6900","15.1000"
"3803","USA","2018","258.9300","184.4400","15.1800"
"3804","USA","2019","256.7100","184.4900","15.5800"
"3805","USA","2020","270.7900","183.8400","17.9900"
"3806","USA","2021","273.2600","183.1300","18.1000"
"3807","UZB","2000","447.1600","93.5500","18.2800"
"3808","UZB","2001","441.0500","92.5700","18.0900"
"3809","UZB","2002","467.7600","96.1800","18.9200"
"3810","UZB","2003","470.9600","95.1400","18.8000"
"3811","UZB","2004","454.6600","91.7000","18.4800"
"3812","UZB","2005","499.9400","93.9000","21.2300"
"3813","UZB","2006","493.2800","82.9600","23.9100"
"3814","UZB","2007","490.0900","79.7700","24.7200"
"3815","UZB","2008","480.4500","77.7300","24.2500"
"3816","UZB","2009","452.1000","74.5900","23.1200"
"3817","UZB","2010","456.8100","73.5100","23.1400"
"3818","UZB","2011","455.0400","72.1700","22.8700"
"3819","UZB","2012","444.5600","72.0800","23.9100"
"3820","UZB","2013","419.3700","70.0800","23.3900"
"3821","UZB","2014","405.5000","71.6700","23.9400"
"3822","UZB","2015","380.7000","72.2800","24.0500"
"3823","UZB","2016","364.3700","74.3000","23.6200"
"3824","UZB","2017","355.0700","74.1300","23.6900"
"3825","UZB","2018","327.2600","70.6600","22.0100"
"3826","UZB","2019","307.3300","67.9200","21.4000"
"3827","UZB","2020","336.3900","64.8400","22.0600"
"3828","UZB","2021","299.7700","61.7300","20.1100"
"3829","VCT","2000","225.0800","121.0800","72.9400"
"3830","VCT","2001","222.9200","116.3300","70.1100"
"3831","VCT","2002","224.4900","109.9200","80.6900"
"3832","VCT","2003","218.3800","101.8000","83.9400"
"3833","VCT","2004","223.0400","98.0500","83.8400"
"3834","VCT","2005","224.8300","100.4200","72.3700"
"3835","VCT","2006","242.6500","99.5000","59.4700"
"3836","VCT","2007","267.8800","99.9200","40.1700"
"3837","VCT","2008","286.7800","102.2400","33.3600"
"3838","VCT","2009","285.5300","109.7400","31.1300"
"3839","VCT","2010","290.8900","119.4800","53.8500"
"3840","VCT","2011","293.7400","122.7500","70.8000"
"3841","VCT","2012","298.3200","138.2800","82.0400"
"3842","VCT","2013","310.0900","140.0400","81.3100"
"3843","VCT","2014","309.0300","159.2200","70.9100"
"3844","VCT","2015","309.9800","155.9400","59.6400"
"3845","VCT","2016","311.1900","170.2300","50.5600"
"3846","VCT","2017","326.2400","170.9800","52.5600"
"3847","VCT","2018","329.1800","184.6500","56.6600"
"3848","VCT","2019","334.4800","197.0000","59.0600"
"3849","VCT","2020","380.0500","205.1000","45.0900"
"3850","VCT","2021","364.1500","200.7700","45.4000"
"3851","VEN","2000","114.9000","77.7200","16.2100"
"3852","VEN","2001","117.9600","80.0300","16.6900"
"3853","VEN","2002","111.1800","80.6100","16.2000"
"3854","VEN","2003","118.3100","85.2500","17.3200"
"3855","VEN","2004","113.9000","84.0700","16.7800"
"3856","VEN","2005","113.7500","85.3900","16.5600"
"3857","VEN","2006","114.0600","86.8500","16.1700"
"3858","VEN","2007","116.2400","88.8200","17.0800"
"3859","VEN","2008","120.4100","91.8100","18.2300"
"3860","VEN","2009","119.9100","92.1800","19.0200"
"3861","VEN","2010","124.4600","95.2400","20.1100"
"3862","VEN","2011","128.5400","98.8300","21.1400"
"3863","VEN","2012","127.2100","100.6600","21.9000"
"3864","VEN","2013","125.2200","101.5900","22.9000"
"3865","VEN","2014","137.6500","106.8500","26.2800"
"3866","VEN","2015","144.1800","107.7300","27.8000"
"3867","VEN","2016","165.4500","117.4500","31.8900"
"3868","VEN","2017","162.0300","115.5800","31.2100"
"3869","VEN","2018","168.6700","120.6100","32.5900"
"3870","VEN","2019","179.9000","125.6400","34.9100"
"3871","VEN","2020","217.3700","101.8900","41.6900"
"3872","VEN","2021","229.2500","107.4700","43.3400"
"3873","VNM","2000","189.6800","93.7400","18.6000"
"3874","VNM","2001","195.2500","95.0500","19.1800"
"3875","VNM","2002","200.3400","96.0400","19.7200"
"3876","VNM","2003","206.3600","97.2300","20.3400"
"3877","VNM","2004","214.6700","98.5400","21.1100"
"3878","VNM","2005","221.2700","99.9600","21.6500"
"3879","VNM","2006","228.5200","100.8400","22.3200"
"3880","VNM","2007","237.4700","101.9500","23.1700"
"3881","VNM","2008","245.1400","103.3800","23.9100"
"3882","VNM","2009","251.2000","105.1600","24.5400"
"3883","VNM","2010","256.7000","107.3300","25.2800"
"3884","VNM","2011","259.0000","109.6100","25.9100"
"3885","VNM","2012","260.7600","111.5300","26.4500"
"3886","VNM","2013","263.9300","113.7300","27.1400"
"3887","VNM","2014","266.9600","116.1900","28.0800"
"3888","VNM","2015","271.4800","118.8800","29.1500"
"3889","VNM","2016","273.5800","120.6000","29.9000"
"3890","VNM","2017","274.1200","122.4400","30.6300"
"3891","VNM","2018","276.7700","124.3700","31.4900"
"3892","VNM","2019","280.4800","126.4000","32.4200"
"3893","VNM","2020","260.2600","118.5400","30.3400"
"3894","VNM","2021","283.0400","124.6400","33.4800"
"3895","VUT","2000","270.5300","41.4200","36.3300"
"3896","VUT","2001","277.0100","42.2300","37.7000"
"3897","VUT","2002","281.3800","41.1800","38.7200"
"3898","VUT","2003","284.2600","40.2400","39.5200"
"3899","VUT","2004","286.6600","41.0100","40.2900"
"3900","VUT","2005","287.5400","43.1300","40.6100"
"3901","VUT","2006","295.7400","43.9600","41.9700"
"3902","VUT","2007","296.2300","45.3300","42.1900"
"3903","VUT","2008","296.4000","46.0200","42.4000"
"3904","VUT","2009","302.5800","46.0000","43.6900"
"3905","VUT","2010","299.5700","46.1200","43.5900"
"3906","VUT","2011","298.7800","46.7100","44.0000"
"3907","VUT","2012","298.3200","46.7100","44.5000"
"3908","VUT","2013","294.1300","46.7900","44.2800"
"3909","VUT","2014","288.6000","46.8600","43.8700"
"3910","VUT","2015","288.2800","46.9200","44.2900"
"3911","VUT","2016","284.4300","47.0600","44.2000"
"3912","VUT","2017","281.9400","47.1000","44.4700"
"3913","VUT","2018","280.1700","47.2400","44.7900"
"3914","VUT","2019","279.4100","47.1800","45.2300"
"3915","VUT","2020","281.6900","47.5200","45.7400"
"3916","VUT","2021","272.1800","45.7200","45.1100"
"3917","WSM","2000","190.4000","83.7200","38.5300"
"3918","WSM","2001","191.8500","84.3500","39.5700"
"3919","WSM","2002","193.4500","85.2600","40.5800"
"3920","WSM","2003","197.5900","86.3200","41.5000"
"3921","WSM","2004","199.8800","87.1700","42.1100"
"3922","WSM","2005","204.3800","87.9500","42.9700"
"3923","WSM","2006","207.2300","88.6400","43.3700"
"3924","WSM","2007","209.6900","89.2400","43.7700"
"3925","WSM","2008","211.7100","89.8300","44.1300"
"3926","WSM","2009","207.7700","90.9500","43.5000"
"3927","WSM","2010","214.9300","91.0400","44.7100"
"3928","WSM","2011","216.5600","91.6200","45.1500"
"3929","WSM","2012","220.6300","92.8000","46.1300"
"3930","WSM","2013","221.8300","93.7200","46.5000"
"3931","WSM","2014","228.2600","94.8200","47.9900"
"3932","WSM","2015","231.5100","96.5400","49.3300"
"3933","WSM","2016","234.9600","98.1600","50.6900"
"3934","WSM","2017","234.5700","99.2800","51.3600"
"3935","WSM","2018","234.7300","100.0300","52.1900"
"3936","WSM","2019","234.7100","100.6200","52.9500"
"3937","WSM","2020","237.7300","104.4100","53.9500"
"3938","WSM","2021","236.3300","103.8100","54.1600"
"3939","YEM","2000","184.2400","34.6500","4.2200"
"3940","YEM","2001","180.9300","34.4000","4.2000"
"3941","YEM","2002","176.7900","35.0300","4.3000"
"3942","YEM","2003","172.0800","35.4800","4.3100"
"3943","YEM","2004","168.8300","36.3400","4.3400"
"3944","YEM","2005","166.4700","36.4700","4.4600"
"3945","YEM","2006","162.8000","36.5400","4.4600"
"3946","YEM","2007","163.0700","36.7100","4.6200"
"3947","YEM","2008","161.7600","37.5200","4.6700"
"3948","YEM","2009","159.6900","37.2700","4.7000"
"3949","YEM","2010","157.1100","35.9100","4.7100"
"3950","YEM","2011","155.5700","36.2300","4.7100"
"3951","YEM","2012","155.1700","35.9600","4.7300"
"3952","YEM","2013","154.6800","36.8000","4.7800"
"3953","YEM","2014","153.1000","36.9100","4.8200"
"3954","YEM","2015","152.6600","37.6100","4.8200"
"3955","YEM","2016","154.3000","37.1300","4.9100"
"3956","YEM","2017","155.4300","36.4500","4.9600"
"3957","YEM","2018","156.2100","36.6600","4.9900"
"3958","YEM","2019","158.3400","38.8400","5.0700"
"3959","YEM","2020","163.0900","37.6000","5.2600"
"3960","YEM","2021","156.1900","37.0400","5.1000"
"3961","ZAF","2000","115.9400","78.4000","26.5700"
"3962","ZAF","2001","115.8300","78.8700","27.0600"
"3963","ZAF","2002","127.1900","86.7800","30.4000"
"3964","ZAF","2003","134.9600","83.0000","32.7700"
"3965","ZAF","2004","135.7900","86.9700","33.7500"
"3966","ZAF","2005","135.8700","89.5600","34.5200"
"3967","ZAF","2006","148.6700","92.3500","39.3600"
"3968","ZAF","2007","152.6300","93.4200","41.3000"
"3969","ZAF","2008","158.2900","96.0500","43.7200"
"3970","ZAF","2009","157.6300","96.9100","44.4500"
"3971","ZAF","2010","175.1500","105.0500","50.4100"
"3972","ZAF","2011","166.5200","104.7700","49.0700"
"3973","ZAF","2012","167.8500","104.6500","50.7000"
"3974","ZAF","2013","166.0300","104.7400","51.3100"
"3975","ZAF","2014","168.8400","106.2500","53.1500"
"3976","ZAF","2015","170.5500","107.7000","54.5900"
"3977","ZAF","2016","168.7300","108.5300","54.2900"
"3978","ZAF","2017","165.1100","107.6100","52.8100"
"3979","ZAF","2018","165.5800","107.4900","52.5300"
"3980","ZAF","2019","162.8100","106.5800","51.0400"
"3981","ZAF","2020","189.0000","95.9400","61.8700"
"3982","ZAF","2021","160.5700","105.7800","54.8100"
"3983","ZMB","2000","75.7200","64.1100","12.2200"
"3984","ZMB","2001","73.5800","59.2800","11.8900"
"3985","ZMB","2002","71.4300","62.0100","11.5500"
"3986","ZMB","2003","67.6600","61.9400","10.7800"
"3987","ZMB","2004","65.6500","59.3500","10.6100"
"3988","ZMB","2005","61.8800","55.8100","10.0300"
"3989","ZMB","2006","63.1500","52.2700","10.1000"
"3990","ZMB","2007","60.6000","50.8900","9.7200"
"3991","ZMB","2008","60.0500","51.2200","9.5500"
"3992","ZMB","2009","57.8500","54.0100","9.2400"
"3993","ZMB","2010","57.2300","54.7500","9.2400"
"3994","ZMB","2011","59.4900","53.7100","9.3000"
"3995","ZMB","2012","58.7300","53.4900","9.0700"
"3996","ZMB","2013","57.8300","54.8600","8.7700"
"3997","ZMB","2014","57.9500","55.0500","8.6300"
"3998","ZMB","2015","58.4200","55.0700","8.5600"
"3999","ZMB","2016","58.4300","58.0100","8.4000"
"4000","ZMB","2017","57.2800","58.9100","8.4700"
"4001","ZMB","2018","57.9100","58.0400","8.6200"
"4002","ZMB","2019","60.2400","60.1500","9.1200"
"4003","ZMB","2020","68.2400","54.1200","10.3200"
"4004","ZMB","2021","75.7500","46.6700","11.6600"
"4005","ZWE","2000","95.4200","82.1900","15.0600"
"4006","ZWE","2001","99.7100","89.3800","15.8100"
"4007","ZWE","2002","105.2300","98.0200","16.6500"
"4008","ZWE","2003","110.9300","102.1800","17.7800"
"4009","ZWE","2004","116.5300","107.4200","18.9700"
"4010","ZWE","2005","117.4700","106.4800","19.1900"
"4011","ZWE","2006","116.3900","105.4500","18.9100"
"4012","ZWE","2007","117.3000","103.6900","19.2500"
"4013","ZWE","2008","123.1200","108.0000","20.6000"
"4014","ZWE","2009","124.2700","113.5300","21.7700"
"4015","ZWE","2010","141.5000","113.0600","25.3500"
"4016","ZWE","2011","142.5100","110.2200","25.5500"
"4017","ZWE","2012","139.7100","108.6100","25.1700"
"4018","ZWE","2013","141.1100","106.9400","25.6100"
"4019","ZWE","2014","140.6700","106.5500","25.7600"
"4020","ZWE","2015","142.5800","107.1600","26.3000"
"4021","ZWE","2016","144.3800","107.9800","26.7000"
"4022","ZWE","2017","143.5000","107.9900","26.7900"
"4023","ZWE","2018","146.0100","109.0500","27.2600"
"4024","ZWE","2019","141.9000","109.5800","26.6500"
"4025","ZWE","2020","152.0500","96.5300","28.5500"
"4026","ZWE","2021","145.3800","76.2300","27.8900"
