"id","country_code","year","adult_mortality","neonatal_mortality","health_expenditure"
"1","AFG","2000","326.60","62.20",NULL
"2","AFG","2001","321.11","60.90",NULL
"3","AFG","2002","309.64","59.60","16.71"
"4","AFG","2003","298.46","58.20","17.75"
"5","AFG","2004","290.78","56.80","21.42"
"6","AFG","2005","286.95","55.40","25.11"
"7","AFG","2006","286.65","53.90","28.94"
"8","AFG","2007","285.68","52.40","32.71"
"9","AFG","2008","275.44","50.90","39.89"
"10","AFG","2009","266.84","49.40","43.13"
"11","AFG","2010","262.04","48.00","46.42"
"12","AFG","2011","256.17","46.50","52.19"
"13","AFG","2012","250.89","45.20","52.45"
"14","AFG","2013","245.96","43.90","56.16"
"15","AFG","2014","246.49","42.70","60.05"
"16","AFG","2015","248.54","41.50","59.92"
"17","AFG","2016","244.66","40.40","61.37"
"18","AFG","2017","261.96","39.40","66.82"
"19","AFG","2018","264.91","38.40","71.23"
"20","AFG","2019","255.98","37.40","74.06"
"21","AFG","2020","283.05","36.50","80.09"
"22","AFG","2021","314.08","35.60","81.52"
"23","AGO","2000","409.48","39.10","13.16"
"24","AGO","2001","411.70","38.10","29.26"
"25","AGO","2002","396.91","37.00","29.37"
"26","AGO","2003","362.00","35.90","35.22"
"27","AGO","2004","353.92","34.50","50.23"
"28","AGO","2005","344.19","33.00","54.66"
"29","AGO","2006","337.54","31.40","70.28"
"30","AGO","2007","325.10","30.00","93.43"
"31","AGO","2008","315.11","28.70","136.34"
"32","AGO","2009","307.85","27.30","120.53"
"33","AGO","2010","298.02","26.10","96.95"
"34","AGO","2011","291.25","24.80","122.12"
"35","AGO","2012","284.76","23.60","121.85"
"36","AGO","2013","277.66","22.50","142.78"
"37","AGO","2014","271.23","21.60","130.59"
"38","AGO","2015","264.65","20.90","107.53"
"39","AGO","2016","258.87","20.40","94.01"
"40","AGO","2017","254.16","20.00","112.75"
"41","AGO","2018","248.77","19.70","83.88"
"42","AGO","2019","244.40","19.40","64.45"
"43","AGO","2020","244.52","19.20","56.02"
"44","AGO","2021","258.46","19.00","66.94"
"45","ALB","2000","97.01","12.10","65.48"
"46","ALB","2001","94.66","11.80","73.92"
"47","ALB","2002","93.65","11.50","78.73"
"48","ALB","2003","92.83","11.20","105.44"
"49","ALB","2004","90.65","10.90","136.51"
"50","ALB","2005","87.90","10.50","149.98"
"51","ALB","2006","84.12","10.00","164.22"
"52","ALB","2007","80.09","9.20","209.32"
"53","ALB","2008","77.27","8.30","237.10"
"54","ALB","2009","76.56","7.30","236.94"
"55","ALB","2010","78.42","6.70","253.98"
"56","ALB","2011","80.50","6.30","273.75"
"57","ALB","2012","83.32","6.10","260.68"
"58","ALB","2013","84.76","5.90","276.08"
"59","ALB","2014","84.71","5.90","293.13"
"60","ALB","2015","81.87","6.00","253.93"
"61","ALB","2016","78.98","6.30","275.44"
"62","ALB","2017","75.86","6.70","295.52"
"63","ALB","2018","73.46","7.00","349.21"
"64","ALB","2019","71.44","7.10","366.34"
"65","ALB","2020","82.77","7.20","396.17"
"66","ALB","2021","91.50","7.10","465.57"
"67","ARE","2000","92.60","5.90","706.03"
"68","ARE","2001","76.58","5.70","689.29"
"69","ARE","2002","63.91","5.60","754.26"
"70","ARE","2003","54.75","5.60","784.89"
"71","ARE","2004","48.43","5.50","821.75"
"72","ARE","2005","44.07","5.40","898.36"
"73","ARE","2006","41.05","5.30","1031.15"
"74","ARE","2007","38.96","5.00","1176.49"
"75","ARE","2008","37.50","4.60","1465.82"
"76","ARE","2009","36.45","4.10","1531.02"
"77","ARE","2010","35.68","3.60","1619.99"
"78","ARE","2011","35.08","3.40","1787.60"
"79","ARE","2012","34.54","3.60","1711.39"
"80","ARE","2013","33.96","3.90","1789.69"
"81","ARE","2014","33.25","4.10","1776.73"
"82","ARE","2015","32.44","4.20","1479.50"
"83","ARE","2016","31.60","4.10","1592.92"
"84","ARE","2017","30.78","3.90","1695.20"
"85","ARE","2018","30.02","3.60","1872.58"
"86","ARE","2019","29.35","3.30","1962.47"
"87","ARE","2020","37.11","3.00","2154.41"
"88","ARE","2021","36.80","2.80","2249.96"
"89","ARG","2000","136.31","11.00","702.23"
"90","ARG","2001","135.07","11.00","660.63"
"91","ARG","2002","134.01","10.80","219.96"
"92","ARG","2003","132.44","10.20","261.20"
"93","ARG","2004","125.88","9.60","303.32"
"94","ARG","2005","122.71","9.10","395.65"
"95","ARG","2006","123.96","8.80","456.06"
"96","ARG","2007","127.94","8.50","569.27"
"97","ARG","2008","125.01","8.10","745.40"
"98","ARG","2009","125.64","7.80","787.78"
"99","ARG","2010","120.19","7.60","979.77"
"100","ARG","2011","117.19","7.50","1208.23"
"101","ARG","2012","120.66","7.40","1363.22"
"102","ARG","2013","119.95","7.30","1428.91"
"103","ARG","2014","116.10","7.10","1291.32"
"104","ARG","2015","112.04","6.80","1523.91"
"105","ARG","2016","116.09","6.50","1276.80"
"106","ARG","2017","110.28","6.30","1491.12"
"107","ARG","2018","109.83","6.20","1195.60"
"108","ARG","2019","107.78","6.10","1007.46"
"109","ARG","2020","116.99","6.00","910.96"
"110","ARG","2021","148.88","5.90","1182.16"
"111","ARM","2000","157.67","16.00","25.66"
"112","ARM","2001","153.52","15.20","31.91"
"113","ARM","2002","150.28","14.50","59.21"
"114","ARM","2003","148.29","13.80","66.32"
"115","ARM","2004","147.47","13.20","71.65"
"116","ARM","2005","147.39","12.60","95.55"
"117","ARM","2006","147.60","12.00","124.90"
"118","ARM","2007","147.63","11.40","170.15"
"119","ARM","2008","147.05","10.90","261.60"
"120","ARM","2009","145.57","10.30","247.91"
"121","ARM","2010","143.38","9.80","291.78"
"122","ARM","2011","140.74","9.40","325.29"
"123","ARM","2012","137.99","8.90","331.91"
"124","ARM","2013","135.08","8.50","392.85"
"125","ARM","2014","132.48","8.10","404.34"
"126","ARM","2015","130.31","7.70","365.52"
"127","ARM","2016","128.06","7.30","359.58"
"128","ARM","2017","126.07","7.00","409.80"
"129","ARM","2018","124.32","6.70","428.35"
"130","ARM","2019","122.54","6.40","533.70"
"131","ARM","2020","206.09","6.10","535.27"
"132","ARM","2021","145.52","5.80","595.84"
"133","ATG","2000","133.72","11.00","520.12"
"134","ATG","2001","130.74","10.90","572.21"
"135","ATG","2002","128.68","10.70","559.08"
"136","ATG","2003","125.01","10.40","613.65"
"137","ATG","2004","122.48","10.00","597.75"
"138","ATG","2005","122.03","9.60","641.32"
"139","ATG","2006","121.16","9.20","665.12"
"140","ATG","2007","120.09","8.70","714.27"
"141","ATG","2008","117.08","8.30","694.03"
"142","ATG","2009","114.06","7.90","609.50"
"143","ATG","2010","111.13","7.50","724.09"
"144","ATG","2011","107.88","7.30","717.28"
"145","ATG","2012","107.78","7.00","753.50"
"146","ATG","2013","108.41","6.80","739.10"
"147","ATG","2014","109.86","6.60","826.76"
"148","ATG","2015","109.49","6.50","789.31"
"149","ATG","2016","108.91","6.30","817.89"
"150","ATG","2017","108.93","6.20","791.12"
"151","ATG","2018","109.55","6.10","856.37"
"152","ATG","2019","110.53","6.00","808.15"
"153","ATG","2020","112.00","5.80","873.52"
"154","ATG","2021","111.11","5.70","835.07"
"155","AUS","2000","77.04","3.50","1626.73"
"156","AUS","2001","73.71","3.50","1550.37"
"157","AUS","2002","71.93","3.40","1752.94"
"158","AUS","2003","69.88","3.40","2227.13"
"159","AUS","2004","67.92","3.30","2744.08"
"160","AUS","2005","66.52","3.30","2995.87"
"161","AUS","2006","65.59","3.20","3174.87"
"162","AUS","2007","66.42","3.10","3792.81"
"163","AUS","2008","64.32","3.00","4083.43"
"164","AUS","2009","64.84","2.90","3989.44"
"165","AUS","2010","62.17","2.80","4947.96"
"166","AUS","2011","62.18","2.60","5876.89"
"167","AUS","2012","60.11","2.50","6038.87"
"168","AUS","2013","60.27","2.40","5811.87"
"169","AUS","2014","60.89","2.40","6098.25"
"170","AUS","2015","61.80","2.40","5271.93"
"171","AUS","2016","60.44","2.30","5418.44"
"172","AUS","2017","60.96","2.30","5770.69"
"173","AUS","2018","58.59","2.30","5843.65"
"174","AUS","2019","58.80","2.40","5543.38"
"175","AUS","2020","57.34","2.40","5968.00"
"176","AUS","2021","57.14","2.40","7092.13"
"177","AUT","2000","94.88","3.10","2301.89"
"178","AUT","2001","91.52","3.10","2315.42"
"179","AUT","2002","89.43","3.00","2531.62"
"180","AUT","2003","87.65","3.00","3122.31"
"181","AUT","2004","84.82","2.90","3606.78"
"182","AUT","2005","83.48","2.80","3720.02"
"183","AUT","2006","78.39","2.80","3899.91"
"184","AUT","2007","78.06","2.70","4484.82"
"185","AUT","2008","74.94","2.60","5080.84"
"186","AUT","2009","76.57","2.60","4939.76"
"187","AUT","2010","74.50","2.50","4815.27"
"188","AUT","2011","71.85","2.40","5191.92"
"189","AUT","2012","69.02","2.40","4983.68"
"190","AUT","2013","67.35","2.30","5251.97"
"191","AUT","2014","65.82","2.30","5418.48"
"192","AUT","2015","64.69","2.30","4649.60"
"193","AUT","2016","62.08","2.20","4758.90"
"194","AUT","2017","60.41","2.20","4999.87"
"195","AUT","2018","61.70","2.20","5394.56"
"196","AUT","2019","58.22","2.20","5313.19"
"197","AUT","2020","58.69","2.20","5569.84"
"198","AUT","2021","61.15","2.20","6554.14"
"199","AZE","2000","192.96","34.70","19.02"
"200","AZE","2001","185.73","33.30","19.19"
"201","AZE","2002","176.99","31.80","20.46"
"202","AZE","2003","179.00","30.20","23.62"
"203","AZE","2004","176.55","28.70","27.19"
"204","AZE","2005","177.95","27.20","34.35"
"205","AZE","2006","168.78","25.80","49.87"
"206","AZE","2007","170.75","24.60","74.66"
"207","AZE","2008","160.89","23.40","111.88"
"208","AZE","2009","154.73","22.30","135.40"
"209","AZE","2010","149.90","21.20","153.07"
"210","AZE","2011","149.52","20.00","184.93"
"211","AZE","2012","144.50","18.70","234.60"
"212","AZE","2013","139.58","17.70","251.68"
"213","AZE","2014","133.65","16.70","280.22"
"214","AZE","2015","130.60","16.00","236.26"
"215","AZE","2016","129.12","15.30","169.70"
"216","AZE","2017","130.68","14.90","167.02"
"217","AZE","2018","126.23","14.50","180.04"
"218","AZE","2019","121.37","14.20","199.26"
"219","AZE","2020","160.38","14.00","245.22"
"220","AZE","2021","149.85","13.70","250.99"
"221","BDI","2000","432.50","36.30","5.68"
"222","BDI","2001","421.30","35.70","7.51"
"223","BDI","2002","397.71","35.10","6.47"
"224","BDI","2003","382.45","34.40","5.87"
"225","BDI","2004","365.95","33.70","8.88"
"226","BDI","2005","357.08","32.80","11.13"
"227","BDI","2006","347.55","31.90","14.11"
"228","BDI","2007","338.98","31.00","15.26"
"229","BDI","2008","332.51","30.00","14.67"
"230","BDI","2009","324.06","29.00","18.32"
"231","BDI","2010","318.32","27.90","24.45"
"232","BDI","2011","311.64","26.90","23.17"
"233","BDI","2012","304.83","25.90","20.01"
"234","BDI","2013","298.09","25.10","20.26"
"235","BDI","2014","292.40","24.20","18.07"
"236","BDI","2015","291.06","23.50","17.68"
"237","BDI","2016","282.55","22.80","18.59"
"238","BDI","2017","276.48","22.30","19.17"
"239","BDI","2018","271.69","21.70","18.68"
"240","BDI","2019","267.98","21.20","22.24"
"241","BDI","2020","261.85","20.70","26.22"
"242","BDI","2021","280.32","20.30","23.11"
"243","BEL","2000","99.60","3.00","1849.92"
"244","BEL","2001","97.88","2.90","1879.93"
"245","BEL","2002","95.81","2.80","2084.72"
"246","BEL","2003","93.89","2.70","2822.50"
"247","BEL","2004","89.67","2.70","3322.29"
"248","BEL","2005","88.24","2.60","3415.65"
"249","BEL","2006","86.02","2.60","3547.07"
"250","BEL","2007","86.19","2.50","4066.21"
"251","BEL","2008","86.64","2.50","4656.04"
"252","BEL","2009","84.17","2.40","4755.81"
"253","BEL","2010","80.79","2.30","4626.03"
"254","BEL","2011","79.94","2.30","4990.36"
"255","BEL","2012","78.09","2.30","4763.94"
"256","BEL","2013","75.96","2.30","5005.65"
"257","BEL","2014","72.38","2.30","5110.17"
"258","BEL","2015","71.71","2.30","4465.46"
"259","BEL","2016","68.77","2.30","4569.64"
"260","BEL","2017","66.17","2.30","4827.59"
"261","BEL","2018","64.89","2.30","5233.68"
"262","BEL","2019","62.36","2.30","5087.46"
"263","BEL","2020","65.05","2.30","5269.41"
"264","BEL","2021","63.88","2.20","5847.17"
"265","BEN","2000","275.53","38.20","14.42"
"266","BEN","2001","277.97","37.40","16.27"
"267","BEN","2002","277.87","36.70","16.92"
"268","BEN","2003","277.00","36.00","21.07"
"269","BEN","2004","275.69","35.50","24.53"
"270","BEN","2005","271.84","35.00","25.12"
"271","BEN","2006","270.73","34.70","26.60"
"272","BEN","2007","268.64","34.30","26.80"
"273","BEN","2008","274.14","34.00","28.12"
"274","BEN","2009","274.02","33.80","29.69"
"275","BEN","2010","274.64","33.40","29.38"
"276","BEN","2011","276.05","33.00","31.77"
"277","BEN","2012","276.95","32.60","32.96"
"278","BEN","2013","274.11","32.20","33.53"
"279","BEN","2014","274.12","31.80","32.41"
"280","BEN","2015","274.64","31.40","27.35"
"281","BEN","2016","274.46","31.10","36.59"
"282","BEN","2017","272.62","30.60","38.76"
"283","BEN","2018","272.01","30.20","39.55"
"284","BEN","2019","271.66","29.70","33.95"
"285","BEN","2020","267.37","29.20","36.62"
"286","BEN","2021","287.34","28.70","38.45"
"287","BFA","2000","332.21","40.10","10.01"
"288","BFA","2001","329.71","39.30","10.28"
"289","BFA","2002","329.62","38.50","11.94"
"290","BFA","2003","325.72","37.70","16.03"
"291","BFA","2004","320.08","36.60","21.12"
"292","BFA","2005","314.23","35.50","21.34"
"293","BFA","2006","311.27","34.30","23.55"
"294","BFA","2007","306.89","33.20","29.72"
"295","BFA","2008","298.85","32.30","30.77"
"296","BFA","2009","294.29","31.50","31.26"
"297","BFA","2010","289.95","30.80","33.06"
"298","BFA","2011","283.72","30.20","33.70"
"299","BFA","2012","280.36","29.60","33.67"
"300","BFA","2013","276.97","29.10","42.27"
"301","BFA","2014","273.68","28.60","38.25"
"302","BFA","2015","269.91","28.10","32.34"
"303","BFA","2016","266.76","27.60","39.51"
"304","BFA","2017","263.39","27.00","43.38"
"305","BFA","2018","260.08","26.60","38.49"
"306","BFA","2019","260.19","26.10","41.07"
"307","BFA","2020","257.68","25.60","57.18"
"308","BFA","2021","276.54","25.10","63.59"
"309","BGD","2000","221.35","43.40","8.28"
"310","BGD","2001","212.89","41.30","8.10"
"311","BGD","2002","204.87","39.50","9.05"
"312","BGD","2003","197.56","37.80","9.98"
"313","BGD","2004","191.13","36.30","10.79"
"314","BGD","2005","185.26","34.90","11.31"
"315","BGD","2006","180.28","33.50","12.06"
"316","BGD","2007","177.01","32.30","14.04"
"317","BGD","2008","172.65","31.10","15.56"
"318","BGD","2009","169.99","29.90","17.70"
"319","BGD","2010","167.83","28.80","20.62"
"320","BGD","2011","165.83","27.70","22.77"
"321","BGD","2012","163.82","26.60","23.44"
"322","BGD","2013","161.64","25.60","26.97"
"323","BGD","2014","158.70","24.60","29.91"
"324","BGD","2015","155.43","23.50","33.21"
"325","BGD","2016","151.78","22.40","39.31"
"326","BGD","2017","147.89","21.20","42.18"
"327","BGD","2018","143.88","20.10","44.79"
"328","BGD","2019","139.95","19.30","45.08"
"329","BGD","2020","141.99","18.60","49.03"
"330","BGD","2021","159.61","18.20","56.10"
"331","BGR","2000","161.91","7.90","94.52"
"332","BGR","2001","158.94","7.60","119.83"
"333","BGR","2002","156.05","7.20","148.15"
"334","BGR","2003","153.63","6.80","195.74"
"335","BGR","2004","154.13","6.40","233.11"
"336","BGR","2005","155.84","6.00","267.74"
"337","BGR","2006","156.04","5.60","294.11"
"338","BGR","2007","151.67","5.30","361.23"
"339","BGR","2008","148.44","5.20","455.54"
"340","BGR","2009","145.53","5.10","459.30"
"341","BGR","2010","142.42","5.10","484.75"
"342","BGR","2011","139.91","5.00","555.86"
"343","BGR","2012","135.09","4.70","558.65"
"344","BGR","2013","133.45","4.50","553.69"
"345","BGR","2014","139.26","4.30","616.16"
"346","BGR","2015","136.07","4.10","534.21"
"347","BGR","2016","136.86","3.90","579.77"
"348","BGR","2017","135.23","3.70","647.56"
"349","BGR","2018","135.12","3.40","719.78"
"350","BGR","2019","131.92","3.20","733.07"
"351","BGR","2020","150.64","3.00","906.55"
"352","BGR","2021","176.35","2.90","1109.10"
"353","BHR","2000","94.33","5.00","451.50"
"354","BHR","2001","91.21","4.60","457.60"
"355","BHR","2002","88.36","4.30","469.15"
"356","BHR","2003","85.89","4.00","530.54"
"357","BHR","2004","83.74","3.80","527.83"
"358","BHR","2005","81.77","3.60","557.96"
"359","BHR","2006","79.82","3.40","578.30"
"360","BHR","2007","77.75","3.30","677.16"
"361","BHR","2008","75.45","3.20","735.00"
"362","BHR","2009","72.90","3.20","838.53"
"363","BHR","2010","70.28","3.10","866.67"
"364","BHR","2011","67.76","3.20","921.72"
"365","BHR","2012","65.49","3.20","1038.17"
"366","BHR","2013","63.60","3.20","1115.17"
"367","BHR","2014","62.16","3.30","1122.16"
"368","BHR","2015","61.07","3.40","1128.24"
"369","BHR","2016","60.18","3.50","1095.93"
"370","BHR","2017","59.37","3.60","1080.09"
"371","BHR","2018","58.49","3.80","1041.86"
"372","BHR","2019","57.43","4.00","1030.26"
"373","BHR","2020","66.54","4.10","1101.14"
"374","BHR","2021","75.67","4.20","1176.92"
"375","BHS","2000","194.35","7.90","948.88"
"376","BHS","2001","189.61","8.00","995.72"
"377","BHS","2002","185.00","8.20","1021.04"
"378","BHS","2003","181.42","8.40","1062.44"
"379","BHS","2004","180.05","8.60","1078.31"
"380","BHS","2005","178.08","8.70","1153.22"
"381","BHS","2006","177.94","8.70","1257.65"
"382","BHS","2007","178.33","8.70","1351.08"
"383","BHS","2008","179.09","8.60","1429.24"
"384","BHS","2009","179.33","8.40","1416.92"
"385","BHS","2010","178.96","8.20","1444.01"
"386","BHS","2011","177.50","8.10","1442.25"
"387","BHS","2012","176.10","8.10","1518.65"
"388","BHS","2013","174.25","8.20","1559.35"
"389","BHS","2014","173.05","8.40","1619.37"
"390","BHS","2015","173.83","8.70","1588.58"
"391","BHS","2016","171.26","9.00","1711.61"
"392","BHS","2017","170.95","9.20","2069.45"
"393","BHS","2018","170.54","9.40","1875.74"
"394","BHS","2019","192.22","9.80","1881.40"
"395","BHS","2020","178.75","9.60","1861.06"
"396","BHS","2021","213.39","9.50","1946.22"
"397","BIH","2000","113.79","6.50","106.58"
"398","BIH","2001","111.43","6.10","105.11"
"399","BIH","2002","108.29","5.80","118.87"
"400","BIH","2003","104.25","5.60","168.42"
"401","BIH","2004","104.59","5.40","222.28"
"402","BIH","2005","105.74","5.20","241.64"
"403","BIH","2006","110.13","5.10","281.26"
"404","BIH","2007","108.82","5.00","363.86"
"405","BIH","2008","107.32","5.00","459.29"
"406","BIH","2009","102.95","4.90","409.29"
"407","BIH","2010","101.44","4.90","406.13"
"408","BIH","2011","99.42","4.90","456.97"
"409","BIH","2012","98.57","4.80","444.94"
"410","BIH","2013","97.85","4.80","475.07"
"411","BIH","2014","97.80","4.80","493.07"
"412","BIH","2015","97.30","4.80","430.83"
"413","BIH","2016","95.88","4.80","450.44"
"414","BIH","2017","93.21","4.70","471.33"
"415","BIH","2018","90.75","4.70","529.86"
"416","BIH","2019","93.94","4.70","546.45"
"417","BIH","2020","102.26","4.70","594.82"
"418","BIH","2021","112.38","4.70","697.07"
"419","BLR","2000","239.72","5.20","57.03"
"420","BLR","2001","249.94","4.40","73.37"
"421","BLR","2002","260.39","3.90","85.97"
"422","BLR","2003","251.84","3.60","108.51"
"423","BLR","2004","245.79","3.40","141.00"
"424","BLR","2005","248.58","3.20","196.14"
"425","BLR","2006","239.15","2.90","221.70"
"426","BLR","2007","224.27","2.60","278.63"
"427","BLR","2008","222.91","2.20","348.93"
"428","BLR","2009","221.64","2.00","288.45"
"429","BLR","2010","223.17","1.80","341.14"
"430","BLR","2011","225.40","1.70","317.82"
"431","BLR","2012","192.41","1.70","364.10"
"432","BLR","2013","184.47","1.70","454.52"
"433","BLR","2014","175.60","1.60","448.27"
"434","BLR","2015","163.87","1.60","360.92"
"435","BLR","2016","158.73","1.50","296.95"
"436","BLR","2017","152.85","1.40","331.94"
"437","BLR","2018","155.58","1.20","349.99"
"438","BLR","2019",NULL,"1.10","400.12"
"439","BLR","2020",NULL,"1.00","420.44"
"440","BLR","2021",NULL,"0.90","484.04"
"441","BLZ","2000","209.68","12.10","139.00"
"442","BLZ","2001","208.35","11.70","163.11"
"443","BLZ","2002","201.04","11.30","172.82"
"444","BLZ","2003","196.18","10.90","175.14"
"445","BLZ","2004","190.12","10.50","176.27"
"446","BLZ","2005","187.01","10.00","181.25"
"447","BLZ","2006","184.29","9.70","196.13"
"448","BLZ","2007","182.89","9.60","233.68"
"449","BLZ","2008","182.76","9.70","257.85"
"450","BLZ","2009","181.66","10.00","243.31"
"451","BLZ","2010","181.45","10.40","244.03"
"452","BLZ","2011","180.63","10.80","252.81"
"453","BLZ","2012","178.83","11.00","247.98"
"454","BLZ","2013","177.40","11.00","263.11"
"455","BLZ","2014","175.57","10.80","298.52"
"456","BLZ","2015","173.07","10.50","286.79"
"457","BLZ","2016","170.42","10.20","293.10"
"458","BLZ","2017","167.39","9.90","280.72"
"459","BLZ","2018","163.74","9.80","286.84"
"460","BLZ","2019","160.20","9.60","298.14"
"461","BLZ","2020","175.29","9.50","279.10"
"462","BLZ","2021","190.31","9.50","308.94"
"463","BOL","2000","233.39","27.90","42.89"
"464","BOL","2001","230.24","26.70","44.88"
"465","BOL","2002","225.78","25.60","43.49"
"466","BOL","2003","223.84","24.60","46.41"
"467","BOL","2004","221.97","23.60","46.35"
"468","BOL","2005","219.94","22.60","51.76"
"469","BOL","2006","217.93","21.70","56.06"
"470","BOL","2007","214.73","20.70","63.62"
"471","BOL","2008","212.31","19.80","77.98"
"472","BOL","2009","209.80","18.90","89.58"
"473","BOL","2010","207.35","18.00","100.39"
"474","BOL","2011","205.49","16.80","119.78"
"475","BOL","2012","203.31","15.70","135.32"
"476","BOL","2013","202.29","14.70","159.99"
"477","BOL","2014","201.16","13.80","179.33"
"478","BOL","2015","199.16","12.80","196.26"
"479","BOL","2016","197.73","12.00","207.45"
"480","BOL","2017","196.77","11.20","214.59"
"481","BOL","2018","195.47","10.40","231.19"
"482","BOL","2019","194.73","9.70","241.35"
"483","BOL","2020","277.06","9.10","248.70"
"484","BOL","2021","325.14","8.60","276.21"
"485","BRA","2000","176.02","18.10","313.93"
"486","BRA","2001","173.09","17.20","271.56"
"487","BRA","2002","169.94","16.30","248.38"
"488","BRA","2003","167.25","15.40","253.09"
"489","BRA","2004","164.41","14.60","297.68"
"490","BRA","2005","161.51","13.90","387.93"
"491","BRA","2006","158.54","13.20","489.54"
"492","BRA","2007","156.26","12.60","607.73"
"493","BRA","2008","154.13","12.00","713.67"
"494","BRA","2009","152.22","11.50","728.56"
"495","BRA","2010","150.30","11.10","906.01"
"496","BRA","2011","148.69","10.70","1043.35"
"497","BRA","2012","146.09","10.30","968.73"
"498","BRA","2013","143.37","10.00","993.80"
"499","BRA","2014","141.08","9.70","1030.66"
"500","BRA","2015","137.39","9.50","796.15"
"501","BRA","2016","137.71","10.10","810.20"
"502","BRA","2017","132.18","9.20","954.75"
"503","BRA","2018","128.47","9.10","880.28"
"504","BRA","2019","125.36","9.20","868.17"
"505","BRA","2020","138.16","9.20","680.77"
"506","BRA","2021","171.70","8.90","768.27"
"507","BRB","2000","136.63","9.00","622.48"
"508","BRB","2001","133.95","9.10","643.12"
"509","BRB","2002","130.41","9.20","689.31"
"510","BRB","2003","127.85","9.40","808.06"
"511","BRB","2004","122.12","9.60","942.38"
"512","BRB","2005","125.16","9.80","963.08"
"513","BRB","2006","125.24","9.90","1028.39"
"514","BRB","2007","122.37","9.90","1043.49"
"515","BRB","2008","122.36","9.80","1136.54"
"516","BRB","2009","121.10","9.70","1163.97"
"517","BRB","2010","121.28","9.60","1114.37"
"518","BRB","2011","120.05","9.40","1163.27"
"519","BRB","2012","118.42","9.30","1294.79"
"520","BRB","2013","117.71","9.10","1246.16"
"521","BRB","2014","116.56","9.00","1175.44"
"522","BRB","2015","114.95","8.80","1154.63"
"523","BRB","2016","113.87","8.50","1181.14"
"524","BRB","2017","113.44","8.30","1182.00"
"525","BRB","2018","112.13","8.00","1169.36"
"526","BRB","2019","111.09","7.80","1168.12"
"527","BRB","2020","109.63","7.50","1234.30"
"528","BRB","2021","109.27","7.30","1391.50"
"529","BRN","2000","134.69","5.00","519.05"
"530","BRN","2001","132.41","5.00","474.12"
"531","BRN","2002","130.56","5.10","482.53"
"532","BRN","2003","128.86","5.10","545.56"
"533","BRN","2004","127.70","5.10","630.73"
"534","BRN","2005","126.69","5.00","657.32"
"535","BRN","2006","125.77","5.00","664.74"
"536","BRN","2007","125.15","4.90","710.42"
"537","BRN","2008","124.67","4.90","792.01"
"538","BRN","2009","124.41","4.90","739.28"
"539","BRN","2010","124.14","4.90","795.98"
"540","BRN","2011","123.81","4.90","864.64"
"541","BRN","2012","123.60","4.90","869.37"
"542","BRN","2013","123.30","4.90","835.32"
"543","BRN","2014","123.05","5.00","785.41"
"544","BRN","2015","122.68","5.10","731.05"
"545","BRN","2016","122.22","5.30","679.47"
"546","BRN","2017","121.60","5.40","636.23"
"547","BRN","2018","120.82","5.50","748.69"
"548","BRN","2019","119.94","5.50","678.82"
"549","BRN","2020","118.96","5.50","658.39"
"550","BRN","2021","124.59","5.60","665.87"
"551","BTN","2000","241.61","31.00","30.59"
"552","BTN","2001","228.15","29.90","35.09"
"553","BTN","2002","220.95","28.90","32.94"
"554","BTN","2003","213.65","27.80","37.15"
"555","BTN","2004","206.82","26.70","46.06"
"556","BTN","2005","200.40","25.60","46.79"
"557","BTN","2006","193.43","24.60","54.21"
"558","BTN","2007","186.15","23.50","64.72"
"559","BTN","2008","179.62","22.60","57.59"
"560","BTN","2009","174.84","21.50","59.75"
"561","BTN","2010","167.80","20.50","72.39"
"562","BTN","2011","161.76","19.40","77.75"
"563","BTN","2012","156.13","18.10","84.09"
"564","BTN","2013","151.41","16.60","86.41"
"565","BTN","2014","147.39","15.30","87.19"
"566","BTN","2015","143.95","14.10","96.87"
"567","BTN","2016","140.18","13.00","97.43"
"568","BTN","2017","136.76","11.90","103.64"
"569","BTN","2018","133.35","11.00","102.01"
"570","BTN","2019","130.01","10.10","115.72"
"571","BTN","2020","127.56","9.20","134.14"
"572","BTN","2021","125.09","8.60","161.47"
"573","BWA","2000","536.57","9.10","206.93"
"574","BWA","2001","538.64","10.20","203.01"
"575","BWA","2002","536.41","11.80","206.11"
"576","BWA","2003","527.03","14.00","269.59"
"577","BWA","2004","511.83","16.60","297.25"
"578","BWA","2005","494.94","19.40","281.39"
"579","BWA","2006","474.11","22.10","258.02"
"580","BWA","2007","441.78","23.90","305.22"
"581","BWA","2008","422.00","25.00","324.54"
"582","BWA","2009","410.57","25.50","336.53"
"583","BWA","2010","393.14","25.50","389.55"
"584","BWA","2011","382.29","25.20","427.71"
"585","BWA","2012","369.37","24.50","418.82"
"586","BWA","2013","351.64","23.50","433.29"
"587","BWA","2014","331.26","22.60","418.82"
"588","BWA","2015","308.35","22.00","374.79"
"589","BWA","2016","284.11","21.30","389.31"
"590","BWA","2017","260.24","20.70","471.05"
"591","BWA","2018","239.90","20.30","447.45"
"592","BWA","2019","223.92","19.80","438.29"
"593","BWA","2020","208.99","19.30","386.29"
"594","BWA","2021","294.71","18.90","492.14"
"595","CAF","2000","507.73","42.90","9.91"
"596","CAF","2001","509.88","42.20","9.21"
"597","CAF","2002","513.78","41.50","10.44"
"598","CAF","2003","508.61","40.80","12.15"
"599","CAF","2004","504.68","40.10","12.97"
"600","CAF","2005","498.18","39.40","13.94"
"601","CAF","2006","491.82","38.70","15.15"
"602","CAF","2007","481.38","38.00","18.25"
"603","CAF","2008","475.11","37.30","18.03"
"604","CAF","2009","918.31","42.60","21.38"
"605","CAF","2010","520.86","36.40","17.01"
"606","CAF","2011","469.07","35.50","19.63"
"607","CAF","2012","450.04","35.00","21.33"
"608","CAF","2013","479.42","34.80","17.37"
"609","CAF","2014","615.23","35.40","18.71"
"610","CAF","2015","436.24","33.90","18.44"
"611","CAF","2016","451.06","33.80","21.08"
"612","CAF","2017","540.08","34.00","28.82"
"613","CAF","2018","431.82","33.10","51.35"
"614","CAF","2019","727.27","35.00","35.76"
"615","CAF","2020","466.84","32.40","42.63"
"616","CAF","2021","634.44","32.90","46.25"
"617","CAN","2000","80.98","3.70","1988.16"
"618","CAN","2001","79.40","3.80","2041.88"
"619","CAN","2002","78.16","3.90","2134.85"
"620","CAN","2003","77.63","3.90","2534.86"
"621","CAN","2004","75.88","4.00","2896.19"
"622","CAN","2005","75.73","3.90","3268.47"
"623","CAN","2006","73.84","3.90","3758.36"
"624","CAN","2007","73.62","3.80","4187.87"
"625","CAN","2008","72.91","3.80","4454.12"
"626","CAN","2009","71.27","3.80","4355.83"
"627","CAN","2010","69.03","3.80","5060.89"
"628","CAN","2011","67.79","3.70","5399.99"
"629","CAN","2012","67.45","3.70","5518.57"
"630","CAN","2013","66.09","3.60","5460.03"
"631","CAN","2014","66.42","3.60","5209.93"
"632","CAN","2015","65.97","3.50","4658.84"
"633","CAN","2016","67.19","3.50","4647.15"
"634","CAN","2017","68.80","3.50","4894.77"
"635","CAN","2018","68.65","3.50","5052.90"
"636","CAN","2019","66.27","3.50","5098.89"
"637","CAN","2020","74.22","3.50","5646.19"
"638","CAN","2021","78.58","3.50","6511.47"
"639","CHE","2000","76.68","3.50","3550.13"
"640","CHE","2001","73.09","3.40","3751.75"
"641","CHE","2002","71.89","3.40","4198.36"
"642","CHE","2003","70.29","3.40","5005.12"
"643","CHE","2004","67.61","3.30","5593.48"
"644","CHE","2005","65.12","3.30","5661.17"
"645","CHE","2006","63.24","3.30","5657.28"
"646","CHE","2007","62.05","3.20","6124.81"
"647","CHE","2008","59.22","3.20","7075.71"
"648","CHE","2009","59.03","3.20","7263.63"
"649","CHE","2010","56.91","3.20","7645.26"
"650","CHE","2011","54.20","3.10","9139.43"
"651","CHE","2012","53.45","3.10","8868.98"
"652","CHE","2013","52.87","3.00","9247.28"
"653","CHE","2014","50.00","3.00","9469.66"
"654","CHE","2015","49.38","3.00","9200.10"
"655","CHE","2016","47.05","2.90","9201.47"
"656","CHE","2017","47.24","2.90","9354.22"
"657","CHE","2018","46.36","2.90","9541.07"
"658","CHE","2019","43.42","2.80","9609.80"
"659","CHE","2020","44.63","2.80","10294.58"
"660","CHE","2021","44.94","2.80","11197.76"
"661","CHL","2000","105.52","5.70","353.25"
"662","CHL","2001","102.52","5.50","323.63"
"663","CHL","2002","101.13","5.30","319.53"
"664","CHL","2003","98.68","5.30","346.16"
"665","CHL","2004","95.36","5.40","422.96"
"666","CHL","2005","94.94","5.40","495.56"
"667","CHL","2006","94.18","5.50","565.85"
"668","CHL","2007","93.15","5.40","643.06"
"669","CHL","2008","92.31","5.40","719.08"
"670","CHL","2009","91.70","5.30","730.63"
"671","CHL","2010","90.69","5.30","861.72"
"672","CHL","2011","88.72","5.30","984.45"
"673","CHL","2012","87.84","5.30","1070.51"
"674","CHL","2013","86.21","5.30","1171.77"
"675","CHL","2014","85.59","5.20","1138.66"
"676","CHL","2015","84.14","5.20","1122.13"
"677","CHL","2016","82.43","5.20","1167.89"
"678","CHL","2017","80.76","5.20","1353.69"
"679","CHL","2018","81.22","5.00","1430.70"
"680","CHL","2019","83.95","4.70","1348.99"
"681","CHL","2020","87.41","4.50","1270.98"
"682","CHL","2021","98.06","4.50","1576.69"
"683","CHN","2000","117.80","21.40","42.81"
"684","CHN","2001","115.24","19.90","44.36"
"685","CHN","2002","113.09","18.40","49.92"
"686","CHN","2003","111.12","16.80","56.54"
"687","CHN","2004","109.25","15.30","64.28"
"688","CHN","2005","107.28","13.90","73.00"
"689","CHN","2006","105.64","12.50","82.48"
"690","CHN","2007","103.24","11.30","98.56"
"691","CHN","2008","104.44","10.20","133.84"
"692","CHN","2009","100.19","9.20","164.88"
"693","CHN","2010","98.15","8.40","188.87"
"694","CHN","2011","97.24","7.60","239.20"
"695","CHN","2012","95.40","7.00","284.70"
"696","CHN","2013","93.93","6.40","329.09"
"697","CHN","2014","92.29","5.80","362.29"
"698","CHN","2015","90.62","5.30","393.10"
"699","CHN","2016","89.06","4.90","398.17"
"700","CHN","2017","89.38","4.50","439.94"
"701","CHN","2018","85.62","4.10","504.11"
"702","CHN","2019","83.89","3.80","538.99"
"703","CHN","2020","84.38","3.50","582.95"
"704","CHN","2021","84.17","3.20","670.26"
"705","CIV","2000","421.89","40.70","30.33"
"706","CIV","2001","428.64","40.20","30.58"
"707","CIV","2002","433.09","39.70","32.55"
"708","CIV","2003","444.12","39.20","43.81"
"709","CIV","2004","438.63","38.70","47.05"
"710","CIV","2005","432.91","38.20","46.69"
"711","CIV","2006","429.21","37.70","47.09"
"712","CIV","2007","421.36","37.10","56.15"
"713","CIV","2008","409.03","36.50","64.68"
"714","CIV","2009","401.06","36.00","71.06"
"715","CIV","2010","393.91","35.30","70.05"
"716","CIV","2011","381.52","34.70","67.98"
"717","CIV","2012","372.91","34.10","69.86"
"718","CIV","2013","366.58","33.40","67.13"
"719","CIV","2014","353.78","32.80","74.36"
"720","CIV","2015","346.43","32.20","58.43"
"721","CIV","2016","338.05","31.70","61.86"
"722","CIV","2017","330.42","31.10","63.78"
"723","CIV","2018","323.34","30.60","65.88"
"724","CIV","2019","315.98","30.00","68.30"
"725","CIV","2020","319.82","29.50","78.98"
"726","CIV","2021","327.75","29.00","92.40"
"727","CMR","2000","352.03","35.40","30.44"
"728","CMR","2001","350.13","34.50","29.82"
"729","CMR","2002","347.57","34.00","31.80"
"730","CMR","2003","345.22","33.60","38.56"
"731","CMR","2004","343.13","33.30","42.25"
"732","CMR","2005","341.28","33.10","43.11"
"733","CMR","2006","337.93","32.90","44.52"
"734","CMR","2007","334.10","32.60","50.31"
"735","CMR","2008","330.29","32.30","54.59"
"736","CMR","2009","328.36","31.90","51.15"
"737","CMR","2010","322.99","31.60","50.03"
"738","CMR","2011","317.48","31.20","58.33"
"739","CMR","2012","308.55","30.80","56.96"
"740","CMR","2013","302.25","30.40","57.23"
"741","CMR","2014","299.23","30.00","71.61"
"742","CMR","2015","292.36","29.50","58.38"
"743","CMR","2016","284.04","28.90","57.99"
"744","CMR","2017","277.10","28.40","56.75"
"745","CMR","2018","273.31","27.80","58.33"
"746","CMR","2019","265.97","27.30","56.79"
"747","CMR","2020","267.26","26.80","66.17"
"748","CMR","2021","289.12","26.30","72.60"
"749","COD","2000","338.10","34.10","17.52"
"750","COD","2001","336.77","33.50","5.43"
"751","COD","2002","339.42","32.80","4.18"
"752","COD","2003","333.25","32.00","6.03"
"753","COD","2004","327.07","31.20","7.83"
"754","COD","2005","323.65","29.80","8.55"
"755","COD","2006","319.74","28.90","10.38"
"756","COD","2007","316.34","28.10","11.56"
"757","COD","2008","313.31","27.30","15.37"
"758","COD","2009","311.38","26.70","12.76"
"759","COD","2010","304.48","26.00","12.14"
"760","COD","2011","300.00","25.50","11.90"
"761","COD","2012","296.54","25.00","13.21"
"762","COD","2013","292.79","24.50","15.38"
"763","COD","2014","288.67","24.20","18.22"
"764","COD","2015","284.93","24.00","18.57"
"765","COD","2016","281.02","23.90","19.31"
"766","COD","2017","277.32","23.90","18.15"
"767","COD","2018","273.31","23.90","17.29"
"768","COD","2019","270.81","24.00","19.21"
"769","COD","2020","269.52","24.10","20.56"
"770","COD","2021","287.53","24.10","21.59"
"771","COG","2000","368.59","30.90","17.35"
"772","COG","2001","360.37","30.30","20.30"
"773","COG","2002","354.37","29.40","16.99"
"774","COG","2003","345.29","28.30","21.51"
"775","COG","2004","336.14","27.20","27.50"
"776","COG","2005","327.55","26.10","30.90"
"777","COG","2006","319.94","25.00","35.94"
"778","COG","2007","315.45","24.00","41.97"
"779","COG","2008","306.66","23.10","63.42"
"780","COG","2009","303.60","22.40","48.65"
"781","COG","2010","295.82","21.80","54.56"
"782","COG","2011","288.35","21.30","59.51"
"783","COG","2012","284.23","20.90","71.28"
"784","COG","2013","279.73","20.50","71.86"
"785","COG","2014","275.86","20.10","71.03"
"786","COG","2015","271.62","19.70","57.30"
"787","COG","2016","269.30","19.30","54.30"
"788","COG","2017","265.94","18.90","52.30"
"789","COG","2018","262.74","18.60","47.31"
"790","COG","2019","281.49","18.30","58.42"
"791","COG","2020","265.76","17.90","80.10"
"792","COG","2021","278.66","17.60","78.60"
"793","COL","2000","169.84","13.50","134.71"
"794","COL","2001","166.50","13.10","138.48"
"795","COL","2002","162.40","12.70","132.18"
"796","COL","2003","152.51","12.30","129.72"
"797","COL","2004","145.79","12.00","159.61"
"798","COL","2005","139.85","11.70","209.68"
"799","COL","2006","135.02","11.30","240.10"
"800","COL","2007","132.20","11.00","309.62"
"801","COL","2008","127.91","10.60","379.17"
"802","COL","2009","124.24","10.30","383.92"
"803","COL","2010","121.55","10.00","452.44"
"804","COL","2011","117.84","9.60","501.84"
"805","COL","2012","113.74","9.30","547.01"
"806","COL","2013","110.84","9.00","580.96"
"807","COL","2014","108.96","8.70","588.29"
"808","COL","2015","108.05","8.50","470.10"
"809","COL","2016","107.16","8.20","448.85"
"810","COL","2017","106.82","7.90","497.54"
"811","COL","2018","106.26","7.70","526.12"
"812","COL","2019","104.03","7.40","507.06"
"813","COL","2020","124.59","7.20","464.42"
"814","COL","2021","159.49","6.90","568.84"
"815","COM","2000","282.52","34.80","47.59"
"816","COM","2001","274.38","34.10","45.35"
"817","COM","2002","273.91","33.50","51.12"
"818","COM","2003","267.68","32.90","63.92"
"819","COM","2004","264.53","32.40","70.62"
"820","COM","2005","261.19","31.70","67.80"
"821","COM","2006","257.50","31.20","65.73"
"822","COM","2007","255.20","30.50","69.87"
"823","COM","2008","249.36","30.00","73.75"
"824","COM","2009","245.39","29.50","69.48"
"825","COM","2010","239.93","28.90","69.22"
"826","COM","2011","235.83","28.30","81.20"
"827","COM","2012","231.70","27.80","77.10"
"828","COM","2013","227.56","27.20","81.82"
"829","COM","2014","224.51","26.80","84.64"
"830","COM","2015","221.09","26.30","61.16"
"831","COM","2016","217.84","25.90","63.53"
"832","COM","2017","214.30","25.40","75.01"
"833","COM","2018","211.68","24.90","74.89"
"834","COM","2019","209.07","24.50","78.24"
"835","COM","2020","207.47","24.10","89.68"
"836","COM","2021","226.13","23.70","100.50"
"837","CPV","2000","202.99","18.10","59.54"
"838","CPV","2001","200.76","17.10","63.56"
"839","CPV","2002","194.00","16.50","69.12"
"840","CPV","2003","189.96","16.20","84.66"
"841","CPV","2004","181.97","16.20","93.43"
"842","CPV","2005","175.09","16.50","96.09"
"843","CPV","2006","166.51","16.80","113.13"
"844","CPV","2007","164.23","17.00","127.74"
"845","CPV","2008","156.38","17.00","127.79"
"846","CPV","2009","155.08","16.80","130.24"
"847","CPV","2010","151.05","16.40","146.07"
"848","CPV","2011","146.39","15.80","157.09"
"849","CPV","2012","141.29","15.00","174.66"
"850","CPV","2013","139.91","14.20","191.10"
"851","CPV","2014","135.82","13.30","193.39"
"852","CPV","2015","131.59","12.30","150.29"
"853","CPV","2016","129.69","11.50","157.40"
"854","CPV","2017","125.38","10.70","174.44"
"855","CPV","2018","123.05","10.10","205.53"
"856","CPV","2019","116.91","9.60","211.25"
"857","CPV","2020","132.16","9.20","249.72"
"858","CPV","2021","134.72","8.90","262.42"
"859","CRI","2000","95.22","7.60","250.31"
"860","CRI","2001","94.11","7.50","258.00"
"861","CRI","2002","91.91","7.30","279.42"
"862","CRI","2003","91.04","7.20","290.83"
"863","CRI","2004","90.64","7.10","293.78"
"864","CRI","2005","88.22","7.10","313.48"
"865","CRI","2006","88.92","7.00","364.52"
"866","CRI","2007","90.45","6.90","429.42"
"867","CRI","2008","90.87","6.80","518.11"
"868","CRI","2009","89.72","6.70","537.06"
"869","CRI","2010","90.95","6.60","663.69"
"870","CRI","2011","88.87","6.50","753.43"
"871","CRI","2012","86.39","6.40","788.53"
"872","CRI","2013","85.08","6.40","829.94"
"873","CRI","2014","85.51","6.30","836.23"
"874","CRI","2015","84.88","6.20","889.38"
"875","CRI","2016","88.19","6.20","884.73"
"876","CRI","2017","87.92","6.10","867.77"
"877","CRI","2018","90.04","6.20","917.31"
"878","CRI","2019","86.89","6.20","930.44"
"879","CRI","2020","91.62","6.40","969.89"
"880","CRI","2021","115.53","6.50","977.15"
"881","CUB","2000","123.08","4.10","181.09"
"882","CUB","2001","119.13","4.00","198.50"
"883","CUB","2002","116.30","3.90","213.82"
"884","CUB","2003","112.91","3.70","227.49"
"885","CUB","2004","112.70","3.50","232.23"
"886","CUB","2005","110.51","3.30","331.50"
"887","CUB","2006","109.39","3.10","386.83"
"888","CUB","2007","107.30","3.10","569.44"
"889","CUB","2008","106.84","3.00","609.27"
"890","CUB","2009","105.54","2.90","675.53"
"891","CUB","2010","102.73","2.80","608.58"
"892","CUB","2011","101.77","2.70","695.82"
"893","CUB","2012","101.60","2.70","601.75"
"894","CUB","2013","102.58","2.60","712.27"
"895","CUB","2014","103.21","2.60","867.70"
"896","CUB","2015","103.32","2.60","991.08"
"897","CUB","2016","103.80","2.60","990.92"
"898","CUB","2017","103.54","2.70","987.81"
"899","CUB","2018","103.17","2.90","981.90"
"900","CUB","2019","104.58","3.20","1023.40"
"901","CUB","2020","102.75","3.50","1199.35"
"902","CUB","2021","140.68","3.80",NULL
"903","CYP","2000","79.57","3.60","750.52"
"904","CYP","2001","77.24","3.40","782.16"
"905","CYP","2002","72.67","3.20","890.48"
"906","CYP","2003","71.42","3.00","1145.06"
"907","CYP","2004","70.48","2.80","1286.97"
"908","CYP","2005","68.97","2.60","1366.02"
"909","CYP","2006","67.02","2.40","1474.02"
"910","CYP","2007","64.51","2.30","1694.27"
"911","CYP","2008","63.49","2.10","2155.25"
"912","CYP","2009","59.90","2.00","2105.48"
"913","CYP","2010","57.73","1.80","2045.29"
"914","CYP","2011","55.77","1.70","2114.67"
"915","CYP","2012","53.69","1.60","1899.37"
"916","CYP","2013","52.01","1.50","1923.04"
"917","CYP","2014","51.29","1.40","1869.46"
"918","CYP","2015","50.06","1.40","1570.55"
"919","CYP","2016","49.12","1.40","1619.92"
"920","CYP","2017","48.24","1.40","1742.68"
"921","CYP","2018","47.71","1.50","1987.69"
"922","CYP","2019","47.61","1.60","2059.45"
"923","CYP","2020","54.13","1.80","2443.37"
"924","CYP","2021","61.71","2.00","2947.81"
"925","CZE","2000","124.38","2.70","342.92"
"926","CZE","2001","121.66","2.50","388.54"
"927","CZE","2002","118.75","2.40","497.74"
"928","CZE","2003","120.23","2.40","640.66"
"929","CZE","2004","114.30","2.30","746.33"
"930","CZE","2005","112.14","2.20","852.65"
"931","CZE","2006","106.54","2.10","942.12"
"932","CZE","2007","105.30","2.00","1110.18"
"933","CZE","2008","104.52","1.90","1449.34"
"934","CZE","2009","100.76","1.80","1442.24"
"935","CZE","2010","97.85","1.70","1509.45"
"936","CZE","2011","95.58","1.60","1649.16"
"937","CZE","2012","92.06","1.60","1509.78"
"938","CZE","2013","88.75","1.60","1508.80"
"939","CZE","2014","84.01","1.60","1512.59"
"940","CZE","2015","82.66","1.60","1308.80"
"941","CZE","2016","81.30","1.60","1374.90"
"942","CZE","2017","80.37","1.60","1516.75"
"943","CZE","2018","80.80","1.60","1750.81"
"944","CZE","2019","79.53","1.60","1805.44"
"945","CZE","2020","83.44","1.50","2106.28"
"946","CZE","2021","94.12","1.50","2538.03"
"947","DEU","2000","94.41","2.80","2336.36"
"948","DEU","2001","91.98","2.70","2338.12"
"949","DEU","2002","91.25","2.70","2557.54"
"950","DEU","2003","90.05","2.70","3139.36"
"951","DEU","2004","86.32","2.60","3447.27"
"952","DEU","2005","84.76","2.60","3544.57"
"953","DEU","2006","82.25","2.60","3681.37"
"954","DEU","2007","80.75","2.50","4162.69"
"955","DEU","2008","79.52","2.40","4647.31"
"956","DEU","2009","78.91","2.40","4655.17"
"957","DEU","2010","77.60","2.30","4592.07"
"958","DEU","2011","75.78","2.30","5016.24"
"959","DEU","2012","73.32","2.30","4744.87"
"960","DEU","2013","73.21","2.30","5080.62"
"961","DEU","2014","70.36","2.30","5287.34"
"962","DEU","2015","71.31","2.30","4605.59"
"963","DEU","2016","69.77","2.30","4723.32"
"964","DEU","2017","67.27","2.30","5039.35"
"965","DEU","2018","67.60","2.30","5473.56"
"966","DEU","2019","65.10","2.30","5447.32"
"967","DEU","2020","65.60","2.30","5906.81"
"968","DEU","2021",NULL,"2.30","6653.58"
"969","DJI","2000","314.60","42.60","35.49"
"970","DJI","2001","303.53","42.10","33.61"
"971","DJI","2002","300.55","41.50","39.50"
"972","DJI","2003","299.34","41.00","46.28"
"973","DJI","2004","299.43","40.50","40.05"
"974","DJI","2005","295.66","39.90","45.13"
"975","DJI","2006","291.10","39.40","53.26"
"976","DJI","2007","286.67","38.80","55.18"
"977","DJI","2008","281.93","38.20","55.91"
"978","DJI","2009","275.00","37.50","56.92"
"979","DJI","2010","270.68","36.80","55.70"
"980","DJI","2011","263.37","36.10","61.90"
"981","DJI","2012","259.15","35.40","64.85"
"982","DJI","2013","254.81","34.70","60.57"
"983","DJI","2014","251.81","34.00","65.54"
"984","DJI","2015","247.60","33.20","79.54"
"985","DJI","2016","241.16","32.50","68.83"
"986","DJI","2017","237.11","31.80","64.94"
"987","DJI","2018","232.75","31.10","68.79"
"988","DJI","2019","230.05","30.50","68.47"
"989","DJI","2020","233.20","29.80","66.53"
"990","DJI","2021","249.30","29.10","86.88"
"991","DNK","2000","102.39","3.50","2491.54"
"992","DNK","2001","101.22","3.40","2597.97"
"993","DNK","2002","99.93","3.30","2891.71"
"994","DNK","2003","97.29","3.20","3602.28"
"995","DNK","2004","95.00","3.10","4189.47"
"996","DNK","2005","90.20","3.10","4436.07"
"997","DNK","2006","92.12","3.00","4770.14"
"998","DNK","2007","92.72","2.90","5453.84"
"999","DNK","2008","87.31","2.80","6117.70"
"1000","DNK","2009","85.81","2.80","6208.48"
"1001","DNK","2010","83.93","2.80","6156.69"
"1002","DNK","2011","78.10","2.80","6426.40"
"1003","DNK","2012","75.09","2.80","6155.76"
"1004","DNK","2013","72.38","2.90","6320.08"
"1005","DNK","2014","69.27","2.90","6447.92"
"1006","DNK","2015","67.17","2.90","5508.53"
"1007","DNK","2016","67.04","2.80","5603.76"
"1008","DNK","2017","62.82","2.80","5817.43"
"1009","DNK","2018","63.12","2.70","6219.13"
"1010","DNK","2019","58.72","2.60","6049.93"
"1011","DNK","2020","57.53","2.50","6520.66"
"1012","DNK","2021","56.68","2.50","7429.99"
"1013","DOM","2000","186.89","22.90","138.30"
"1014","DOM","2001","185.31","22.90","143.33"
"1015","DOM","2002","184.00","22.80","152.87"
"1016","DOM","2003","182.96","22.90","104.60"
"1017","DOM","2004","183.75","22.90","105.12"
"1018","DOM","2005","181.59","23.10","168.86"
"1019","DOM","2006","180.48","23.20","161.95"
"1020","DOM","2007","178.43","23.50","190.14"
"1021","DOM","2008","174.35","23.70","229.30"
"1022","DOM","2009","169.50","23.80","237.11"
"1023","DOM","2010","161.93","24.00","270.04"
"1024","DOM","2011","156.48","24.10","293.95"
"1025","DOM","2012","151.06","24.20","304.24"
"1026","DOM","2013","148.00","24.30","302.29"
"1027","DOM","2014","146.67","24.30","312.44"
"1028","DOM","2015","148.59","24.40","322.05"
"1029","DOM","2016","151.29","24.40","328.37"
"1030","DOM","2017","142.23","24.40","329.54"
"1031","DOM","2018","141.48","24.20","332.48"
"1032","DOM","2019","143.69","23.90","357.44"
"1033","DOM","2020","147.75","23.50","354.26"
"1034","DOM","2021","161.80","23.00","433.89"
"1035","DZA","2000","135.01","22.60","61.86"
"1036","DZA","2001","127.13","22.30","67.06"
"1037","DZA","2002","118.06","21.80","66.68"
"1038","DZA","2003","114.79","21.40","75.95"
"1039","DZA","2004","107.53","20.80","92.69"
"1040","DZA","2005","105.42","20.20","100.84"
"1041","DZA","2006","103.32","19.70","116.78"
"1042","DZA","2007","101.88","19.10","150.87"
"1043","DZA","2008","99.84","18.60","206.37"
"1044","DZA","2009","97.89","18.20","207.20"
"1045","DZA","2010","95.46","17.90","227.95"
"1046","DZA","2011","93.59","17.60","285.50"
"1047","DZA","2012","92.02","17.10","340.09"
"1048","DZA","2013","90.75","16.40","337.57"
"1049","DZA","2014","89.31","15.60","366.59"
"1050","DZA","2015","87.77","15.20","296.77"
"1051","DZA","2016","86.19","15.10","265.53"
"1052","DZA","2017","84.70","15.20","270.93"
"1053","DZA","2018","82.86","15.50","271.54"
"1054","DZA","2019","80.85","15.90","242.07"
"1055","DZA","2020","102.58","15.90","211.07"
"1056","DZA","2021","86.53","15.90","208.94"
"1057","ECU","2000","155.87","14.10","49.37"
"1058","ECU","2001","152.24","13.40","72.79"
"1059","ECU","2002","147.60","12.70","99.13"
"1060","ECU","2003","143.90","12.20","134.13"
"1061","ECU","2004","142.10","11.70","152.11"
"1062","ECU","2005","141.02","11.20","170.44"
"1063","ECU","2006","139.88","10.70","192.55"
"1064","ECU","2007","137.57","10.30","193.33"
"1065","ECU","2008","136.02","9.80","231.62"
"1066","ECU","2009","134.12","9.40","244.58"
"1067","ECU","2010","131.00","9.00","287.00"
"1068","ECU","2011","127.30","8.60","340.41"
"1069","ECU","2012","122.55","8.20","387.55"
"1070","ECU","2013","117.63","7.80","414.13"
"1071","ECU","2014","112.99","7.50","433.42"
"1072","ECU","2015","111.92","7.30","464.22"
"1073","ECU","2016","112.73","7.10","449.04"
"1074","ECU","2017","110.95","7.00","469.05"
"1075","ECU","2018","111.23","6.90","493.83"
"1076","ECU","2019","112.31","7.00","484.54"
"1077","ECU","2020","164.38","7.10","470.20"
"1078","ECU","2021","158.21","7.10","507.65"
"1079","EGY","2000","187.82","22.80","69.37"
"1080","EGY","2001","187.24","22.20","68.67"
"1081","EGY","2002","187.05","21.60","64.00"
"1082","EGY","2003","187.01","21.10","50.35"
"1083","EGY","2004","187.03","20.60","50.33"
"1084","EGY","2005","186.92","20.10","59.47"
"1085","EGY","2006","186.41","19.40","66.33"
"1086","EGY","2007","185.45","18.70","73.29"
"1087","EGY","2008","183.89","17.90","90.16"
"1088","EGY","2009","181.48","17.30","98.90"
"1089","EGY","2010","178.47","16.70","105.08"
"1090","EGY","2011","175.28","16.30","116.23"
"1091","EGY","2012","170.65","15.90","139.82"
"1092","EGY","2013","166.92","15.60","139.67"
"1093","EGY","2014","161.51","15.50","155.06"
"1094","EGY","2015","157.06","15.30","170.26"
"1095","EGY","2016","151.35","15.30","142.62"
"1096","EGY","2017","146.39","15.20","106.00"
"1097","EGY","2018","141.87","15.20","118.01"
"1098","EGY","2019","138.01","15.20","142.70"
"1099","EGY","2020","150.61","15.10","148.35"
"1100","EGY","2021","158.93","14.90","176.94"
"1101","ERI","2000","337.11","26.10","14.03"
"1102","ERI","2001","306.34","25.60","14.91"
"1103","ERI","2002","300.49","25.20","15.78"
"1104","ERI","2003","295.81","24.80","19.81"
"1105","ERI","2004","288.43","24.40","23.16"
"1106","ERI","2005","281.98","24.00","21.93"
"1107","ERI","2006","271.23","23.50","23.77"
"1108","ERI","2007","264.90","23.00","19.63"
"1109","ERI","2008","260.37","22.50","21.55"
"1110","ERI","2009","249.91","22.10","24.35"
"1111","ERI","2010","244.91","21.60","26.01"
"1112","ERI","2011","237.53","21.10","35.55"
"1113","ERI","2012","231.93","20.70","27.79"
"1114","ERI","2013","229.17","20.30","31.64"
"1115","ERI","2014","222.47","19.80","32.93"
"1116","ERI","2015","218.03","19.40","29.22"
"1117","ERI","2016","214.61","19.00","26.01"
"1118","ERI","2017","210.22","18.60","25.10"
"1119","ERI","2018","206.07","18.20","26.68"
"1120","ERI","2019","202.43","17.80","28.43"
"1121","ERI","2020","206.55","17.50","27.67"
"1122","ERI","2021","216.61","17.10","27.59"
"1123","ESP","2000","83.20","2.80","1005.28"
"1124","ESP","2001","81.96","2.80","1045.05"
"1125","ESP","2002","80.45","2.70","1174.58"
"1126","ESP","2003","80.70","2.60","1648.06"
"1127","ESP","2004","77.45","2.50","1932.21"
"1128","ESP","2005","75.85","2.40","2074.33"
"1129","ESP","2006","73.30","2.30","2256.68"
"1130","ESP","2007","71.79","2.20","2625.56"
"1131","ESP","2008","70.11","2.20","3019.76"
"1132","ESP","2009","67.21","2.10","2962.48"
"1133","ESP","2010","64.95","2.10","2816.84"
"1134","ESP","2011","63.49","2.10","2938.18"
"1135","ESP","2012","61.33","2.10","2620.84"
"1136","ESP","2013","59.49","2.00","2664.48"
"1137","ESP","2014","58.03","2.00","2716.58"
"1138","ESP","2015","57.94","1.90","2383.85"
"1139","ESP","2016","56.06","1.90","2378.14"
"1140","ESP","2017","55.35","1.90","2564.56"
"1141","ESP","2018","54.52","1.90","2784.16"
"1142","ESP","2019","52.69","1.90","2756.62"
"1143","ESP","2020","56.29","1.80","2942.42"
"1144","ESP","2021","54.29","1.80","3188.85"
"1145","EST","2000","213.04","5.30","209.98"
"1146","EST","2001","223.51","4.90","214.70"
"1147","EST","2002","211.70","4.40","250.48"
"1148","EST","2003","199.68","4.00","368.98"
"1149","EST","2004","194.10","3.70","474.51"
"1150","EST","2005","186.75","3.30","549.63"
"1151","EST","2006","184.27","3.00","627.18"
"1152","EST","2007","184.64","2.80","866.50"
"1153","EST","2008","164.10","2.50","1082.15"
"1154","EST","2009","153.36","2.30","1006.51"
"1155","EST","2010","135.40","2.10","966.19"
"1156","EST","2011","137.32","1.90","1061.16"
"1157","EST","2012","133.09","1.80","1058.72"
"1158","EST","2013","118.17","1.60","1194.86"
"1159","EST","2014","123.20","1.50","1287.76"
"1160","EST","2015","116.35","1.40","1156.20"
"1161","EST","2016","117.70","1.30","1226.09"
"1162","EST","2017","105.31","1.30","1350.13"
"1163","EST","2018","106.38","1.20","1553.43"
"1164","EST","2019","102.62","1.20","1599.35"
"1165","EST","2020","105.64","1.10","1789.03"
"1166","EST","2021","112.15","1.10","2091.16"
"1167","ETH","2000","376.06","48.10","5.29"
"1168","ETH","2001","372.47","47.00","5.51"
"1169","ETH","2002","367.76","46.10","5.15"
"1170","ETH","2003","359.43","45.10","5.71"
"1171","ETH","2004","350.95","44.20","5.74"
"1172","ETH","2005","346.21","43.20","6.48"
"1173","ETH","2006","333.75","42.20","8.42"
"1174","ETH","2007","319.62","41.00","11.63"
"1175","ETH","2008","304.87","39.90","13.04"
"1176","ETH","2009","293.26","38.70","15.14"
"1177","ETH","2010","281.18","37.60","16.17"
"1178","ETH","2011","270.60","36.40","14.62"
"1179","ETH","2012","260.88","35.30","20.00"
"1180","ETH","2013","252.66","34.30","19.27"
"1181","ETH","2014","243.85","33.30","21.61"
"1182","ETH","2015","236.54","32.30","23.22"
"1183","ETH","2016","230.61","31.30","24.34"
"1184","ETH","2017","224.01","30.40","24.18"
"1185","ETH","2018","218.84","29.50","23.52"
"1186","ETH","2019","213.63","28.70","25.94"
"1187","ETH","2020","209.85","27.90","28.28"
"1188","ETH","2021","229.37","27.60","26.07"
"1189","FIN","2000","103.88","2.50","1726.74"
"1190","FIN","2001","98.84","2.40","1810.40"
"1191","FIN","2002","97.13","2.30","2059.33"
"1192","FIN","2003","96.42","2.20","2613.85"
"1193","FIN","2004","98.81","2.10","3044.12"
"1194","FIN","2005","99.97","2.10","3236.86"
"1195","FIN","2006","94.80","2.00","3414.94"
"1196","FIN","2007","95.09","1.90","3918.64"
"1197","FIN","2008","92.96","1.80","4486.34"
"1198","FIN","2009","89.88","1.80","4349.90"
"1199","FIN","2010","87.05","1.70","4251.53"
"1200","FIN","2011","83.05","1.60","4717.51"
"1201","FIN","2012","79.33","1.50","4573.20"
"1202","FIN","2013","76.61","1.40","4892.03"
"1203","FIN","2014","71.94","1.40","4922.43"
"1204","FIN","2015","69.07","1.40","4128.21"
"1205","FIN","2016","68.97","1.40","4108.74"
"1206","FIN","2017","67.53","1.40","4235.75"
"1207","FIN","2018","67.03","1.40","4521.28"
"1208","FIN","2019","65.54","1.40","4459.93"
"1209","FIN","2020","67.17","1.40","4736.21"
"1210","FIN","2021","64.91","1.40","5261.91"
"1211","FJI","2000","250.40","10.00","74.29"
"1212","FJI","2001","249.99","10.10","61.50"
"1213","FJI","2002","262.93","10.50","69.41"
"1214","FJI","2003","258.98","11.00","86.10"
"1215","FJI","2004","255.30","11.50","110.07"
"1216","FJI","2005","252.84","11.70","120.21"
"1217","FJI","2006","250.16","11.50","126.39"
"1218","FJI","2007","249.51","10.90","140.30"
"1219","FJI","2008","246.68","10.10","134.50"
"1220","FJI","2009","246.02","9.40","121.06"
"1221","FJI","2010","238.55","8.80","127.66"
"1222","FJI","2011","237.05","8.40","140.94"
"1223","FJI","2012","256.73","8.20","153.57"
"1224","FJI","2013","243.44","8.10","158.52"
"1225","FJI","2014","242.79","8.20","178.31"
"1226","FJI","2015","243.96","8.50","169.48"
"1227","FJI","2016","238.79","9.20","175.92"
"1228","FJI","2017","231.29","10.20","185.70"
"1229","FJI","2018","231.17","11.40","249.86"
"1230","FJI","2019","228.83","12.60","254.83"
"1231","FJI","2020","229.94","13.80","256.26"
"1232","FJI","2021","273.65","14.50","331.58"
"1233","FRA","2000","99.79","2.70","2161.85"
"1234","FRA","2001","99.59","2.70","2192.72"
"1235","FRA","2002","98.66","2.70","2449.76"
"1236","FRA","2003","97.44","2.60","3006.31"
"1237","FRA","2004","92.40","2.50","3458.63"
"1238","FRA","2005","91.67","2.40","3575.03"
"1239","FRA","2006","89.72","2.40","3811.55"
"1240","FRA","2007","87.79","2.40","4312.31"
"1241","FRA","2008","86.64","2.40","4807.37"
"1242","FRA","2009","86.90","2.40","4737.58"
"1243","FRA","2010","84.67","2.30","4593.66"
"1244","FRA","2011","82.58","2.30","4936.96"
"1245","FRA","2012","80.34","2.30","4659.92"
"1246","FRA","2013","77.91","2.30","4884.72"
"1247","FRA","2014","74.89","2.40","5007.30"
"1248","FRA","2015","75.48","2.40","4226.63"
"1249","FRA","2016","73.12","2.50","4289.35"
"1250","FRA","2017","71.82","2.50","4436.64"
"1251","FRA","2018","71.21","2.60","4693.00"
"1252","FRA","2019","69.39","2.60","4519.99"
"1253","FRA","2020","69.83","2.60","4760.08"
"1254","FRA","2021","69.61","2.60","5364.90"
"1255","FSM","2000","266.11","20.40","161.48"
"1256","FSM","2001","260.59","20.00","181.29"
"1257","FSM","2002","269.60","19.80","169.96"
"1258","FSM","2003","260.67","19.40","208.85"
"1259","FSM","2004","261.53","19.20","257.99"
"1260","FSM","2005","262.19","19.10","397.92"
"1261","FSM","2006","263.61","19.00","245.42"
"1262","FSM","2007","264.51","18.90","258.65"
"1263","FSM","2008","265.18","18.70","289.50"
"1264","FSM","2009","265.82","18.40","325.57"
"1265","FSM","2010","266.44","18.00","361.97"
"1266","FSM","2011","266.39","17.60","378.15"
"1267","FSM","2012","265.82","17.10","372.10"
"1268","FSM","2013","265.52","16.70","354.82"
"1269","FSM","2014","264.97","16.20","345.02"
"1270","FSM","2015","265.29","15.70","362.28"
"1271","FSM","2016","262.86","15.20","399.77"
"1272","FSM","2017","260.86","14.70","409.12"
"1273","FSM","2018","258.81","14.30","428.01"
"1274","FSM","2019","255.43","13.80","425.28"
"1275","FSM","2020","258.53","13.30","403.04"
"1276","FSM","2021","262.44","12.90","399.44"
"1277","GAB","2000","261.89","26.50","123.20"
"1278","GAB","2001","260.82","27.00","120.90"
"1279","GAB","2002","259.49","27.20","132.07"
"1280","GAB","2003","257.12","27.40","166.59"
"1281","GAB","2004","255.75","27.30","183.92"
"1282","GAB","2005","253.52","27.10","188.91"
"1283","GAB","2006","251.46","26.60","211.99"
"1284","GAB","2007","247.52","25.90","246.78"
"1285","GAB","2008","243.11","25.10","275.89"
"1286","GAB","2009","239.56","24.30","277.63"
"1287","GAB","2010","235.72","23.60","206.88"
"1288","GAB","2011","231.19","23.00","261.38"
"1289","GAB","2012","227.94","22.50","225.08"
"1290","GAB","2013","225.46","22.10","261.29"
"1291","GAB","2014","222.74","21.60","233.05"
"1292","GAB","2015","221.39","21.30","187.27"
"1293","GAB","2016","219.96","20.80","207.50"
"1294","GAB","2017","218.55","20.30","192.48"
"1295","GAB","2018","216.65","19.70","209.29"
"1296","GAB","2019","212.79","19.10","206.00"
"1297","GAB","2020","215.35","18.60","227.25"
"1298","GAB","2021","224.42","18.00","228.47"
"1299","GBR","2000","88.02","3.80","2020.97"
"1300","GBR","2001","86.49","3.70","2074.60"
"1301","GBR","2002","85.37","3.60","2364.05"
"1302","GBR","2003","84.18","3.60","2773.99"
"1303","GBR","2004","80.82","3.50","3361.66"
"1304","GBR","2005","79.51","3.50","3528.16"
"1305","GBR","2006","80.04","3.40","3802.56"
"1306","GBR","2007","78.78","3.30","4415.51"
"1307","GBR","2008","78.41","3.20","4280.36"
"1308","GBR","2009","76.20","3.10","3813.03"
"1309","GBR","2010","74.28","3.00","3876.34"
"1310","GBR","2011","71.49","2.90","4123.70"
"1311","GBR","2012","69.08","2.80","4204.08"
"1312","GBR","2013","69.40","2.70","4340.17"
"1313","GBR","2014","68.59","2.60","4733.37"
"1314","GBR","2015","69.12","2.60","4470.09"
"1315","GBR","2016","70.14","2.70","4043.35"
"1316","GBR","2017","68.55","2.70","3938.65"
"1317","GBR","2018","70.53","2.70","4233.63"
"1318","GBR","2019","69.19","2.70","4260.03"
"1319","GBR","2020","75.60","2.80","4865.98"
"1320","GBR","2021","78.60","2.80","5645.40"
"1321","GEO","2000","172.09","22.30","52.26"
"1322","GEO","2001","168.41","21.20","56.37"
"1323","GEO","2002","170.82","19.90","66.09"
"1324","GEO","2003","162.26","18.50","80.65"
"1325","GEO","2004","163.69","17.00","105.10"
"1326","GEO","2005","183.82","15.50","132.22"
"1327","GEO","2006","178.10","14.10","152.06"
"1328","GEO","2007","179.78","12.90","195.99"
"1329","GEO","2008","183.13","11.80","281.85"
"1330","GEO","2009","179.22","10.90","270.22"
"1331","GEO","2010","176.45","10.10","287.76"
"1332","GEO","2011","162.77","9.40","315.30"
"1333","GEO","2012","165.54","8.70","349.90"
"1334","GEO","2013","164.28","8.00","368.16"
"1335","GEO","2014","159.20","7.40","392.86"
"1336","GEO","2015","159.26","6.70","347.72"
"1337","GEO","2016","162.34","6.20","369.52"
"1338","GEO","2017","157.21","5.80","377.93"
"1339","GEO","2018","152.22","5.50","365.92"
"1340","GEO","2019","148.58","5.40","339.87"
"1341","GEO","2020","152.67","5.30","389.42"
"1342","GEO","2021","175.61","5.30","524.32"
"1343","GHA","2000","289.41","35.20","10.46"
"1344","GHA","2001","288.65","34.40","12.15"
"1345","GHA","2002","287.15","33.70","14.30"
"1346","GHA","2003","285.41","33.10","18.96"
"1347","GHA","2004","283.55","32.50","23.57"
"1348","GHA","2005","281.08","32.10","38.52"
"1349","GHA","2006","278.31","31.60","49.35"
"1350","GHA","2007","276.02","31.10","57.34"
"1351","GHA","2008","274.08","30.60","63.45"
"1352","GHA","2009","271.31","29.90","62.44"
"1353","GHA","2010","268.35","29.00","80.68"
"1354","GHA","2011","266.21","28.10","91.71"
"1355","GHA","2012","263.05","27.10","81.97"
"1356","GHA","2013","259.42","26.10","105.35"
"1357","GHA","2014","255.21","25.20","78.47"
"1358","GHA","2015","252.19","24.30","78.22"
"1359","GHA","2016","248.95","23.40","64.86"
"1360","GHA","2017","246.19","22.60","54.11"
"1361","GHA","2018","243.24","21.80","53.38"
"1362","GHA","2019","240.11","21.00","71.15"
"1363","GHA","2020","242.91","20.40","97.38"
"1364","GHA","2021","251.21","19.70","94.40"
"1365","GIN","2000","317.26","46.10","22.72"
"1366","GIN","2001","320.50","44.10","21.77"
"1367","GIN","2002","316.40","42.60","24.84"
"1368","GIN","2003","315.65","41.30","25.60"
"1369","GIN","2004","314.41","40.30","26.41"
"1370","GIN","2005","311.60","39.30","19.66"
"1371","GIN","2006","308.17","38.30","16.16"
"1372","GIN","2007","305.73","37.50","22.64"
"1373","GIN","2008","301.16","36.90","22.97"
"1374","GIN","2009","298.20","36.50","23.72"
"1375","GIN","2010","294.44","36.00","22.60"
"1376","GIN","2011","290.94","35.60","24.13"
"1377","GIN","2012","287.45","35.10","23.70"
"1378","GIN","2013","283.95","34.60","25.90"
"1379","GIN","2014","283.30","34.10","36.64"
"1380","GIN","2015","279.88","33.70","43.42"
"1381","GIN","2016","272.45","33.20","38.43"
"1382","GIN","2017","270.72","32.90","32.64"
"1383","GIN","2018","267.41","32.60","34.89"
"1384","GIN","2019","264.13","32.20","42.17"
"1385","GIN","2020","265.97","31.80","41.10"
"1386","GIN","2021","275.55","31.30","44.10"
"1387","GMB","2000","296.26","40.20","74.84"
"1388","GMB","2001","294.67","39.50","55.65"
"1389","GMB","2002","291.67","38.80","35.99"
"1390","GMB","2003","287.98","38.10","28.30"
"1391","GMB","2004","283.46","37.50","32.16"
"1392","GMB","2005","281.57","36.70","33.20"
"1393","GMB","2006","276.39","35.90","33.41"
"1394","GMB","2007","274.79","35.20","35.91"
"1395","GMB","2008","270.66","34.40","40.03"
"1396","GMB","2009","269.68","33.60","34.59"
"1397","GMB","2010","265.92","32.80","33.00"
"1398","GMB","2011","262.69","32.00","31.05"
"1399","GMB","2012","260.18","31.30","29.56"
"1400","GMB","2013","257.30","30.60","25.59"
"1401","GMB","2014","254.71","29.80","17.34"
"1402","GMB","2015","250.91","29.00","19.68"
"1403","GMB","2016","246.79","28.20","20.77"
"1404","GMB","2017","243.79","27.40","21.55"
"1405","GMB","2018","240.81","26.70","22.17"
"1406","GMB","2019","236.46","26.00","23.22"
"1407","GMB","2020","236.57","25.30","28.92"
"1408","GMB","2021","255.89","24.70","29.77"
"1409","GNB","2000","366.47","55.20","13.28"
"1410","GNB","2001","364.42","54.20","13.51"
"1411","GNB","2002","360.92","53.30","14.02"
"1412","GNB","2003","357.16","52.60","14.70"
"1413","GNB","2004","352.64","51.80","18.42"
"1414","GNB","2005","355.12","51.00","21.00"
"1415","GNB","2006","342.69","50.10","22.78"
"1416","GNB","2007","334.70","49.00","25.57"
"1417","GNB","2008","332.63","47.80","34.27"
"1418","GNB","2009","321.69","46.50","26.89"
"1419","GNB","2010","314.81","45.10","29.24"
"1420","GNB","2011","308.51","43.70","44.73"
"1421","GNB","2012","302.92","42.40","37.75"
"1422","GNB","2013","296.50","41.30","46.06"
"1423","GNB","2014","289.89","40.20","65.00"
"1424","GNB","2015","282.89","39.10","52.46"
"1425","GNB","2016","276.29","38.20","56.61"
"1426","GNB","2017","269.85","37.30","54.82"
"1427","GNB","2018","263.71","36.50","58.87"
"1428","GNB","2019","257.40","35.70","53.98"
"1429","GNB","2020","275.00","34.90","67.89"
"1430","GNB","2021","280.46","34.20","70.21"
"1431","GNQ","2000","326.58","46.10","20.14"
"1432","GNQ","2001","323.41","45.60","29.59"
"1433","GNQ","2002","319.20","44.90","74.94"
"1434","GNQ","2003","315.68","44.10","86.83"
"1435","GNQ","2004","311.40","43.00","104.55"
"1436","GNQ","2005","307.94","41.80","122.76"
"1437","GNQ","2006","302.97","40.40","143.96"
"1438","GNQ","2007","298.96","38.80","179.50"
"1439","GNQ","2008","293.41","37.40","225.51"
"1440","GNQ","2009","288.88","36.10","248.96"
"1441","GNQ","2010","284.83","35.00","237.86"
"1442","GNQ","2011","280.32","34.10","265.38"
"1443","GNQ","2012","275.69","33.50","280.90"
"1444","GNQ","2013","270.68","32.80","286.34"
"1445","GNQ","2014","266.29","32.10","290.54"
"1446","GNQ","2015","262.64","31.50","222.82"
"1447","GNQ","2016","257.87","30.90","221.49"
"1448","GNQ","2017","253.95","30.50","223.44"
"1449","GNQ","2018","249.21","29.80","240.49"
"1450","GNQ","2019","245.59","29.20","223.14"
"1451","GNQ","2020","249.22","28.60","213.59"
"1452","GNQ","2021","253.82","28.00","243.81"
"1453","GRC","2000","81.19","3.90","885.41"
"1454","GRC","2001","78.29","3.60","1004.82"
"1455","GRC","2002","78.12","3.30","1168.82"
"1456","GRC","2003","78.52","3.00","1566.41"
"1457","GRC","2004","77.25","2.70","1782.70"
"1458","GRC","2005","75.86","2.50","1935.27"
"1459","GRC","2006","75.22","2.40","2052.88"
"1460","GRC","2007","76.12","2.20","2426.76"
"1461","GRC","2008","73.20","2.20","2840.51"
"1462","GRC","2009","71.98","2.10","2809.06"
"1463","GRC","2010","70.22","2.20","2564.37"
"1464","GRC","2011","69.94","2.20","2338.92"
"1465","GRC","2012","71.11","2.30","1948.25"
"1466","GRC","2013","66.67","2.40","1832.03"
"1467","GRC","2014","65.94","2.50","1700.49"
"1468","GRC","2015","67.61","2.60","1481.42"
"1469","GRC","2016","64.24","2.60","1513.26"
"1470","GRC","2017","65.79","2.60","1509.78"
"1471","GRC","2018","62.03","2.50","1603.08"
"1472","GRC","2019","62.26","2.50","1569.03"
"1473","GRC","2020","68.77","2.40","1674.78"
"1474","GRC","2021","77.49","2.30","1846.37"
"1475","GRD","2000","163.13","7.80","259.34"
"1476","GRD","2001","162.79","7.80","271.04"
"1477","GRD","2002","162.34","7.90","307.84"
"1478","GRD","2003","161.50","7.90","286.91"
"1479","GRD","2004","169.32","7.90","294.12"
"1480","GRD","2005","158.70","7.90","326.09"
"1481","GRD","2006","156.98","8.00","324.32"
"1482","GRD","2007","155.14","8.10","359.54"
"1483","GRD","2008","153.18","8.30","401.15"
"1484","GRD","2009","151.14","8.70","376.68"
"1485","GRD","2010","149.12","9.10","374.47"
"1486","GRD","2011","147.18","9.60","403.17"
"1487","GRD","2012","145.37","10.20","413.03"
"1488","GRD","2013","143.66","10.70","417.75"
"1489","GRD","2014","142.06","11.10","381.23"
"1490","GRD","2015","140.60","11.50","404.01"
"1491","GRD","2016","139.31","11.80","409.28"
"1492","GRD","2017","138.18","12.10","454.07"
"1493","GRD","2018","137.17","12.30","462.24"
"1494","GRD","2019","136.17","12.50","515.95"
"1495","GRD","2020","135.17","12.60","475.84"
"1496","GRD","2021","142.65","12.70","508.10"
"1497","GTM","2000","218.60","21.10","83.62"
"1498","GTM","2001","215.82","20.50","100.02"
"1499","GTM","2002","212.20","19.90","107.62"
"1500","GTM","2003","208.92","19.40","113.38"
"1501","GTM","2004","211.30","18.90","122.16"
"1502","GTM","2005","211.77","18.40","132.42"
"1503","GTM","2006","205.39","17.90","149.04"
"1504","GTM","2007","198.07","17.50","158.89"
"1505","GTM","2008","196.71","17.10","175.67"
"1506","GTM","2009","195.37","16.60","169.38"
"1507","GTM","2010","193.44","15.90","175.31"
"1508","GTM","2011","186.78","15.30","191.25"
"1509","GTM","2012","181.22","14.70","200.85"
"1510","GTM","2013","179.06","14.10","198.79"
"1511","GTM","2014","179.55","13.50","217.24"
"1512","GTM","2015","181.41","13.00","233.84"
"1513","GTM","2016","178.13","12.50","246.45"
"1514","GTM","2017","172.91","12.10","265.37"
"1515","GTM","2018","173.31","11.60","265.82"
"1516","GTM","2019","172.80","11.20","278.59"
"1517","GTM","2020","194.70","10.90","289.22"
"1518","GTM","2021","231.55","10.50","361.52"
"1519","GUY","2000","278.85","27.20","62.38"
"1520","GUY","2001","275.38","26.70","60.10"
"1521","GUY","2002","280.84","26.10","65.04"
"1522","GUY","2003","283.97","25.70","68.20"
"1523","GUY","2004","284.24","25.30","74.69"
"1524","GUY","2005","281.58","24.80","85.36"
"1525","GUY","2006","276.63","24.40","98.34"
"1526","GUY","2007","267.55","24.00","125.79"
"1527","GUY","2008","264.22","23.60","138.70"
"1528","GUY","2009","259.99","23.20","150.22"
"1529","GUY","2010","257.54","22.80","162.70"
"1530","GUY","2011","253.50","22.50","186.11"
"1531","GUY","2012","254.22","22.00","201.89"
"1532","GUY","2013","250.39","21.50","211.29"
"1533","GUY","2014","240.93","21.00","216.04"
"1534","GUY","2015","235.49","20.30","226.89"
"1535","GUY","2016","230.76","19.70","235.92"
"1536","GUY","2017","224.21","19.10","266.86"
"1537","GUY","2018","220.60","18.50","296.67"
"1538","GUY","2019","217.11","18.00","314.10"
"1539","GUY","2020","234.83","17.40","364.20"
"1540","GUY","2021","302.70","16.90","457.87"
"1541","HND","2000","183.48","17.90","68.48"
"1542","HND","2001","182.62","17.40","67.14"
"1543","HND","2002","181.31","16.80","70.72"
"1544","HND","2003","180.92","16.40","79.65"
"1545","HND","2004","180.25","15.90","83.30"
"1546","HND","2005","179.76","15.50","97.86"
"1547","HND","2006","179.02","15.20","112.12"
"1548","HND","2007","178.11","14.80","127.56"
"1549","HND","2008","177.72","14.40","149.06"
"1550","HND","2009","176.93","14.00","160.23"
"1551","HND","2010","179.33","13.60","165.20"
"1552","HND","2011","174.99","13.20","182.31"
"1553","HND","2012","170.42","12.80","184.04"
"1554","HND","2013","166.30","12.30","176.42"
"1555","HND","2014","162.90","11.90","172.53"
"1556","HND","2015","159.12","11.50","169.97"
"1557","HND","2016","155.47","11.10","177.88"
"1558","HND","2017","153.61","10.70","169.07"
"1559","HND","2018","151.69","10.30","178.15"
"1560","HND","2019","150.83","9.90","183.75"
"1561","HND","2020","165.20","9.60","212.74"
"1562","HND","2021","195.05","9.30","253.63"
"1563","HRV","2000","129.07","5.50","385.78"
"1564","HRV","2001","127.87","5.30","387.81"
"1565","HRV","2002","126.84","5.00","386.42"
"1566","HRV","2003","126.87","4.80","512.00"
"1567","HRV","2004","119.36","4.50","633.98"
"1568","HRV","2005","117.29","4.20","726.61"
"1569","HRV","2006","116.61","4.00","815.39"
"1570","HRV","2007","116.19","3.90","1040.45"
"1571","HRV","2008","114.05","3.80","1258.10"
"1572","HRV","2009","110.53","3.70","1187.34"
"1573","HRV","2010","105.57","3.50","1126.82"
"1574","HRV","2011","103.00","3.40","1134.89"
"1575","HRV","2012","99.30","3.30","1034.02"
"1576","HRV","2013","96.07","3.20","894.07"
"1577","HRV","2014","93.92","3.20","915.27"
"1578","HRV","2015","91.59","3.10","803.42"
"1579","HRV","2016","90.09","3.00","851.92"
"1580","HRV","2017","88.25","3.00","919.22"
"1581","HRV","2018","88.87","3.00","1045.15"
"1582","HRV","2019","86.68","3.00","1063.54"
"1583","HRV","2020","87.06","2.90","1123.38"
"1584","HRV","2021","97.04","2.90","1423.53"
"1585","HTI","2000","295.86","29.50","30.36"
"1586","HTI","2001","291.57","29.10","27.39"
"1587","HTI","2002","286.45","29.00","22.37"
"1588","HTI","2003","281.81","29.00","18.61"
"1589","HTI","2004","289.29","29.10","24.04"
"1590","HTI","2005","270.88","29.10","25.26"
"1591","HTI","2006","265.59","29.00","29.12"
"1592","HTI","2007","260.99","28.80","37.60"
"1593","HTI","2008","258.56","28.60","40.45"
"1594","HTI","2009","254.16","28.30","41.40"
"1595","HTI","2010","489.14","29.10","55.74"
"1596","HTI","2011","257.75","27.90","77.12"
"1597","HTI","2012","248.65","27.70","75.09"
"1598","HTI","2013","244.79","27.40","59.38"
"1599","HTI","2014","240.84","27.10","65.11"
"1600","HTI","2015","238.27","26.70","68.51"
"1601","HTI","2016","237.34","26.30","60.07"
"1602","HTI","2017","231.80","25.80","53.81"
"1603","HTI","2018","229.65","25.40","62.30"
"1604","HTI","2019","227.33","25.00","49.33"
"1605","HTI","2020","237.38","24.50","52.22"
"1606","HTI","2021","266.82","24.00","59.89"
"1607","HUN","2000","192.97","5.70","313.11"
"1608","HUN","2001","185.74","5.50","359.70"
"1609","HUN","2002","184.57","5.10","473.13"
"1610","HUN","2003","183.92","4.80","682.87"
"1611","HUN","2004","180.22","4.40","798.45"
"1612","HUN","2005","181.87","4.10","895.20"
"1613","HUN","2006","176.80","3.90","893.20"
"1614","HUN","2007","176.02","3.80","1003.26"
"1615","HUN","2008","166.72","3.60","1117.20"
"1616","HUN","2009","163.68","3.50","943.69"
"1617","HUN","2010","156.93","3.40","983.11"
"1618","HUN","2011","149.61","3.30","1063.43"
"1619","HUN","2012","142.51","3.20","961.14"
"1620","HUN","2013","133.97","3.00","991.99"
"1621","HUN","2014","131.91","2.90","1008.93"
"1622","HUN","2015","131.78","2.70","874.04"
"1623","HUN","2016","125.99","2.50","918.95"
"1624","HUN","2017","124.32","2.40","990.91"
"1625","HUN","2018","122.19","2.30","1087.65"
"1626","HUN","2019","117.17","2.20","1062.16"
"1627","HUN","2020","121.44","2.20","1182.54"
"1628","HUN","2021",NULL,"2.20","1392.97"
"1629","IDN","2000","198.86","22.50","15.39"
"1630","IDN","2001","196.96","21.70","16.87"
"1631","IDN","2002","193.53","21.10","18.98"
"1632","IDN","2003","193.49","20.50","25.51"
"1633","IDN","2004","216.65","20.00","25.98"
"1634","IDN","2005","192.49","19.50","34.10"
"1635","IDN","2006","192.32","19.00","44.40"
"1636","IDN","2007","190.88","18.60","56.00"
"1637","IDN","2008","190.45","18.00","59.24"
"1638","IDN","2009","189.72","17.30","62.40"
"1639","IDN","2010","190.56","16.60","85.56"
"1640","IDN","2011","187.92","16.00","107.01"
"1641","IDN","2012","185.78","15.30","105.85"
"1642","IDN","2013","184.05","14.70","102.34"
"1643","IDN","2014","181.91","14.00","102.00"
"1644","IDN","2015","179.72","13.40","96.16"
"1645","IDN","2016","177.67","12.80","106.40"
"1646","IDN","2017","175.49","12.30","110.33"
"1647","IDN","2018","174.55","11.80","110.72"
"1648","IDN","2019","171.59","11.30","118.22"
"1649","IDN","2020","193.20","10.80","131.82"
"1650","IDN","2021","217.35","10.30","158.90"
"1651","IND","2000","217.43","43.80","18.48"
"1652","IND","2001","214.41","42.50","19.74"
"1653","IND","2002","210.03","41.10","20.16"
"1654","IND","2003","206.24","39.80","21.89"
"1655","IND","2004","202.84","38.60","24.92"
"1656","IND","2005","198.78","37.40","27.50"
"1657","IND","2006","195.15","36.20","29.38"
"1658","IND","2007","191.86","35.10","35.63"
"1659","IND","2008","188.84","34.00","37.65"
"1660","IND","2009","186.16","32.80","38.06"
"1661","IND","2010","183.73","31.70","44.80"
"1662","IND","2011","181.48","30.50","48.18"
"1663","IND","2012","179.38","29.40","48.45"
"1664","IND","2013","177.46","28.20","55.47"
"1665","IND","2014","175.27","27.10","56.35"
"1666","IND","2015","173.19","26.00","58.12"
"1667","IND","2016","170.88","25.00","59.73"
"1668","IND","2017","168.49","24.00","56.67"
"1669","IND","2018","165.86","23.00","57.47"
"1670","IND","2019","163.02","21.80","60.69"
"1671","IND","2020","169.57","20.60","63.83"
"1672","IND","2021","218.12","19.50","75.55"
"1673","IRL","2000","94.64","4.00","1564.84"
"1674","IRL","2001","89.06","3.90","1823.73"
"1675","IRL","2002","86.88","3.70","2200.36"
"1676","IRL","2003","81.69","3.50","2910.93"
"1677","IRL","2004","81.25","3.20","3483.16"
"1678","IRL","2005","77.61","3.00","3938.19"
"1679","IRL","2006","76.82","2.80","4147.13"
"1680","IRL","2007","77.27","2.60","4858.65"
"1681","IRL","2008","76.50","2.50","5638.78"
"1682","IRL","2009","76.99","2.50","5502.89"
"1683","IRL","2010","71.10","2.50","5133.46"
"1684","IRL","2011","70.86","2.50","5538.00"
"1685","IRL","2012","70.00","2.50","5187.27"
"1686","IRL","2013","67.65","2.50","5295.52"
"1687","IRL","2014","66.79","2.50","5309.90"
"1688","IRL","2015","65.93","2.40","4575.85"
"1689","IRL","2016","63.62","2.30","4746.94"
"1690","IRL","2017","61.49","2.30","5023.51"
"1691","IRL","2018","63.56","2.30","5494.99"
"1692","IRL","2019","62.31","2.30","5454.31"
"1693","IRL","2020","60.66","2.30","6073.11"
"1694","IRL","2021","62.52","2.40","6754.08"
"1695","IRN","2000","148.64","19.50","79.89"
"1696","IRN","2001","143.75","18.80","93.23"
"1697","IRN","2002","138.77","18.20","104.64"
"1698","IRN","2003","148.47","17.50","115.52"
"1699","IRN","2004","129.89","16.80","139.76"
"1700","IRN","2005","126.35","16.10","169.81"
"1701","IRN","2006","122.37","15.50","192.08"
"1702","IRN","2007","118.95","14.80","237.51"
"1703","IRN","2008","115.82","14.10","288.86"
"1704","IRN","2009","113.06","13.30","354.26"
"1705","IRN","2010","110.25","12.60","424.60"
"1706","IRN","2011","107.56","12.00","505.33"
"1707","IRN","2012","104.80","11.40","500.22"
"1708","IRN","2013","102.15","10.90","412.03"
"1709","IRN","2014","99.65","10.50","395.03"
"1710","IRN","2015","97.25","10.00","423.29"
"1711","IRN","2016","95.18","9.60","433.92"
"1712","IRN","2017","92.90","9.30","457.23"
"1713","IRN","2018","91.08","8.90","244.22"
"1714","IRN","2019","88.65","8.60","223.64"
"1715","IRN","2020","110.82","8.30","184.91"
"1716","IRN","2021","127.44","8.00","196.67"
"1717","IRQ","2000","241.77","23.90",NULL
"1718","IRQ","2001","234.81","23.60",NULL
"1719","IRQ","2002","227.60","23.20",NULL
"1720","IRQ","2003","248.77","22.90","26.98"
"1721","IRQ","2004","254.89","22.50","51.82"
"1722","IRQ","2005","251.14","22.20","53.06"
"1723","IRQ","2006","270.68","21.70","56.76"
"1724","IRQ","2007","264.32","21.30","100.59"
"1725","IRQ","2008","223.79","20.80","139.29"
"1726","IRQ","2009","195.87","20.20","140.12"
"1727","IRQ","2010","192.01","19.60","144.54"
"1728","IRQ","2011","187.04","19.00","161.90"
"1729","IRQ","2012","181.17","18.40","174.48"
"1730","IRQ","2013","178.12","17.90","186.79"
"1731","IRQ","2014","168.81","17.30","178.98"
"1732","IRQ","2015","164.36","16.70","149.08"
"1733","IRQ","2016","194.31","16.20","199.89"
"1734","IRQ","2017","173.67","15.60","197.24"
"1735","IRQ","2018","147.51","15.10","232.87"
"1736","IRQ","2019","146.38","14.70","241.74"
"1737","IRQ","2020","162.72","14.20","248.05"
"1738","IRQ","2021","156.25","13.70","251.60"
"1739","ISL","2000","78.92","2.00","2855.57"
"1740","ISL","2001","69.58","1.90","2528.55"
"1741","ISL","2002","68.52","1.80","3046.82"
"1742","ISL","2003","58.79","1.70","3839.69"
"1743","ISL","2004","61.99","1.60","4414.23"
"1744","ISL","2005","58.87","1.60","5079.69"
"1745","ISL","2006","64.75","1.50","4918.23"
"1746","ISL","2007","58.33","1.40","5803.81"
"1747","ISL","2008","51.61","1.40","4749.68"
"1748","ISL","2009","56.59","1.40","3622.98"
"1749","ISL","2010","54.09","1.30","3614.04"
"1750","ISL","2011","51.75","1.30","3937.32"
"1751","ISL","2012","51.82","1.30","3784.38"
"1752","ISL","2013","54.31","1.30","4095.68"
"1753","ISL","2014","56.40","1.30","4522.91"
"1754","ISL","2015","56.59","1.30","4303.84"
"1755","ISL","2016","53.10","1.30","5053.52"
"1756","ISL","2017","55.35","1.30","5992.05"
"1757","ISL","2018","56.27","1.40","6280.04"
"1758","ISL","2019","56.41","1.40","5912.01"
"1759","ISL","2020","56.14","1.40","5692.89"
"1760","ISL","2021","54.40","1.40","6722.42"
"1761","ISR","2000","76.88","3.60","1473.01"
"1762","ISR","2001","75.02","3.50","1509.45"
"1763","ISR","2002","74.53","3.30","1355.33"
"1764","ISR","2003","71.53","3.10","1384.19"
"1765","ISR","2004","69.49","2.90","1438.99"
"1766","ISR","2005","69.59","2.70","1509.11"
"1767","ISR","2006","67.56","2.60","1555.56"
"1768","ISR","2007","65.64","2.50","1769.93"
"1769","ISR","2008","64.56","2.40","2126.11"
"1770","ISR","2009","62.12","2.40","2034.46"
"1771","ISR","2010","60.15","2.40","2237.91"
"1772","ISR","2011","59.60","2.30","2442.29"
"1773","ISR","2012","57.93","2.30","2405.18"
"1774","ISR","2013","57.89","2.20","2673.34"
"1775","ISR","2014","56.94","2.20","2804.23"
"1776","ISR","2015","56.42","2.10","2645.79"
"1777","ISR","2016","55.04","2.00","2783.82"
"1778","ISR","2017","54.24","2.00","3074.45"
"1779","ISR","2018","53.80","1.90","3199.42"
"1780","ISR","2019","53.21","1.90","3335.25"
"1781","ISR","2020","52.70","1.80","3616.50"
"1782","ISR","2021","54.09","1.80","4294.19"
"1783","ITA","2000","76.01","3.50","1524.24"
"1784","ITA","2001","74.62","3.30","1586.67"
"1785","ITA","2002","72.48","3.10","1762.36"
"1786","ITA","2003","70.02","2.90","2160.91"
"1787","ITA","2004","65.99","2.80","2560.46"
"1788","ITA","2005","64.30","2.70","2669.73"
"1789","ITA","2006","62.93","2.60","2821.77"
"1790","ITA","2007","61.36","2.50","3077.41"
"1791","ITA","2008","60.12","2.50","3483.39"
"1792","ITA","2009","59.18","2.40","3314.16"
"1793","ITA","2010","56.62","2.40","3190.72"
"1794","ITA","2011","56.23","2.40","3358.96"
"1795","ITA","2012","55.16","2.30","3071.00"
"1796","ITA","2013","53.27","2.20","3139.88"
"1797","ITA","2014","51.78","2.20","3190.47"
"1798","ITA","2015","52.95","2.10","2707.43"
"1799","ITA","2016","50.90","2.10","2735.28"
"1800","ITA","2017","52.16","2.00","2851.29"
"1801","ITA","2018","49.85","1.90","3031.46"
"1802","ITA","2019","48.50","1.80","2908.83"
"1803","ITA","2020","51.96","1.80","3058.90"
"1804","ITA","2021","52.68","1.80","3414.57"
"1805","JAM","2000","161.67","16.00","206.45"
"1806","JAM","2001","162.04","15.70","180.66"
"1807","JAM","2002","159.61","15.50","205.36"
"1808","JAM","2003","158.58","15.40","177.22"
"1809","JAM","2004","159.48","15.30","222.27"
"1810","JAM","2005","161.10","15.30","243.58"
"1811","JAM","2006","163.14","15.30","243.39"
"1812","JAM","2007","163.19","15.30","292.00"
"1813","JAM","2008","161.33","15.20","334.75"
"1814","JAM","2009","157.56","15.10","282.10"
"1815","JAM","2010","153.30","15.00","309.87"
"1816","JAM","2011","148.92","14.90","341.33"
"1817","JAM","2012","146.07","14.80","330.39"
"1818","JAM","2013","145.49","14.70","322.03"
"1819","JAM","2014","146.86","14.50","312.77"
"1820","JAM","2015","149.42","14.30","334.90"
"1821","JAM","2016","152.41","14.10","330.15"
"1822","JAM","2017","155.52","14.00","367.35"
"1823","JAM","2018","160.14","14.00","381.48"
"1824","JAM","2019","161.42","14.10","390.79"
"1825","JAM","2020","163.41","14.20","364.77"
"1826","JAM","2021","195.78","14.10","413.36"
"1827","JOR","2000","130.82","15.40","151.33"
"1828","JOR","2001","128.31","15.00","161.34"
"1829","JOR","2002","125.80","14.70","164.75"
"1830","JOR","2003","123.21","14.30","161.88"
"1831","JOR","2004","120.91","13.90","175.04"
"1832","JOR","2005","118.88","13.50","185.03"
"1833","JOR","2006","116.10","13.00","188.72"
"1834","JOR","2007","114.17","12.50","208.04"
"1835","JOR","2008","112.59","12.10","275.18"
"1836","JOR","2009","111.22","11.70","316.92"
"1837","JOR","2010","110.53","11.30","303.81"
"1838","JOR","2011","109.34","11.00","321.59"
"1839","JOR","2012","107.74","10.60","325.98"
"1840","JOR","2013","105.62","10.30","308.94"
"1841","JOR","2014","102.05","10.00","302.14"
"1842","JOR","2015","97.06","9.70","301.63"
"1843","JOR","2016","92.08","9.40","278.13"
"1844","JOR","2017","86.79","9.10","289.05"
"1845","JOR","2018","82.69","8.90","289.47"
"1846","JOR","2019","79.38","8.60","294.93"
"1847","JOR","2020","88.81","8.30","303.48"
"1848","JOR","2021","108.44","8.10","322.02"
"1849","JPN","2000","73.03","1.80","2751.38"
"1850","JPN","2001","71.57","1.70","2488.65"
"1851","JPN","2002","70.24","1.70","2412.35"
"1852","JPN","2003","70.42","1.60","2650.24"
"1853","JPN","2004","69.04","1.50","2884.67"
"1854","JPN","2005","68.87","1.40","2892.60"
"1855","JPN","2006","66.63","1.30","2763.53"
"1856","JPN","2007","65.21","1.30","2781.49"
"1857","JPN","2008","64.05","1.20","3223.29"
"1858","JPN","2009","63.04","1.20","3696.58"
"1859","JPN","2010","62.13","1.10","4071.80"
"1860","JPN","2011","64.27","1.10","5103.34"
"1861","JPN","2012","58.42","1.00","5232.36"
"1862","JPN","2013","57.15","1.00","4356.16"
"1863","JPN","2014","55.68","1.00","4121.21"
"1864","JPN","2015","53.67","0.90","3754.18"
"1865","JPN","2016","52.87","0.90","4194.23"
"1866","JPN","2017","51.16","0.90","4135.24"
"1867","JPN","2018","50.54","0.90","4265.78"
"1868","JPN","2019","49.93","0.80","4431.30"
"1869","JPN","2020","50.08","0.80","4581.61"
"1870","JPN","2021","50.05","0.80","4843.94"
"1871","KAZ","2000","301.54","23.60","49.09"
"1872","KAZ","2001","298.85","23.00","49.37"
"1873","KAZ","2002","295.62","22.40","56.88"
"1874","KAZ","2003","292.60","21.50","72.90"
"1875","KAZ","2004","289.81","20.60","108.44"
"1876","KAZ","2005","286.37","19.60","139.58"
"1877","KAZ","2006","281.85","18.50","170.94"
"1878","KAZ","2007","275.52","17.00","174.34"
"1879","KAZ","2008","266.80","15.30","245.79"
"1880","KAZ","2009","255.65","13.50","241.00"
"1881","KAZ","2010","242.99","11.80","240.61"
"1882","KAZ","2011","229.63","10.20","293.73"
"1883","KAZ","2012","216.53","8.70","365.04"
"1884","KAZ","2013","204.34","7.30","358.91"
"1885","KAZ","2014","193.54","6.20","369.69"
"1886","KAZ","2015","184.13","5.50","310.01"
"1887","KAZ","2016","175.96","5.00","255.84"
"1888","KAZ","2017","168.91","4.80","272.98"
"1889","KAZ","2018","162.86","4.70","266.92"
"1890","KAZ","2019","157.69","4.70","263.61"
"1891","KAZ","2020","186.14","4.80","329.57"
"1892","KAZ","2021","192.26","4.80","391.82"
"1893","KEN","2000","392.01","26.30","21.53"
"1894","KEN","2001","389.73","26.10","22.11"
"1895","KEN","2002","395.05","25.80","22.29"
"1896","KEN","2003","388.71","25.50","25.64"
"1897","KEN","2004","383.49","25.10","27.65"
"1898","KEN","2005","378.84","24.70","30.99"
"1899","KEN","2006","373.48","24.30","40.30"
"1900","KEN","2007","373.17","24.00","49.45"
"1901","KEN","2008","365.85","23.70","54.36"
"1902","KEN","2009","358.99","23.50","55.46"
"1903","KEN","2010","353.13","23.40","58.82"
"1904","KEN","2011","348.21","23.30","57.02"
"1905","KEN","2012","345.19","23.30","64.48"
"1906","KEN","2013","342.96","23.30","67.60"
"1907","KEN","2014","339.42","23.30","72.85"
"1908","KEN","2015","334.45","23.20","70.95"
"1909","KEN","2016","330.68","23.10","73.89"
"1910","KEN","2017","327.74","22.80","66.47"
"1911","KEN","2018","327.27","22.60","75.28"
"1912","KEN","2019","326.28","22.30","85.65"
"1913","KEN","2020","335.58","22.00","86.59"
"1914","KEN","2021","335.01","21.70","94.20"
"1915","KGZ","2000","251.87","20.60","12.03"
"1916","KGZ","2001","252.51","20.00","12.88"
"1917","KGZ","2002","252.66","19.60","14.41"
"1918","KGZ","2003","250.80","19.30","21.69"
"1919","KGZ","2004","249.11","19.10","26.37"
"1920","KGZ","2005","248.94","19.00","34.94"
"1921","KGZ","2006","250.55","19.10","44.60"
"1922","KGZ","2007","247.21","18.80","49.61"
"1923","KGZ","2008","236.79","18.20","62.78"
"1924","KGZ","2009","227.79","17.50","59.94"
"1925","KGZ","2010","221.88","16.60","60.68"
"1926","KGZ","2011","218.51","15.80","78.74"
"1927","KGZ","2012","212.49","15.20","98.67"
"1928","KGZ","2013","205.57","14.60","103.59"
"1929","KGZ","2014","199.21","14.10","93.16"
"1930","KGZ","2015","188.11","13.60","79.55"
"1931","KGZ","2016","179.97","13.00","71.52"
"1932","KGZ","2017","173.77","12.40","76.60"
"1933","KGZ","2018","172.70","12.00","65.35"
"1934","KGZ","2019","168.34","11.60","61.40"
"1935","KGZ","2020","186.59","11.40","61.25"
"1936","KGZ","2021","198.06","11.20","72.59"
"1937","KHM","2000","264.71","35.20","19.28"
"1938","KHM","2001","256.94","33.50","22.18"
"1939","KHM","2002","249.76","31.60","24.26"
"1940","KHM","2003","242.24","29.80","25.01"
"1941","KHM","2004","234.54","28.20","28.81"
"1942","KHM","2005","227.01","26.90","32.34"
"1943","KHM","2006","220.36","25.80","32.84"
"1944","KHM","2007","214.70","24.70","32.39"
"1945","KHM","2008","209.86","23.60","48.62"
"1946","KHM","2009","204.57","22.50","55.25"
"1947","KHM","2010","199.52","21.30","53.59"
"1948","KHM","2011","193.91","20.30","65.39"
"1949","KHM","2012","189.41","19.30","68.90"
"1950","KHM","2013","185.83","17.90","65.40"
"1951","KHM","2014","182.73","16.60","63.10"
"1952","KHM","2015","180.45","15.40","70.23"
"1953","KHM","2016","178.49","14.30","75.23"
"1954","KHM","2017","176.74","13.30","77.97"
"1955","KHM","2018","175.78","12.50","91.59"
"1956","KHM","2019","174.95","11.80","112.59"
"1957","KHM","2020","175.58","11.20","106.80"
"1958","KHM","2021","192.32","10.80","137.39"
"1959","KIR","2000","215.87","27.10","65.61"
"1960","KIR","2001","213.28","26.30","85.89"
"1961","KIR","2002","211.08","25.70","92.97"
"1962","KIR","2003","209.30","25.10","102.44"
"1963","KIR","2004","207.90","24.60","132.29"
"1964","KIR","2005","206.80","24.20","131.89"
"1965","KIR","2006","205.90","23.90","126.86"
"1966","KIR","2007","205.11","23.70","148.06"
"1967","KIR","2008","204.38","23.50","190.34"
"1968","KIR","2009","203.72","23.30","167.97"
"1969","KIR","2010","203.19","23.20","133.16"
"1970","KIR","2011","202.85","23.20","141.51"
"1971","KIR","2012","202.75","23.20","146.62"
"1972","KIR","2013","202.91","23.10","154.34"
"1973","KIR","2014","203.26","23.20","155.39"
"1974","KIR","2015","203.71","23.30","118.33"
"1975","KIR","2016","204.09","23.40","157.73"
"1976","KIR","2017","204.23","23.50","179.58"
"1977","KIR","2018","204.03","23.40","208.74"
"1978","KIR","2019","203.39","23.30","177.93"
"1979","KIR","2020","213.00","23.00","239.24"
"1980","KIR","2021","242.85","22.80","263.10"
"1981","KOR","2000","112.85","3.40","475.25"
"1982","KOR","2001","105.80","3.20","503.16"
"1983","KOR","2002","102.26","3.00","536.92"
"1984","KOR","2003","99.19","2.80","684.80"
"1985","KOR","2004","95.00","2.60","764.49"
"1986","KOR","2005","90.45","2.40","944.55"
"1987","KOR","2006","85.47","2.20","1130.54"
"1988","KOR","2007","81.51","2.00","1256.36"
"1989","KOR","2008","76.12","1.90","1186.38"
"1990","KOR","2009","69.43","1.80","1150.97"
"1991","KOR","2010","66.39","1.80","1417.11"
"1992","KOR","2011","61.79","1.70","1570.55"
"1993","KOR","2012","59.22","1.70","1603.93"
"1994","KOR","2013","54.72","1.70","1738.81"
"1995","KOR","2014","50.63","1.70","1922.99"
"1996","KOR","2015","48.29","1.60","1950.90"
"1997","KOR","2016","45.21","1.60","2042.73"
"1998","KOR","2017","42.39","1.60","2258.15"
"1999","KOR","2018","41.09","1.50","2523.04"
"2000","KOR","2019","38.65","1.50","2602.48"
"2001","KOR","2020","53.06","1.40","2699.66"
"2002","KOR","2021","50.30","1.30","3125.83"
"2003","KWT","2000","86.89","6.60","425.21"
"2004","KWT","2001","84.92","6.40","553.75"
"2005","KWT","2002","83.16","6.20","578.42"
"2006","KWT","2003","81.97","6.10","626.35"
"2007","KWT","2004","81.29","5.90","649.43"
"2008","KWT","2005","80.75","5.80","727.25"
"2009","KWT","2006","79.93","5.80","782.20"
"2010","KWT","2007","78.44","5.70","880.71"
"2011","KWT","2008","75.92","5.70","1069.46"
"2012","KWT","2009","72.31","5.60","1025.90"
"2013","KWT","2010","68.01","5.50","1050.42"
"2014","KWT","2011","63.44","5.30","1147.16"
"2015","KWT","2012","58.95","5.20","1216.87"
"2016","KWT","2013","54.79","5.10","1235.29"
"2017","KWT","2014","51.14","5.00","1293.83"
"2018","KWT","2015","48.34","5.00","1259.56"
"2019","KWT","2016","45.61","5.00","1292.72"
"2020","KWT","2017","43.73","5.00","1351.72"
"2021","KWT","2018","42.38","5.00","1658.60"
"2022","KWT","2019","41.46","5.00","1643.16"
"2023","KWT","2020","59.56","4.90","1542.72"
"2024","KWT","2021","67.99","4.80","1829.13"
"2025","LAO","2000","288.48","35.80","14.10"
"2026","LAO","2001","282.32","34.60","14.47"
"2027","LAO","2002","279.35","33.40","12.91"
"2028","LAO","2003","277.87","32.20","17.59"
"2029","LAO","2004","274.37","31.00","16.23"
"2030","LAO","2005","267.47","29.70","17.33"
"2031","LAO","2006","264.71","28.50","19.23"
"2032","LAO","2007","257.39","27.30","24.57"
"2033","LAO","2008","250.84","26.10","26.75"
"2034","LAO","2009","239.86","25.00","35.72"
"2035","LAO","2010","231.21","23.80","34.52"
"2036","LAO","2011","219.27","22.70","27.12"
"2037","LAO","2012","211.27","21.70","32.47"
"2038","LAO","2013","203.09","20.70","43.50"
"2039","LAO","2014","194.71","19.70","45.53"
"2040","LAO","2015","191.52","18.90","52.04"
"2041","LAO","2016","188.37","18.20","54.38"
"2042","LAO","2017","184.99","17.50","61.42"
"2043","LAO","2018","182.33","16.90","57.17"
"2044","LAO","2019","179.36","16.30","67.58"
"2045","LAO","2020","168.61","15.60","51.97"
"2046","LAO","2021","188.10","14.90","68.62"
"2047","LBN","2000","112.00","12.00","425.70"
"2048","LBN","2001","107.06","11.40","416.57"
"2049","LBN","2002","102.08","10.80","391.74"
"2050","LBN","2003","97.61","10.20","373.36"
"2051","LBN","2004","93.61","9.60","368.01"
"2052","LBN","2005","90.15","9.10","347.40"
"2053","LBN","2006","102.00","8.70","401.44"
"2054","LBN","2007","84.31","8.40","438.71"
"2055","LBN","2008","82.40","8.10","462.18"
"2056","LBN","2009","79.62","7.80","496.88"
"2057","LBN","2010","77.27","7.70","567.26"
"2058","LBN","2011","75.19","7.60","640.70"
"2059","LBN","2012","73.77","7.50","588.84"
"2060","LBN","2013","73.13","7.50","576.87"
"2061","LBN","2014","72.10","7.60","569.98"
"2062","LBN","2015","70.82","7.60","572.07"
"2063","LBN","2016","70.53","7.80","640.97"
"2064","LBN","2017","71.95","8.00","671.78"
"2065","LBN","2018","69.45","8.30","740.39"
"2066","LBN","2019","69.37","8.70","798.13"
"2067","LBN","2020","89.91","9.00","303.49"
"2068","LBN","2021","115.33","9.40","189.86"
"2069","LBR","2000","300.37","49.60","7.93"
"2070","LBR","2001","290.81","47.60","6.46"
"2071","LBR","2002","288.97","45.50","6.60"
"2072","LBR","2003","322.15","43.40","5.76"
"2073","LBR","2004","282.06","41.60","16.78"
"2074","LBR","2005","279.12","39.90","19.15"
"2075","LBR","2006","276.76","38.50","18.34"
"2076","LBR","2007","274.14","37.30","15.86"
"2077","LBR","2008","272.83","36.30","26.30"
"2078","LBR","2009","272.08","35.40","40.22"
"2079","LBR","2010","274.39","34.80","40.87"
"2080","LBR","2011","278.95","34.40","47.59"
"2081","LBR","2012","277.53","34.20","46.67"
"2082","LBR","2013","277.73","34.10","48.73"
"2083","LBR","2014","292.12","34.10","54.82"
"2084","LBR","2015","293.99","34.00","68.90"
"2085","LBR","2016","278.23","33.90","67.68"
"2086","LBR","2017","276.22","33.80","67.88"
"2087","LBR","2018","274.94","33.70","68.88"
"2088","LBR","2019","273.54","33.50","51.19"
"2089","LBR","2020","274.22","33.40","76.11"
"2090","LBR","2021","286.61","33.40","88.55"
"2091","LBY","2000","152.79","15.00","247.11"
"2092","LBY","2001","152.89","14.60","255.77"
"2093","LBY","2002","152.37","14.20","181.73"
"2094","LBY","2003","151.02","13.70","189.73"
"2095","LBY","2004","149.72","13.10","200.84"
"2096","LBY","2005","148.49","12.40","209.88"
"2097","LBY","2006","148.09","11.60","231.12"
"2098","LBY","2007","148.16","10.80","269.63"
"2099","LBY","2008","148.46","10.10","312.11"
"2100","LBY","2009","148.70","9.40","342.20"
"2101","LBY","2010","149.14","8.90","380.59"
"2102","LBY","2011","187.20","8.50","305.20"
"2103","LBY","2012","154.18","8.00","592.46"
"2104","LBY","2013","152.52","7.70","594.65"
"2105","LBY","2014","173.36","7.40","462.19"
"2106","LBY","2015","168.38","7.10","433.07"
"2107","LBY","2016","167.28","6.80","464.48"
"2108","LBY","2017","152.24","6.60","466.09"
"2109","LBY","2018","146.36","6.40","544.88"
"2110","LBY","2019","150.91","6.20","552.73"
"2111","LBY","2020","154.42","6.00","472.62"
"2112","LBY","2021","164.30","5.80","298.84"
"2113","LCA","2000","177.39","11.40","285.84"
"2114","LCA","2001","165.58","11.80","285.05"
"2115","LCA","2002","159.08","12.20","299.80"
"2116","LCA","2003","149.97","12.50","317.28"
"2117","LCA","2004","144.97","12.80","309.42"
"2118","LCA","2005","143.30","13.00","333.37"
"2119","LCA","2006","138.47","13.10","389.95"
"2120","LCA","2007","137.10","13.20","439.59"
"2121","LCA","2008","135.03","13.20","430.23"
"2122","LCA","2009","135.17","13.30","432.09"
"2123","LCA","2010","135.95","13.40","438.24"
"2124","LCA","2011","134.74","13.50","462.20"
"2125","LCA","2012","136.74","13.60","456.06"
"2126","LCA","2013","138.78","13.70","485.66"
"2127","LCA","2014","140.26","13.60","470.48"
"2128","LCA","2015","135.54","13.50","473.24"
"2129","LCA","2016","143.06","13.30","479.87"
"2130","LCA","2017","144.08","13.00","504.96"
"2131","LCA","2018","141.74","12.60","497.49"
"2132","LCA","2019","149.84","12.30","506.03"
"2133","LCA","2020","148.39","12.00","589.64"
"2134","LCA","2021","189.73","11.80","654.89"
"2135","LKA","2000","168.31","9.70","42.55"
"2136","LKA","2001","158.16","9.40","39.87"
"2137","LKA","2002","151.81","9.20","41.24"
"2138","LKA","2003","149.77","8.60","40.82"
"2139","LKA","2004","204.67","7.90","49.15"
"2140","LKA","2005","143.07","6.90","55.40"
"2141","LKA","2006","150.31","6.60","63.29"
"2142","LKA","2007","149.03","6.70","71.39"
"2143","LKA","2008","160.89","6.70","90.00"
"2144","LKA","2009","184.10","6.70","97.26"
"2145","LKA","2010","127.69","6.30","105.07"
"2146","LKA","2011","124.37","6.20","115.52"
"2147","LKA","2012","119.16","6.00","110.04"
"2148","LKA","2013","115.11","5.90","133.16"
"2149","LKA","2014","112.91","5.60","132.82"
"2150","LKA","2015","110.21","5.30","144.29"
"2151","LKA","2016","108.29","5.20","145.32"
"2152","LKA","2017","106.96","5.10","142.33"
"2153","LKA","2018","104.14","4.90","154.65"
"2154","LKA","2019","101.55","4.80","147.01"
"2155","LKA","2020","98.70","4.60","159.71"
"2156","LKA","2021","108.50","4.50","202.75"
"2157","LSO","2000","569.55","37.10","23.71"
"2158","LSO","2001","612.20","37.50","28.22"
"2159","LSO","2002","642.20","38.00","23.20"
"2160","LSO","2003","668.26","38.30","32.02"
"2161","LSO","2004","690.76","38.60","41.19"
"2162","LSO","2005","702.97","38.70","41.67"
"2163","LSO","2006","719.43","38.60","49.68"
"2164","LSO","2007","710.04","38.30","65.80"
"2165","LSO","2008","700.70","37.80","69.07"
"2166","LSO","2009","689.43","37.20","80.82"
"2167","LSO","2010","672.26","36.60","85.88"
"2168","LSO","2011","655.64","36.00","117.67"
"2169","LSO","2012","627.86","35.60","125.38"
"2170","LSO","2013","598.67","35.20","131.36"
"2171","LSO","2014","569.96","34.70","121.22"
"2172","LSO","2015","544.97","34.10","104.60"
"2173","LSO","2016","519.16","33.50","91.01"
"2174","LSO","2017","495.51","32.80","115.43"
"2175","LSO","2018","476.74","32.10","130.94"
"2176","LSO","2019","462.24","31.40","235.94"
"2177","LSO","2020","463.84","30.80","96.85"
"2178","LSO","2021","497.61","30.20","115.81"
"2179","LTU","2000","197.96","4.50","217.18"
"2180","LTU","2001","210.13","4.40","218.82"
"2181","LTU","2002","204.01","4.30","254.37"
"2182","LTU","2003","205.75","4.30","338.86"
"2183","LTU","2004","205.98","4.40","366.96"
"2184","LTU","2005","222.07","4.30","438.93"
"2185","LTU","2006","229.40","4.00","536.06"
"2186","LTU","2007","237.84","3.70","704.29"
"2187","LTU","2008","222.75","3.30","936.51"
"2188","LTU","2009","193.31","3.10","864.74"
"2189","LTU","2010","191.15","2.90","805.22"
"2190","LTU","2011","184.52","2.70","925.47"
"2191","LTU","2012","179.56","2.60","896.94"
"2192","LTU","2013","178.00","2.50","958.05"
"2193","LTU","2014","166.20","2.40","1019.71"
"2194","LTU","2015","163.45","2.40","918.51"
"2195","LTU","2016","159.54","2.30","986.13"
"2196","LTU","2017","143.22","2.30","1073.96"
"2197","LTU","2018","138.84","2.20","1241.39"
"2198","LTU","2019","134.37","2.20","1361.20"
"2199","LTU","2020","150.36","2.10","1511.80"
"2200","LTU","2021","158.89","2.10","1844.33"
"2201","LUX","2000","100.07","2.40","2901.20"
"2202","LUX","2001","94.66","2.30","3109.20"
"2203","LUX","2002","98.43","2.10","3600.87"
"2204","LUX","2003","87.47","2.00","4607.40"
"2205","LUX","2004","86.09","1.90","5610.35"
"2206","LUX","2005","79.79","1.80","5818.15"
"2207","LUX","2006","87.81","1.70","6070.74"
"2208","LUX","2007","78.11","1.60","6671.27"
"2209","LUX","2008","71.60","1.60","7578.75"
"2210","LUX","2009","73.21","1.60","7670.59"
"2211","LUX","2010","74.02","1.50","7459.84"
"2212","LUX","2011","66.33","1.50","7174.74"
"2213","LUX","2012","68.30","1.50","6029.47"
"2214","LUX","2013","66.61","1.50","6356.64"
"2215","LUX","2014","58.80","1.50","6547.03"
"2216","LUX","2015","54.39","1.50","5421.93"
"2217","LUX","2016","56.35","1.50","5475.14"
"2218","LUX","2017","53.77","1.50","5713.12"
"2219","LUX","2018","54.47","1.50","6227.08"
"2220","LUX","2019","52.51","1.50","6221.74"
"2221","LUX","2020","52.93","1.50","6785.86"
"2222","LUX","2021","51.39","1.50","7632.57"
"2223","LVA","2000","225.81","7.20","181.57"
"2224","LVA","2001","232.03","6.60","205.02"
"2225","LVA","2002","225.22","6.20","237.30"
"2226","LVA","2003","217.66","5.80","280.51"
"2227","LVA","2004","213.15","5.60","393.30"
"2228","LVA","2005","221.14","5.40","440.81"
"2229","LVA","2006","231.01","5.20","552.30"
"2230","LVA","2007","220.94","5.00","775.19"
"2231","LVA","2008","198.74","4.80","913.52"
"2232","LVA","2009","185.72","4.50","744.66"
"2233","LVA","2010","180.87","4.20","689.08"
"2234","LVA","2011","171.14","3.80","764.59"
"2235","LVA","2012","165.27","3.50","745.52"
"2236","LVA","2013","167.92","3.20","807.13"
"2237","LVA","2014","165.19","3.00","856.77"
"2238","LVA","2015","160.24","2.80","775.86"
"2239","LVA","2016","158.54","2.60","874.80"
"2240","LVA","2017","156.98","2.50","932.50"
"2241","LVA","2018","157.51","2.30","1101.49"
"2242","LVA","2019","147.56","2.10","1183.12"
"2243","LVA","2020","145.78","1.90","1313.35"
"2244","LVA","2021","180.24","1.70","1897.95"
"2245","MAR","2000","191.50","28.40","54.64"
"2246","MAR","2001","186.95","27.70","56.55"
"2247","MAR","2002","182.62","26.90","63.58"
"2248","MAR","2003","178.39","26.10","77.75"
"2249","MAR","2004","174.92","25.30","91.17"
"2250","MAR","2005","169.36","24.50","97.20"
"2251","MAR","2006","164.60","23.50","110.22"
"2252","MAR","2007","159.15","22.60","131.86"
"2253","MAR","2008","154.03","21.40","153.24"
"2254","MAR","2009","149.26","20.20","165.51"
"2255","MAR","2010","144.92","19.00","168.37"
"2256","MAR","2011","139.80","17.90","179.00"
"2257","MAR","2012","135.06","16.90","172.04"
"2258","MAR","2013","129.98","15.90","179.82"
"2259","MAR","2014","125.35","15.00","188.64"
"2260","MAR","2015","121.16","14.20","162.85"
"2261","MAR","2016","117.43","13.40","162.22"
"2262","MAR","2017","113.38","12.80","166.85"
"2263","MAR","2018","109.83","12.20","175.71"
"2264","MAR","2019","106.73","11.70","178.74"
"2265","MAR","2020","116.72","11.20","192.04"
"2266","MAR","2021","121.09","10.80","209.57"
"2267","MDA","2000","230.23","20.50","21.38"
"2268","MDA","2001","228.34","18.90","25.40"
"2269","MDA","2002","228.30","17.20","33.92"
"2270","MDA","2003","228.99","15.80","38.44"
"2271","MDA","2004","230.28","14.70","64.61"
"2272","MDA","2005","231.22","14.00","79.33"
"2273","MDA","2006","231.37","13.50","100.11"
"2274","MDA","2007","230.29","13.10","135.44"
"2275","MDA","2008","226.12","12.90","185.56"
"2276","MDA","2009","219.07","12.70","208.53"
"2277","MDA","2010","209.70","12.60","198.29"
"2278","MDA","2011","203.57","12.40","214.98"
"2279","MDA","2012","200.42","12.20","223.62"
"2280","MDA","2013","202.11","12.00","231.66"
"2281","MDA","2014","203.97","11.80","230.77"
"2282","MDA","2015","207.28","11.70","186.44"
"2283","MDA","2016","207.21","11.60","171.18"
"2284","MDA","2017","204.90","11.50","243.95"
"2285","MDA","2018","206.66","11.50","276.47"
"2286","MDA","2019","208.11","11.50","283.98"
"2287","MDA","2020","208.66","11.60","305.49"
"2288","MDA","2021","212.22","11.80","403.88"
"2289","MDG","2000","285.10","31.00","11.19"
"2290","MDG","2001","278.28","30.20","13.14"
"2291","MDG","2002","274.38","29.50","15.03"
"2292","MDG","2003","269.89","28.80","17.64"
"2293","MDG","2004","265.80","28.20","14.29"
"2294","MDG","2005","261.52","27.50","15.95"
"2295","MDG","2006","257.18","26.90","16.44"
"2296","MDG","2007","253.70","26.30","19.34"
"2297","MDG","2008","249.10","25.80","20.92"
"2298","MDG","2009","246.40","25.30","19.57"
"2299","MDG","2010","243.63","24.80","21.14"
"2300","MDG","2011","241.11","24.50","22.89"
"2301","MDG","2012","240.13","24.20","19.30"
"2302","MDG","2013","238.62","24.00","19.33"
"2303","MDG","2014","237.93","23.80","22.57"
"2304","MDG","2015","236.51","23.70","22.29"
"2305","MDG","2016","235.69","23.60","24.21"
"2306","MDG","2017","235.62","23.60","23.62"
"2307","MDG","2018","234.68","23.60","21.13"
"2308","MDG","2019","234.56","23.60","15.50"
"2309","MDG","2020","245.80","23.70","16.78"
"2310","MDG","2021","256.54","23.60","17.18"
"2311","MDV","2000","128.35","22.20","219.86"
"2312","MDV","2001","121.18","19.90","229.80"
"2313","MDV","2002","113.08","17.40","249.48"
"2314","MDV","2003","100.43","15.20","240.54"
"2315","MDV","2004","104.00","13.50","304.59"
"2316","MDV","2005","82.56","12.00","335.14"
"2317","MDV","2006","78.84","10.90","403.94"
"2318","MDV","2007","75.40","9.90","478.24"
"2319","MDV","2008","74.41","9.10","775.15"
"2320","MDV","2009","72.17","8.30","679.66"
"2321","MDV","2010","68.97","7.60","608.87"
"2322","MDV","2011","65.25","6.90","588.21"
"2323","MDV","2012","61.67","6.40","647.12"
"2324","MDV","2013","58.27","6.10","671.65"
"2325","MDV","2014","55.49","5.90","707.39"
"2326","MDV","2015","51.02","5.90","837.47"
"2327","MDV","2016","48.63","5.80","1018.00"
"2328","MDV","2017","45.94","5.60","961.57"
"2329","MDV","2018","45.73","5.40","833.22"
"2330","MDV","2019","45.69","5.10","880.80"
"2331","MDV","2020","56.11","4.70","845.82"
"2332","MDV","2021","57.21","4.40","901.09"
"2333","MEX","2000","153.95","13.90","319.35"
"2334","MEX","2001","149.88","13.00","364.40"
"2335","MEX","2002","147.73","12.00","385.61"
"2336","MEX","2003","145.28","11.00","411.83"
"2337","MEX","2004","144.16","10.10","446.14"
"2338","MEX","2005","142.54","9.50","483.98"
"2339","MEX","2006","142.09","9.10","514.30"
"2340","MEX","2007","142.61","9.00","558.07"
"2341","MEX","2008","146.14","9.00","573.11"
"2342","MEX","2009","148.55","9.00","492.60"
"2343","MEX","2010","149.09","8.90","534.09"
"2344","MEX","2011","146.97","8.80","565.32"
"2345","MEX","2012","145.35","8.70","582.48"
"2346","MEX","2013","143.96","8.60","625.60"
"2347","MEX","2014","142.80","8.50","609.82"
"2348","MEX","2015","143.87","8.50","553.91"
"2349","MEX","2016","146.80","8.60","489.92"
"2350","MEX","2017","151.41","9.00","512.55"
"2351","MEX","2018","153.41","9.30","528.26"
"2352","MEX","2019","151.36","9.50","549.73"
"2353","MEX","2020","211.54","9.40","535.12"
"2354","MEX","2021","223.17","9.10","606.13"
"2355","MKD","2000","130.17","9.20","162.68"
"2356","MKD","2001","130.19","8.60","150.43"
"2357","MKD","2002","131.44","8.30","172.88"
"2358","MKD","2003","128.05","8.50","214.30"
"2359","MKD","2004","121.53","8.90","230.68"
"2360","MKD","2005","120.51","9.00","229.81"
"2361","MKD","2006","121.16","8.80","242.60"
"2362","MKD","2007","118.83","8.30","263.25"
"2363","MKD","2008","110.31","7.70","313.61"
"2364","MKD","2009","110.20","7.20","297.88"
"2365","MKD","2010","107.36","6.80","308.09"
"2366","MKD","2011","102.86","6.70","335.13"
"2367","MKD","2012","102.78","6.90","317.98"
"2368","MKD","2013","98.83","7.40","361.13"
"2369","MKD","2014","99.38","7.90","357.64"
"2370","MKD","2015","96.99","8.10","322.25"
"2371","MKD","2016","96.19","7.70","347.44"
"2372","MKD","2017","90.63","6.90","375.33"
"2373","MKD","2018","90.22","5.70","426.57"
"2374","MKD","2019","87.21","4.50","469.47"
"2375","MKD","2020","110.93","3.40","510.81"
"2376","MKD","2021","132.72","2.60","636.65"
"2377","MLI","2000","322.74","51.60","14.00"
"2378","MLI","2001","315.48","49.90","13.16"
"2379","MLI","2002","308.42","48.40","15.89"
"2380","MLI","2003","302.64","46.90","18.77"
"2381","MLI","2004","297.30","45.60","21.72"
"2382","MLI","2005","293.31","44.40","23.97"
"2383","MLI","2006","289.71","43.30","26.93"
"2384","MLI","2007","287.05","42.30","29.64"
"2385","MLI","2008","284.76","41.30","33.21"
"2386","MLI","2009","282.33","40.30","34.65"
"2387","MLI","2010","279.80","39.30","31.36"
"2388","MLI","2011","277.58","38.40","31.68"
"2389","MLI","2012","276.42","37.60","27.53"
"2390","MLI","2013","274.31","36.90","30.07"
"2391","MLI","2014","270.36","36.10","35.73"
"2392","MLI","2015","267.62","35.40","28.98"
"2393","MLI","2016","263.54","34.60","27.58"
"2394","MLI","2017","262.45","33.70","28.49"
"2395","MLI","2018","260.60","32.80","31.17"
"2396","MLI","2019","257.89","32.00","31.41"
"2397","MLI","2020","268.42","31.20","28.20"
"2398","MLI","2021","273.60","30.30","30.56"
"2399","MLT","2000","69.28","5.10","647.10"
"2400","MLT","2001","67.40","4.90","685.98"
"2401","MLT","2002","66.72","4.80","830.65"
"2402","MLT","2003","65.92","4.70","1082.75"
"2403","MLT","2004","60.99","4.60","1227.29"
"2404","MLT","2005","60.63","4.60","1378.24"
"2405","MLT","2006","65.82","4.60","1480.11"
"2406","MLT","2007","65.05","4.60","1606.22"
"2407","MLT","2008","65.67","4.60","1759.86"
"2408","MLT","2009","59.95","4.60","1683.54"
"2409","MLT","2010","58.06","4.60","1735.49"
"2410","MLT","2011","59.45","4.60","1962.21"
"2411","MLT","2012","62.05","4.60","1898.51"
"2412","MLT","2013","52.21","4.50","2127.06"
"2413","MLT","2014","54.97","4.50","2466.89"
"2414","MLT","2015","53.77","4.40","2249.00"
"2415","MLT","2016","58.34","4.40","2326.67"
"2416","MLT","2017","53.81","4.30","2562.89"
"2417","MLT","2018","55.37","4.20","2759.91"
"2418","MLT","2019","48.40","4.10","2947.24"
"2419","MLT","2020","55.41","4.00","3140.77"
"2420","MLT","2021","54.12","3.90","3641.04"
"2421","MMR","2000","270.07","36.80","4.47"
"2422","MMR","2001","267.60","35.80","4.63"
"2423","MMR","2002","265.23","34.90","7.08"
"2424","MMR","2003","263.05","34.10","6.57"
"2425","MMR","2004","261.44","33.20","7.02"
"2426","MMR","2005","259.42","32.40","7.65"
"2427","MMR","2006","256.75","31.50","8.47"
"2428","MMR","2007","253.54","30.70","9.91"
"2429","MMR","2008","314.33","30.40","14.71"
"2430","MMR","2009","246.36","29.00","18.70"
"2431","MMR","2010","242.26","28.10","20.23"
"2432","MMR","2011","238.30","27.20","27.41"
"2433","MMR","2012","233.79","26.40","37.26"
"2434","MMR","2013","229.76","25.70","37.69"
"2435","MMR","2014","225.23","25.00","54.28"
"2436","MMR","2015","222.19","24.40","63.62"
"2437","MMR","2016","217.90","23.80","59.68"
"2438","MMR","2017","215.04","23.10","59.52"
"2439","MMR","2018","211.16","22.60","60.83"
"2440","MMR","2019","209.01","22.10","53.72"
"2441","MMR","2020","205.85","21.60","66.02"
"2442","MMR","2021","231.81","21.10","96.86"
"2443","MNE","2000","141.85","8.40",NULL
"2444","MNE","2001","141.49","8.40",NULL
"2445","MNE","2002","139.30","8.20",NULL
"2446","MNE","2003","137.12","7.90",NULL
"2447","MNE","2004","134.94","7.50",NULL
"2448","MNE","2005","133.12","7.00",NULL
"2449","MNE","2006","128.07","6.50",NULL
"2450","MNE","2007","125.26","5.90",NULL
"2451","MNE","2008","122.04","5.50",NULL
"2452","MNE","2009","118.16","5.00",NULL
"2453","MNE","2010","114.41","4.50",NULL
"2454","MNE","2011","111.36","4.00","571.66"
"2455","MNE","2012","108.14","3.60","535.16"
"2456","MNE","2013","106.56","3.10","597.18"
"2457","MNE","2014","104.21","2.70","581.40"
"2458","MNE","2015","106.43","2.30","582.19"
"2459","MNE","2016","100.74","2.00","604.89"
"2460","MNE","2017","103.86","1.70","623.69"
"2461","MNE","2018","103.00","1.50","745.75"
"2462","MNE","2019","108.15","1.30","754.77"
"2463","MNE","2020","106.22","1.10","896.25"
"2464","MNE","2021","128.43","1.00","1024.26"
"2465","MNG","2000","262.28","23.20","28.14"
"2466","MNG","2001","261.31","21.90","27.85"
"2467","MNG","2002","266.56","20.70","30.68"
"2468","MNG","2003","274.04","19.60","27.19"
"2469","MNG","2004","280.19","18.50","33.70"
"2470","MNG","2005","277.62","17.40","38.04"
"2471","MNG","2006","265.19","16.20","49.53"
"2472","MNG","2007","249.01","14.80","66.18"
"2473","MNG","2008","238.24","13.50","97.27"
"2474","MNG","2009","240.53","12.30","76.70"
"2475","MNG","2010","245.80","11.40","99.51"
"2476","MNG","2011","247.56","10.70","135.99"
"2477","MNG","2012","241.90","10.30","169.65"
"2478","MNG","2013","233.23","10.00","180.42"
"2479","MNG","2014","226.09","9.80","176.70"
"2480","MNG","2015","218.22","9.60","165.19"
"2481","MNG","2016","211.02","9.20","168.41"
"2482","MNG","2017","205.10","8.90","160.49"
"2483","MNG","2018","200.69","8.60","188.64"
"2484","MNG","2019","200.10","8.40","197.57"
"2485","MNG","2020","209.39","8.20","188.77"
"2486","MNG","2021","233.12","8.00","330.04"
"2487","MOZ","2000","402.84","44.30","7.01"
"2488","MOZ","2001","400.51","41.80","8.54"
"2489","MOZ","2002","400.17","39.50","10.00"
"2490","MOZ","2003","402.79","37.40","11.04"
"2491","MOZ","2004","405.30","35.60","14.12"
"2492","MOZ","2005","407.25","34.00","18.41"
"2493","MOZ","2006","409.61","32.60","18.05"
"2494","MOZ","2007","408.21","31.50","19.30"
"2495","MOZ","2008","405.13","30.40","24.49"
"2496","MOZ","2009","399.69","29.40","27.69"
"2497","MOZ","2010","392.66","28.60","26.26"
"2498","MOZ","2011","383.40","27.80","30.43"
"2499","MOZ","2012","372.59","27.20","35.25"
"2500","MOZ","2013","360.91","26.90","41.50"
"2501","MOZ","2014","347.87","26.60","43.50"
"2502","MOZ","2015","334.73","26.60","40.36"
"2503","MOZ","2016","321.49","26.60","31.85"
"2504","MOZ","2017","309.01","26.70","36.76"
"2505","MOZ","2018","297.24","26.70","41.29"
"2506","MOZ","2019","287.65","26.60","41.02"
"2507","MOZ","2020","286.57","26.50","34.92"
"2508","MOZ","2021","321.54","26.30","44.10"
"2509","MRT","2000","237.94","38.90","23.00"
"2510","MRT","2001","231.69","37.60","23.28"
"2511","MRT","2002","226.39","36.30","25.97"
"2512","MRT","2003","222.93","35.00","29.52"
"2513","MRT","2004","219.22","33.70","31.47"
"2514","MRT","2005","214.93","32.50","34.01"
"2515","MRT","2006","210.05","31.40","35.15"
"2516","MRT","2007","207.87","30.40","40.42"
"2517","MRT","2008","205.98","29.60","49.29"
"2518","MRT","2009","204.60","28.90","44.65"
"2519","MRT","2010","204.44","28.30","43.76"
"2520","MRT","2011","205.26","27.80","47.77"
"2521","MRT","2012","206.58","27.20","49.25"
"2522","MRT","2013","207.20","26.70","55.47"
"2523","MRT","2014","203.25","26.20","59.39"
"2524","MRT","2015","199.77","25.60","57.12"
"2525","MRT","2016","195.75","25.00","49.90"
"2526","MRT","2017","192.73","24.50","55.22"
"2527","MRT","2018","188.61","23.90","49.68"
"2528","MRT","2019","186.73","23.40","54.63"
"2529","MRT","2020","198.97","22.90","53.90"
"2530","MRT","2021","208.28","22.40","73.63"
"2531","MUS","2000","166.93","12.40","115.90"
"2532","MUS","2001","166.01","11.30","116.36"
"2533","MUS","2002","165.23","10.50","132.39"
"2534","MUS","2003","161.76","10.10","157.68"
"2535","MUS","2004","159.37","10.10","184.74"
"2536","MUS","2005","157.15","10.20","192.14"
"2537","MUS","2006","156.28","10.10","203.24"
"2538","MUS","2007","155.19","10.00","229.23"
"2539","MUS","2008","155.76","9.70","312.89"
"2540","MUS","2009","156.36","9.50","301.67"
"2541","MUS","2010","153.66","9.40","357.17"
"2542","MUS","2011","149.47","9.40","385.76"
"2543","MUS","2012","143.84","9.40","387.10"
"2544","MUS","2013","141.42","9.40","440.00"
"2545","MUS","2014","139.97","9.20","544.44"
"2546","MUS","2015","141.04","9.10","515.72"
"2547","MUS","2016","140.87","9.10","540.39"
"2548","MUS","2017","140.14","9.40","594.86"
"2549","MUS","2018","143.89","9.70","640.62"
"2550","MUS","2019","148.77","9.90","639.18"
"2551","MUS","2020","145.26","9.90","541.95"
"2552","MUS","2021","163.36","9.80","593.78"
"2553","MWI","2000","514.78","37.90","8.85"
"2554","MWI","2001","509.44","37.20","7.43"
"2555","MWI","2002","502.88","33.80","11.17"
"2556","MWI","2003","488.84","32.00","12.32"
"2557","MWI","2004","469.31","30.50","15.94"
"2558","MWI","2005","449.25","29.40","17.24"
"2559","MWI","2006","433.17","28.70","20.95"
"2560","MWI","2007","419.70","28.30","25.02"
"2561","MWI","2008","404.45","27.80","32.73"
"2562","MWI","2009","389.27","27.30","35.56"
"2563","MWI","2010","372.76","26.70","33.99"
"2564","MWI","2011","355.60","26.10","39.29"
"2565","MWI","2012","340.40","25.40","32.54"
"2566","MWI","2013","326.22","24.80","39.54"
"2567","MWI","2014","314.53","24.30","35.34"
"2568","MWI","2015","305.31","24.00","34.97"
"2569","MWI","2016","291.56","23.90","34.03"
"2570","MWI","2017","279.06","23.80","37.60"
"2571","MWI","2018","271.64","23.80","36.70"
"2572","MWI","2019","263.68","23.80","36.92"
"2573","MWI","2020","258.14","23.90","42.38"
"2574","MWI","2021","275.68","23.90","46.41"
"2575","MYS","2000","146.21","4.90","111.84"
"2576","MYS","2001","142.94","4.60","114.92"
"2577","MYS","2002","139.08","4.50","121.61"
"2578","MYS","2003","136.82","4.30","142.21"
"2579","MYS","2004","134.29","4.30","153.86"
"2580","MYS","2005","131.41","4.30","162.18"
"2581","MYS","2006","128.93","4.30","200.55"
"2582","MYS","2007","127.46","4.30","230.56"
"2583","MYS","2008","126.73","4.30","263.68"
"2584","MYS","2009","126.47","4.30","245.64"
"2585","MYS","2010","125.97","4.30","285.64"
"2586","MYS","2011","125.19","4.20","343.46"
"2587","MYS","2012","124.82","4.20","371.76"
"2588","MYS","2013","125.63","4.10","381.69"
"2589","MYS","2014","126.90","4.10","414.44"
"2590","MYS","2015","127.62","4.20","368.77"
"2591","MYS","2016","127.13","4.20","350.71"
"2592","MYS","2017","125.82","4.20","366.37"
"2593","MYS","2018","124.36","4.30","409.85"
"2594","MYS","2019","123.19","4.30","419.33"
"2595","MYS","2020","122.05","4.30","406.52"
"2596","MYS","2021","149.53","4.30","476.94"
"2597","NAM","2000","517.49","24.00","217.55"
"2598","NAM","2001","544.15","23.20","201.47"
"2599","NAM","2002","548.02","22.40","187.86"
"2600","NAM","2003","553.11","21.70","278.70"
"2601","NAM","2004","550.97","21.20","373.46"
"2602","NAM","2005","547.15","20.80","402.20"
"2603","NAM","2006","537.63","20.60","437.56"
"2604","NAM","2007","522.69","20.60","493.60"
"2605","NAM","2008","510.95","20.90","443.17"
"2606","NAM","2009","502.25","21.30","420.75"
"2607","NAM","2010","489.04","21.90","567.35"
"2608","NAM","2011","476.32","22.70","624.60"
"2609","NAM","2012","453.92","23.40","606.37"
"2610","NAM","2013","437.63","23.90","539.41"
"2611","NAM","2014","418.44","24.30","452.26"
"2612","NAM","2015","403.10","24.60","476.51"
"2613","NAM","2016","384.82","24.80","409.78"
"2614","NAM","2017","365.06","24.70","447.95"
"2615","NAM","2018","343.72","24.60","457.68"
"2616","NAM","2019","321.46","24.20","419.15"
"2617","NAM","2020","305.47","23.80","370.82"
"2618","NAM","2021","373.82","23.30","449.95"
"2619","NER","2000","299.73","44.10","9.04"
"2620","NER","2001","298.84","42.60","9.68"
"2621","NER","2002","296.91","41.10","10.84"
"2622","NER","2003","292.79","39.80","12.55"
"2623","NER","2004","288.84","38.60","14.06"
"2624","NER","2005","283.37","37.50","18.67"
"2625","NER","2006","277.26","36.60","19.92"
"2626","NER","2007","271.16","35.90","20.97"
"2627","NER","2008","264.60","35.20","24.86"
"2628","NER","2009","259.07","34.80","24.55"
"2629","NER","2010","253.49","34.40","23.48"
"2630","NER","2011","248.21","34.20","24.84"
"2631","NER","2012","244.05","34.20","22.71"
"2632","NER","2013","239.64","34.30","24.61"
"2633","NER","2014","235.66","34.40","25.09"
"2634","NER","2015","234.93","34.50","25.97"
"2635","NER","2016","229.10","34.40","22.68"
"2636","NER","2017","225.00","34.40","29.10"
"2637","NER","2018","222.12","34.30","30.61"
"2638","NER","2019","218.95","34.30","31.89"
"2639","NER","2020","221.74","34.20","35.76"
"2640","NER","2021","237.78","33.90","35.39"
"2641","NGA","2000","403.73","46.10","17.16"
"2642","NGA","2001","401.32","44.80","17.96"
"2643","NGA","2002","397.92","43.40","17.54"
"2644","NGA","2003","392.19","42.10","37.91"
"2645","NGA","2004","387.28","40.90","42.82"
"2646","NGA","2005","385.45","40.00","52.24"
"2647","NGA","2006","384.20","39.30","63.63"
"2648","NGA","2007","379.29","38.80","66.91"
"2649","NGA","2008","376.46","38.40","77.45"
"2650","NGA","2009","373.88","38.10","65.72"
"2651","NGA","2010","372.54","37.90","73.01"
"2652","NGA","2011","371.92","37.70","80.24"
"2653","NGA","2012","370.60","37.60","87.90"
"2654","NGA","2013","370.21","37.70","97.30"
"2655","NGA","2014","370.09","37.80","102.40"
"2656","NGA","2015","372.06","38.00","92.91"
"2657","NGA","2016","369.45","38.20","75.52"
"2658","NGA","2017","367.84","38.50","70.32"
"2659","NGA","2018","365.51","38.70","63.60"
"2660","NGA","2019","362.35","39.00","67.63"
"2661","NGA","2020","364.97","39.20","67.91"
"2662","NGA","2021","365.90","39.30","81.87"
"2663","NIC","2000","228.87","16.40","53.30"
"2664","NIC","2001","221.73","15.80","57.69"
"2665","NIC","2002","210.91","15.30","58.15"
"2666","NIC","2003","201.56","14.90","62.13"
"2667","NIC","2004","192.59","14.60","66.55"
"2668","NIC","2005","181.80","14.40","73.66"
"2669","NIC","2006","175.57","14.20","79.35"
"2670","NIC","2007","172.81","13.90","93.94"
"2671","NIC","2008","172.82","13.70","109.20"
"2672","NIC","2009","172.23","13.40","112.76"
"2673","NIC","2010","170.75","13.10","117.70"
"2674","NIC","2011","169.02","12.70","125.14"
"2675","NIC","2012","166.19","12.30","133.64"
"2676","NIC","2013","165.64","11.70","140.20"
"2677","NIC","2014","160.82","11.20","156.22"
"2678","NIC","2015","158.49","10.50","165.19"
"2679","NIC","2016","152.62","9.80","171.57"
"2680","NIC","2017","148.08","9.20","181.76"
"2681","NIC","2018","143.83","8.80","172.98"
"2682","NIC","2019","141.20","8.70","166.49"
"2683","NIC","2020","171.38","8.60","165.88"
"2684","NIC","2021","185.56","8.40","204.21"
"2685","NLD","2000","83.61","3.80","2028.18"
"2686","NLD","2001","81.98","3.80","2175.73"
"2687","NLD","2002","80.57","3.70","2544.81"
"2688","NLD","2003","79.88","3.60","3244.36"
"2689","NLD","2004","76.49","3.50","3689.46"
"2690","NLD","2005","72.13","3.40","3823.48"
"2691","NLD","2006","70.06","3.30","4080.22"
"2692","NLD","2007","67.89","3.10","4696.14"
"2693","NLD","2008","67.98","3.00","5382.45"
"2694","NLD","2009","65.69","2.90","5282.74"
"2695","NLD","2010","64.55","2.80","5191.69"
"2696","NLD","2011","63.88","2.70","5562.12"
"2697","NLD","2012","62.86","2.70","5284.65"
"2698","NLD","2013","60.82","2.70","5532.73"
"2699","NLD","2014","58.90","2.70","5601.89"
"2700","NLD","2015","58.08","2.70","4676.56"
"2701","NLD","2016","58.30","2.60","4644.02"
"2702","NLD","2017","55.99","2.60","4934.58"
"2703","NLD","2018","55.37","2.60","5330.66"
"2704","NLD","2019","53.71","2.60","5340.61"
"2705","NLD","2020","54.67","2.60","5865.91"
"2706","NLD","2021","57.45","2.60","6718.89"
"2707","NOR","2000","83.86","2.70","2948.93"
"2708","NOR","2001","80.50","2.60","3099.00"
"2709","NOR","2002","78.98","2.50","3889.96"
"2710","NOR","2003","75.53","2.40","4632.57"
"2711","NOR","2004","74.43","2.40","5097.34"
"2712","NOR","2005","72.17","2.30","5584.69"
"2713","NOR","2006","69.58","2.20","5892.99"
"2714","NOR","2007","67.08","2.10","6895.56"
"2715","NOR","2008","66.27","2.00","7768.05"
"2716","NOR","2009","66.48","1.90","7301.96"
"2717","NOR","2010","64.86","1.90","7859.52"
"2718","NOR","2011","64.76","1.80","8900.37"
"2719","NOR","2012","59.10","1.70","8970.12"
"2720","NOR","2013","60.49","1.70","9241.27"
"2721","NOR","2014","56.48","1.60","9116.38"
"2722","NOR","2015","53.90","1.60","7566.56"
"2723","NOR","2016","53.78","1.50","7492.08"
"2724","NOR","2017","50.65","1.50","7815.79"
"2725","NOR","2018","50.61","1.50","8271.86"
"2726","NOR","2019","49.13","1.40","8007.36"
"2727","NOR","2020","48.57","1.40","7824.58"
"2728","NOR","2021","47.34","1.40","9163.14"
"2729","NPL","2000","236.22","39.70","8.34"
"2730","NPL","2001","229.50","38.10","10.27"
"2731","NPL","2002","231.32","36.70","10.46"
"2732","NPL","2003","221.74","35.30","11.07"
"2733","NPL","2004","216.50","34.00","12.92"
"2734","NPL","2005","210.16","32.90","14.15"
"2735","NPL","2006","201.59","31.80","13.68"
"2736","NPL","2007","199.48","30.70","17.14"
"2737","NPL","2008","197.63","29.70","18.86"
"2738","NPL","2009","197.52","28.70","20.87"
"2739","NPL","2010","197.19","27.70","29.62"
"2740","NPL","2011","193.33","26.70","34.15"
"2741","NPL","2012","191.55","25.70","33.65"
"2742","NPL","2013","189.63","24.70","35.14"
"2743","NPL","2014","187.89","23.80","41.97"
"2744","NPL","2015","194.61","22.90","46.50"
"2745","NPL","2016","181.28","21.90","47.12"
"2746","NPL","2017","178.04","20.80","49.63"
"2747","NPL","2018","174.98","19.80","51.17"
"2748","NPL","2019","172.03","18.90","53.61"
"2749","NPL","2020","173.57","18.00","59.08"
"2750","NPL","2021","192.67","17.20","69.19"
"2751","NZL","2000","85.69","3.50","1054.28"
"2752","NZL","2001","82.09","3.50","1053.74"
"2753","NZL","2002","82.50","3.50","1250.13"
"2754","NZL","2003","81.65","3.40","1610.73"
"2755","NZL","2004","78.04","3.30","1981.97"
"2756","NZL","2005","77.00","3.10","2295.37"
"2757","NZL","2006","74.80","3.00","2304.07"
"2758","NZL","2007","75.01","2.90","2705.66"
"2759","NZL","2008","73.01","2.90","2708.66"
"2760","NZL","2009","71.94","3.00","2582.28"
"2761","NZL","2010","69.92","3.20","3072.74"
"2762","NZL","2011","70.23","3.30","3501.22"
"2763","NZL","2012","67.51","3.30","3682.94"
"2764","NZL","2013","66.48","3.30","3833.82"
"2765","NZL","2014","65.43","3.30","3997.43"
"2766","NZL","2015","64.46","3.20","3433.60"
"2767","NZL","2016","65.53","3.10","3516.93"
"2768","NZL","2017","65.93","3.10","3702.10"
"2769","NZL","2018","65.82","3.00","3706.80"
"2770","NZL","2019","66.67","3.00","3679.60"
"2771","NZL","2020","62.21","2.90","3887.71"
"2772","NZL","2021","63.44","2.90","4749.04"
"2773","OMN","2000","107.81","7.70","261.88"
"2774","OMN","2001","103.74","7.30","259.59"
"2775","OMN","2002","100.71","6.90","274.11"
"2776","OMN","2003","98.98","6.60","290.39"
"2777","OMN","2004","97.44","6.40","306.43"
"2778","OMN","2005","96.63","6.20","326.91"
"2779","OMN","2006","95.67","6.10","341.98"
"2780","OMN","2007","95.03","6.00","397.21"
"2781","OMN","2008","91.45","5.90","466.60"
"2782","OMN","2009","87.65","5.80","510.09"
"2783","OMN","2010","83.16","5.80","583.57"
"2784","OMN","2011","78.40","5.70","563.24"
"2785","OMN","2012","73.76","5.70","561.12"
"2786","OMN","2013","69.49","5.60","587.71"
"2787","OMN","2014","65.77","5.60","726.65"
"2788","OMN","2015","62.57","5.50","767.04"
"2789","OMN","2016","59.79","5.50","714.49"
"2790","OMN","2017","57.38","5.50","704.63"
"2791","OMN","2018","55.27","5.60","639.78"
"2792","OMN","2019","53.40","5.60","730.08"
"2793","OMN","2020","70.59","5.60","859.25"
"2794","OMN","2021","91.23","5.50","843.02"
"2795","PAK","2000","208.64","57.10","15.37"
"2796","PAK","2001","205.59","56.00","13.42"
"2797","PAK","2002","202.81","55.10","14.98"
"2798","PAK","2003","200.41","54.20","14.35"
"2799","PAK","2004","198.14","53.40","15.54"
"2800","PAK","2005","208.92","52.70","19.59"
"2801","PAK","2006","193.03","52.00","24.44"
"2802","PAK","2007","192.05","51.30","26.14"
"2803","PAK","2008","191.10","50.70","24.34"
"2804","PAK","2009","189.34","50.10","23.15"
"2805","PAK","2010","188.62","49.40","23.63"
"2806","PAK","2011","186.38","48.60","25.02"
"2807","PAK","2012","185.08","47.70","25.60"
"2808","PAK","2013","183.38","46.80","28.21"
"2809","PAK","2014","181.80","45.80","32.12"
"2810","PAK","2015","179.84","44.80","33.99"
"2811","PAK","2016","177.23","43.80","36.47"
"2812","PAK","2017","175.05","42.80","42.07"
"2813","PAK","2018","173.19","41.80","40.10"
"2814","PAK","2019","171.48","40.80","36.01"
"2815","PAK","2020","187.57","39.90","36.91"
"2816","PAK","2021","196.71","38.90","42.80"
"2817","PAN","2000","130.32","12.50","300.66"
"2818","PAN","2001","126.42","12.00","296.75"
"2819","PAN","2002","122.93","11.60","308.59"
"2820","PAN","2003","120.80","11.10","303.46"
"2821","PAN","2004","119.40","10.70","344.41"
"2822","PAN","2005","118.31","10.20","323.05"
"2823","PAN","2006","117.74","9.80","370.63"
"2824","PAN","2007","116.40","9.40","472.09"
"2825","PAN","2008","115.94","9.00","506.78"
"2826","PAN","2009","115.40","8.60","550.81"
"2827","PAN","2010","114.50","8.30","607.42"
"2828","PAN","2011","113.31","8.00","664.98"
"2829","PAN","2012","111.35","7.70","725.02"
"2830","PAN","2013","110.69","7.50","805.79"
"2831","PAN","2014","108.04","7.30","919.29"
"2832","PAN","2015","104.14","7.30","982.07"
"2833","PAN","2016","100.86","7.30","1056.68"
"2834","PAN","2017","99.72","7.40","1126.96"
"2835","PAN","2018","97.25","7.50","1227.31"
"2836","PAN","2019","96.80","7.60","1339.45"
"2837","PAN","2020","118.88","7.60","1358.45"
"2838","PAN","2021","115.29","7.40","1417.15"
"2839","PER","2000","153.77","16.10","83.64"
"2840","PER","2001","153.15","15.20","89.37"
"2841","PER","2002","153.19","14.30","97.66"
"2842","PER","2003","151.45","13.60","97.35"
"2843","PER","2004","155.61","12.90","105.17"
"2844","PER","2005","154.62","12.30","123.25"
"2845","PER","2006","154.24","11.70","136.14"
"2846","PER","2007","151.34","11.10","158.55"
"2847","PER","2008","153.18","10.60","191.43"
"2848","PER","2009","158.18","10.10","209.20"
"2849","PER","2010","158.15","9.70","241.43"
"2850","PER","2011","154.84","9.30","264.46"
"2851","PER","2012","149.16","9.00","309.31"
"2852","PER","2013","142.73","8.60","320.96"
"2853","PER","2014","137.34","8.40","332.19"
"2854","PER","2015","132.49","8.20","310.61"
"2855","PER","2016","130.22","8.00","311.34"
"2856","PER","2017","128.79","7.80","332.54"
"2857","PER","2018","128.21","7.70","362.76"
"2858","PER","2019","121.44","7.50","367.99"
"2859","PER","2020","152.34","7.30","399.14"
"2860","PER","2021","186.65","7.10","455.36"
"2861","PHL","2000","205.31","16.60","32.10"
"2862","PHL","2001","207.01","16.40","27.61"
"2863","PHL","2002","207.73","16.10","26.77"
"2864","PHL","2003","205.93","15.90","31.60"
"2865","PHL","2004","202.21","15.50","33.50"
"2866","PHL","2005","203.16","15.20","45.68"
"2867","PHL","2006","207.57","14.80","53.87"
"2868","PHL","2007","201.56","14.40","64.28"
"2869","PHL","2008","200.09","14.10","75.69"
"2870","PHL","2009","200.08","13.80","77.65"
"2871","PHL","2010","195.56","13.60","89.35"
"2872","PHL","2011","192.64","13.40","95.96"
"2873","PHL","2012","190.97","13.40","109.21"
"2874","PHL","2013","190.82","13.30","118.87"
"2875","PHL","2014","191.05","13.40","106.16"
"2876","PHL","2015","189.22","13.50","113.43"
"2877","PHL","2016","188.44","13.70","118.06"
"2878","PHL","2017","177.99","13.90","120.32"
"2879","PHL","2018","182.60","14.10","125.28"
"2880","PHL","2019","183.04","14.30","141.69"
"2881","PHL","2020","177.24","14.40","166.61"
"2882","PHL","2021","228.28","14.30","208.19"
"2883","PNG","2000","264.54","30.50","18.84"
"2884","PNG","2001","265.67","29.90","18.20"
"2885","PNG","2002","267.49","29.30","20.55"
"2886","PNG","2003","267.96","28.90","21.99"
"2887","PNG","2004","268.95","28.50","25.74"
"2888","PNG","2005","269.45","28.20","27.50"
"2889","PNG","2006","268.37","27.90","30.04"
"2890","PNG","2007","265.97","27.70","33.19"
"2891","PNG","2008","262.16","27.40","34.69"
"2892","PNG","2009","258.47","27.00","36.54"
"2893","PNG","2010","254.35","26.50","39.35"
"2894","PNG","2011","249.52","26.10","52.49"
"2895","PNG","2012","245.80","25.60","70.28"
"2896","PNG","2013","241.88","25.10","76.75"
"2897","PNG","2014","238.32","24.60","89.08"
"2898","PNG","2015","234.73","24.20","45.19"
"2899","PNG","2016","232.44","23.70","53.99"
"2900","PNG","2017","230.32","23.20","55.25"
"2901","PNG","2018","228.80","22.80","59.04"
"2902","PNG","2019","227.13","22.30","59.90"
"2903","PNG","2020","230.65","21.80","55.93"
"2904","PNG","2021","254.90","21.30","61.03"
"2905","POL","2000","152.93","5.80","238.00"
"2906","POL","2001","147.26","5.40","282.82"
"2907","POL","2002","143.41","5.20","315.83"
"2908","POL","2003","141.43","5.00","339.34"
"2909","POL","2004","142.27","4.80","392.00"
"2910","POL","2005","142.24","4.60","465.70"
"2911","POL","2006","142.45","4.40","524.10"
"2912","POL","2007","142.31","4.20","660.92"
"2913","POL","2008","139.30","4.00","892.60"
"2914","POL","2009","135.05","3.80","759.61"
"2915","POL","2010","129.31","3.60","809.20"
"2916","POL","2011","126.57","3.40","866.09"
"2917","POL","2012","124.36","3.20","815.14"
"2918","POL","2013","119.69","3.10","878.09"
"2919","POL","2014","113.79","3.00","911.30"
"2920","POL","2015","113.90","2.90","803.96"
"2921","POL","2016","111.55","2.80","816.09"
"2922","POL","2017","110.64","2.80","909.58"
"2923","POL","2018","111.05","2.80","978.74"
"2924","POL","2019","108.58","2.70","1014.04"
"2925","POL","2020","117.40","2.70","1025.98"
"2926","POL","2021","125.45","2.70","1183.30"
"2927","PRI","2000","137.10",NULL,NULL
"2928","PRI","2001","133.97",NULL,NULL
"2929","PRI","2002","125.95",NULL,NULL
"2930","PRI","2003","124.93",NULL,NULL
"2931","PRI","2004","126.34",NULL,NULL
"2932","PRI","2005","128.08",NULL,NULL
"2933","PRI","2006","120.13",NULL,NULL
"2934","PRI","2007","119.93",NULL,NULL
"2935","PRI","2008","115.04",NULL,NULL
"2936","PRI","2009","112.78",NULL,NULL
"2937","PRI","2010","108.65",NULL,NULL
"2938","PRI","2011","107.62",NULL,NULL
"2939","PRI","2012","101.96",NULL,NULL
"2940","PRI","2013","93.48",NULL,NULL
"2941","PRI","2014","95.32",NULL,NULL
"2942","PRI","2015","89.15",NULL,NULL
"2943","PRI","2016","90.20",NULL,NULL
"2944","PRI","2017","99.69",NULL,NULL
"2945","PRI","2018","83.63",NULL,NULL
"2946","PRI","2019","80.37",NULL,NULL
"2947","PRI","2020","109.54",NULL,NULL
"2948","PRI","2021","121.75",NULL,NULL
"2949","PRK","2000","219.58","23.80",NULL
"2950","PRK","2001","221.33","23.50",NULL
"2951","PRK","2002","223.08","23.20",NULL
"2952","PRK","2003","158.74","18.60",NULL
"2953","PRK","2004","161.10","18.20",NULL
"2954","PRK","2005","163.53","18.00",NULL
"2955","PRK","2006","165.73","17.70",NULL
"2956","PRK","2007","166.20","17.40",NULL
"2957","PRK","2008","163.52","16.70",NULL
"2958","PRK","2009","159.39","16.10",NULL
"2959","PRK","2010","154.60","15.40",NULL
"2960","PRK","2011","150.33","14.60",NULL
"2961","PRK","2012","146.00","13.80",NULL
"2962","PRK","2013","141.79","12.90",NULL
"2963","PRK","2014","136.88","12.10",NULL
"2964","PRK","2015","134.28","11.40",NULL
"2965","PRK","2016","133.72","11.00",NULL
"2966","PRK","2017","134.60","10.20",NULL
"2967","PRK","2018","135.57","9.90",NULL
"2968","PRK","2019","138.33","9.50",NULL
"2969","PRK","2020","139.29","9.30",NULL
"2970","PRK","2021","135.22","9.40",NULL
"2971","PRT","2000","109.63","3.30","995.34"
"2972","PRT","2001","108.32","3.20","1015.55"
"2973","PRT","2002","106.10","3.00","1139.40"
"2974","PRT","2003","103.70","2.80","1443.38"
"2975","PRT","2004","98.03","2.60","1723.74"
"2976","PRT","2005","99.15","2.40","1814.35"
"2977","PRT","2006","94.19","2.20","1857.65"
"2978","PRT","2007","91.66","2.10","2112.53"
"2979","PRT","2008","89.27","2.10","2391.98"
"2980","PRT","2009","87.82","2.10","2346.54"
"2981","PRT","2010","86.15","2.10","2259.30"
"2982","PRT","2011","83.90","2.10","2255.97"
"2983","PRT","2012","80.90","2.10","1976.91"
"2984","PRT","2013","78.96","2.10","2027.42"
"2985","PRT","2014","77.04","2.10","2056.61"
"2986","PRT","2015","73.24","2.10","1787.04"
"2987","PRT","2016","73.50","2.10","1870.32"
"2988","PRT","2017","73.40","2.00","1991.32"
"2989","PRT","2018","71.84","1.90","2206.71"
"2990","PRT","2019","69.82","1.90","2209.50"
"2991","PRT","2020","73.20","1.80","2328.36"
"2992","PRT","2021","72.53","1.80","2764.04"
"2993","PRY","2000","167.46","18.00","104.49"
"2994","PRY","2001","165.27","17.60","91.84"
"2995","PRY","2002","163.04","17.10","65.07"
"2996","PRY","2003","160.88","16.70","70.86"
"2997","PRY","2004","158.65","16.30","88.10"
"2998","PRY","2005","156.40","15.80","95.18"
"2999","PRY","2006","154.13","15.40","122.45"
"3000","PRY","2007","152.32","15.00","161.25"
"3001","PRY","2008","150.56","14.50","220.90"
"3002","PRY","2009","148.80","14.10","217.79"
"3003","PRY","2010","146.62","13.70","258.43"
"3004","PRY","2011","144.87","13.20","337.81"
"3005","PRY","2012","142.52","12.80","368.79"
"3006","PRY","2013","141.44","12.40","391.80"
"3007","PRY","2014","140.73","12.10","440.86"
"3008","PRY","2015","140.14","11.70","393.42"
"3009","PRY","2016","139.36","11.30","385.52"
"3010","PRY","2017","139.14","10.90","406.60"
"3011","PRY","2018","138.98","10.50","422.13"
"3012","PRY","2019","138.74","10.20","416.84"
"3013","PRY","2020","148.57","9.80","411.82"
"3014","PRY","2021","219.31","9.50","480.11"
"3015","PSE","2000","158.01","17.10","129.55"
"3016","PSE","2001","171.60","16.70","127.38"
"3017","PSE","2002","148.89","16.40","118.23"
"3018","PSE","2003","150.73","16.00","111.62"
"3019","PSE","2004","150.52","15.60","150.73"
"3020","PSE","2005","133.74","15.20","158.43"
"3021","PSE","2006","139.71","14.80","154.10"
"3022","PSE","2007","137.04","14.40","149.22"
"3023","PSE","2008","131.78","14.00","200.96"
"3024","PSE","2009","130.72","13.60","221.97"
"3025","PSE","2010","117.41","13.20","219.45"
"3026","PSE","2011","114.79","12.90","308.36"
"3027","PSE","2012","113.78","12.60","298.34"
"3028","PSE","2013","108.19","12.20","327.26"
"3029","PSE","2014","130.40","11.90","314.27"
"3030","PSE","2015","104.05","11.50","286.91"
"3031","PSE","2016","100.49","11.20","299.41"
"3032","PSE","2017","97.52","10.80","310.21"
"3033","PSE","2018","96.67","10.40","324.02"
"3034","PSE","2019","92.31","10.00","317.45"
"3035","PSE","2020","98.22","9.70","314.82"
"3036","PSE","2021","115.54","9.40","364.42"
"3037","QAT","2000","76.50","6.60","553.09"
"3038","QAT","2001","74.40","6.30","598.74"
"3039","QAT","2002","72.25","6.10","668.86"
"3040","QAT","2003","70.03","5.90","1115.45"
"3041","QAT","2004","67.75","5.70","1261.62"
"3042","QAT","2005","65.39","5.50","1386.02"
"3043","QAT","2006","62.94","5.30","1378.93"
"3044","QAT","2007","60.39","5.10","1301.50"
"3045","QAT","2008","57.73","4.90","1292.60"
"3046","QAT","2009","54.97","4.80","1325.43"
"3047","QAT","2010","52.16","4.60","1309.79"
"3048","QAT","2011","49.37","4.40","1482.28"
"3049","QAT","2012","46.64","4.20","1712.67"
"3050","QAT","2013","44.02","4.00","2029.87"
"3051","QAT","2014","41.52","3.90","2252.41"
"3052","QAT","2015","39.18","3.80","2422.64"
"3053","QAT","2016","37.00","3.80","2072.06"
"3054","QAT","2017","34.98","3.70","1911.95"
"3055","QAT","2018","33.13","3.80","1966.56"
"3056","QAT","2019","31.46","3.80","2007.52"
"3057","QAT","2020","37.23","3.80","1967.15"
"3058","QAT","2021","39.09","3.80","1847.00"
"3059","ROU","2000","171.70","10.20","69.89"
"3060","ROU","2001","176.53","9.80","78.82"
"3061","ROU","2002","179.38","9.60","96.58"
"3062","ROU","2003","179.12","9.40","143.55"
"3063","ROU","2004","174.22","9.00","190.80"
"3064","ROU","2005","169.98","8.50","254.53"
"3065","ROU","2006","164.62","7.70","291.00"
"3066","ROU","2007","161.78","6.90","415.07"
"3067","ROU","2008","163.64","6.20","521.32"
"3068","ROU","2009","161.81","5.80","449.38"
"3069","ROU","2010","156.49","5.50","472.21"
"3070","ROU","2011","142.66","5.30","426.60"
"3071","ROU","2012","141.18","5.10","401.67"
"3072","ROU","2013","133.40","4.90","495.24"
"3073","ROU","2014","138.12","4.60","503.35"
"3074","ROU","2015","136.41","4.30","442.24"
"3075","ROU","2016","136.32","3.90","476.25"
"3076","ROU","2017","135.23","3.60","555.11"
"3077","ROU","2018","135.02","3.40","687.15"
"3078","ROU","2019","133.12","3.20","738.56"
"3079","ROU","2020","143.89","3.10","809.59"
"3080","ROU","2021","158.67","3.10","963.01"
"3081","RUS","2000","303.81","9.00","95.21"
"3082","RUS","2001","308.43","8.50","117.88"
"3083","RUS","2002","319.03","8.00","140.06"
"3084","RUS","2003","324.50","7.40","163.31"
"3085","RUS","2004","320.65","6.80","207.61"
"3086","RUS","2005","322.57","6.30","270.14"
"3087","RUS","2006","296.44","5.90","350.84"
"3088","RUS","2007","280.37","5.40","459.60"
"3089","RUS","2008","275.12","4.90","606.78"
"3090","RUS","2009","260.76","4.50","513.91"
"3091","RUS","2010","268.16","4.50","564.30"
"3092","RUS","2011","246.48","4.70","681.04"
"3093","RUS","2012","237.21","4.80","755.49"
"3094","RUS","2013","231.29","4.70","805.52"
"3095","RUS","2014","231.27","4.50","736.32"
"3096","RUS","2015","222.90","4.20","496.95"
"3097","RUS","2016","213.90","4.00","463.29"
"3098","RUS","2017","198.76","3.70","577.07"
"3099","RUS","2018","198.68","3.40","606.11"
"3100","RUS","2019","199.09","3.10","650.47"
"3101","RUS","2020","210.96","2.80","814.94"
"3102","RUS","2021","226.11","2.60","881.74"
"3103","RWA","2000","431.46","43.10","9.00"
"3104","RWA","2001","415.01","40.30","7.87"
"3105","RWA","2002","396.35","37.40","7.32"
"3106","RWA","2003","367.56","34.80","17.26"
"3107","RWA","2004","343.77","32.40","20.23"
"3108","RWA","2005","332.47","30.20","25.02"
"3109","RWA","2006","319.74","28.40","27.16"
"3110","RWA","2007","310.03","26.80","33.51"
"3111","RWA","2008","298.61","25.50","39.95"
"3112","RWA","2009","283.49","24.30","44.00"
"3113","RWA","2010","270.17","23.30","47.97"
"3114","RWA","2011","264.25","22.30","51.65"
"3115","RWA","2012","255.50","21.60","57.26"
"3116","RWA","2013","251.33","20.90","47.75"
"3117","RWA","2014","246.77","20.30","50.64"
"3118","RWA","2015","243.16","19.90","48.81"
"3119","RWA","2016","239.25","19.60","43.54"
"3120","RWA","2017","234.18","19.20","40.77"
"3121","RWA","2018","230.90","19.00","42.12"
"3122","RWA","2019","226.41","18.70","39.81"
"3123","RWA","2020","222.68","18.40","45.15"
"3124","RWA","2021","229.97","18.20","51.65"
"3125","SAU","2000","123.51","11.50","493.37"
"3126","SAU","2001","119.97","10.90","482.10"
"3127","SAU","2002","117.48","10.20","449.84"
"3128","SAU","2003","116.31","9.60","457.09"
"3129","SAU","2004","116.30","9.00","471.46"
"3130","SAU","2005","116.77","8.50","545.74"
"3131","SAU","2006","117.27","8.00","634.82"
"3132","SAU","2007","117.41","7.60","662.01"
"3133","SAU","2008","116.55","7.10","663.14"
"3134","SAU","2009","114.46","6.70","760.19"
"3135","SAU","2010","110.74","6.30","765.92"
"3136","SAU","2011","105.86","5.90","954.39"
"3137","SAU","2012","99.90","5.60","1093.16"
"3138","SAU","2013","93.10","5.20","1189.68"
"3139","SAU","2014","85.91","4.90","1363.59"
"3140","SAU","2015","79.45","4.50","1309.27"
"3141","SAU","2016","74.56","4.20","1353.22"
"3142","SAU","2017","71.75","3.90","1400.90"
"3143","SAU","2018","71.49","3.70","1488.98"
"3144","SAU","2019","74.56","3.50","1504.55"
"3145","SAU","2020","80.23","3.30","1574.70"
"3146","SAU","2021","85.27","3.20","1654.74"
"3147","SDN","2000","271.74","36.30","13.99"
"3148","SDN","2001","270.40","35.70","15.18"
"3149","SDN","2002","273.55","35.00","16.71"
"3150","SDN","2003","290.67","34.30","22.59"
"3151","SDN","2004","317.17","33.90","29.30"
"3152","SDN","2005","310.69","33.30","37.07"
"3153","SDN","2006","263.64","32.60","55.33"
"3154","SDN","2007","249.93","32.10","81.79"
"3155","SDN","2008","255.05","31.60","82.84"
"3156","SDN","2009","235.58","31.10","80.00"
"3157","SDN","2010","233.06","30.70","73.60"
"3158","SDN","2011","232.37","30.20","80.37"
"3159","SDN","2012","230.49","29.70","75.41"
"3160","SDN","2013","233.88","29.30","97.49"
"3161","SDN","2014","226.08","28.70","88.78"
"3162","SDN","2015","221.70","28.20","93.70"
"3163","SDN","2016","218.98","27.60","89.40"
"3164","SDN","2017","212.80","27.10","67.75"
"3165","SDN","2018","209.20","26.60","33.88"
"3166","SDN","2019","206.28","26.10","31.79"
"3167","SDN","2020","216.31","25.60","22.92"
"3168","SDN","2021","237.11","25.10","21.69"
"3169","SEN","2000","259.83","37.80","21.42"
"3170","SEN","2001","257.02","36.70","23.46"
"3171","SEN","2002","251.40","35.50","26.46"
"3172","SEN","2003","249.69","34.10","35.14"
"3173","SEN","2004","243.09","32.60","41.94"
"3174","SEN","2005","238.68","31.10","36.01"
"3175","SEN","2006","232.01","29.80","38.28"
"3176","SEN","2007","223.14","28.70","40.60"
"3177","SEN","2008","219.54","27.80","49.05"
"3178","SEN","2009","215.34","27.10","50.27"
"3179","SEN","2010","211.87","26.50","51.39"
"3180","SEN","2011","206.19","26.00","57.93"
"3181","SEN","2012","202.68","25.70","56.61"
"3182","SEN","2013","199.32","25.50","60.52"
"3183","SEN","2014","196.32","25.40","61.41"
"3184","SEN","2015","191.62","25.40","53.32"
"3185","SEN","2016","189.74","25.40","53.90"
"3186","SEN","2017","186.56","25.20","56.49"
"3187","SEN","2018","183.49","25.00","64.37"
"3188","SEN","2019","180.73","24.50","64.34"
"3189","SEN","2020","182.79","23.90","75.17"
"3190","SEN","2021","201.66","23.20","71.12"
"3191","SGP","2000","89.76","1.60","796.03"
"3192","SGP","2001","85.54","1.50","690.01"
"3193","SGP","2002","81.86","1.40","749.44"
"3194","SGP","2003","78.63","1.30","851.11"
"3195","SGP","2004","73.07","1.30","868.44"
"3196","SGP","2005","70.67","1.30","908.38"
"3197","SGP","2006","68.55","1.20","989.74"
"3198","SGP","2007","66.49","1.20","1116.98"
"3199","SGP","2008","64.25","1.20","1286.91"
"3200","SGP","2009","61.62","1.20","1326.12"
"3201","SGP","2010","59.61","1.10","1510.67"
"3202","SGP","2011","57.81","1.10","1700.17"
"3203","SGP","2012","56.52","1.10","1853.02"
"3204","SGP","2013","55.22","1.10","2102.97"
"3205","SGP","2014","54.20","1.10","2233.35"
"3206","SGP","2015","53.14","1.10","2330.40"
"3207","SGP","2016","52.26","1.10","2509.92"
"3208","SGP","2017","51.02","1.10","2673.66"
"3209","SGP","2018","49.22","1.00","2726.01"
"3210","SGP","2019","47.44","1.00","2924.25"
"3211","SGP","2020","47.30","1.00","3541.36"
"3212","SGP","2021","53.56","1.00","4050.81"
"3213","SLB","2000","209.78","12.80","46.03"
"3214","SLB","2001","208.23","12.70","60.23"
"3215","SLB","2002","206.67","12.50","76.50"
"3216","SLB","2003","204.85","12.40","53.52"
"3217","SLB","2004","202.63","12.20","64.72"
"3218","SLB","2005","200.24","12.10","89.03"
"3219","SLB","2006","197.60","11.90","87.75"
"3220","SLB","2007","199.13","11.70","89.11"
"3221","SLB","2008","192.32","11.50","75.67"
"3222","SLB","2009","190.96","11.30","93.88"
"3223","SLB","2010","187.94","11.00","74.18"
"3224","SLB","2011","186.18","10.80","95.51"
"3225","SLB","2012","184.68","10.60","100.85"
"3226","SLB","2013","184.47","10.40","99.00"
"3227","SLB","2014","184.01","10.20","105.85"
"3228","SLB","2015","180.73","10.10","91.09"
"3229","SLB","2016","178.76","9.90","94.33"
"3230","SLB","2017","176.92","9.70","89.29"
"3231","SLB","2018","174.99","9.50","88.04"
"3232","SLB","2019","172.67","9.30","98.67"
"3233","SLB","2020","179.61","9.10","101.00"
"3234","SLB","2021","196.97","8.80","98.80"
"3235","SLE","2000","416.95","48.00","17.67"
"3236","SLE","2001","411.78","47.30","19.32"
"3237","SLE","2002","401.95","46.60","22.29"
"3238","SLE","2003","395.89","45.90","21.78"
"3239","SLE","2004","388.20","45.20","23.03"
"3240","SLE","2005","378.06","44.50","26.05"
"3241","SLE","2006","357.51","43.60","29.63"
"3242","SLE","2007","356.35","42.50","31.91"
"3243","SLE","2008","351.49","41.20","37.23"
"3244","SLE","2009","347.64","40.00","39.30"
"3245","SLE","2010","344.34","38.80","37.85"
"3246","SLE","2011","338.96","37.60","49.63"
"3247","SLE","2012","335.30","36.50","51.99"
"3248","SLE","2013","324.30","35.60","84.94"
"3249","SLE","2014","323.37","34.70","143.61"
"3250","SLE","2015","305.02","34.00","118.66"
"3251","SLE","2016","282.11","33.10","84.22"
"3252","SLE","2017","268.40","32.40","47.38"
"3253","SLE","2018","248.33","31.80","44.83"
"3254","SLE","2019","243.29","31.10","48.14"
"3255","SLE","2020","244.67","30.50","47.89"
"3256","SLE","2021","245.00","29.90","44.90"
"3257","SLV","2000","232.41","14.50","155.53"
"3258","SLV","2001","228.53","13.60","162.30"
"3259","SLV","2002","224.87","12.80","166.81"
"3260","SLV","2003","222.87","12.10","171.59"
"3261","SLV","2004","217.86","11.40","185.83"
"3262","SLV","2005","220.36","10.80","225.17"
"3263","SLV","2006","219.41","10.20","231.73"
"3264","SLV","2007","218.67","9.70","240.00"
"3265","SLV","2008","215.01","9.20","253.45"
"3266","SLV","2009","212.35","8.70","257.19"
"3267","SLV","2010","204.92","8.30","270.69"
"3268","SLV","2011","201.31","7.90","295.64"
"3269","SLV","2012","198.53","7.50","301.04"
"3270","SLV","2013","204.22","7.10","324.28"
"3271","SLV","2014","207.07","6.70","315.23"
"3272","SLV","2015","212.31","6.40","331.97"
"3273","SLV","2016","215.54","6.10","339.98"
"3274","SLV","2017","214.96","5.80","338.61"
"3275","SLV","2018","209.07","5.50","348.19"
"3276","SLV","2019","201.11","5.30","380.53"
"3277","SLV","2020","220.99","5.10","357.79"
"3278","SLV","2021","232.37","4.90","470.14"
"3279","SOM","2000","343.73","44.70",NULL
"3280","SOM","2001","342.41","45.10",NULL
"3281","SOM","2002","342.58","45.40",NULL
"3282","SOM","2003","344.97","45.70",NULL
"3283","SOM","2004","346.32","45.80",NULL
"3284","SOM","2005","343.33","45.70",NULL
"3285","SOM","2006","345.11","45.70",NULL
"3286","SOM","2007","347.76","45.40",NULL
"3287","SOM","2008","341.05","45.00",NULL
"3288","SOM","2009","332.61","44.30",NULL
"3289","SOM","2010","366.08","44.20",NULL
"3290","SOM","2011","523.61","46.40",NULL
"3291","SOM","2012","361.71","42.90",NULL
"3292","SOM","2013","318.68","41.70","12.88"
"3293","SOM","2014","316.96","41.00","13.15"
"3294","SOM","2015","310.32","40.30","14.12"
"3295","SOM","2016","311.24","39.50","11.77"
"3296","SOM","2017","333.74","39.30","13.52"
"3297","SOM","2018","310.96","38.30","12.78"
"3298","SOM","2019","287.70","37.40","12.99"
"3299","SOM","2020","294.63","36.70","12.80"
"3300","SOM","2021","339.48","36.20","15.02"
"3301","SRB","2000","153.02","7.70","56.52"
"3302","SRB","2001","153.01","7.30","112.20"
"3303","SRB","2002","150.51","7.00","173.25"
"3304","SRB","2003","148.96","6.50","230.09"
"3305","SRB","2004","147.54","6.00","274.46"
"3306","SRB","2005","144.38","5.60","307.55"
"3307","SRB","2006","141.11","5.30","371.51"
"3308","SRB","2007","138.29","5.10","547.23"
"3309","SRB","2008","136.08","4.90","671.89"
"3310","SRB","2009","133.43","4.80","575.26"
"3311","SRB","2010","129.40","4.70","545.33"
"3312","SRB","2011","125.46","4.70","618.89"
"3313","SRB","2012","121.46","4.60","559.91"
"3314","SRB","2013","118.89","4.40","627.53"
"3315","SRB","2014","117.48","4.20","608.86"
"3316","SRB","2015","115.70","4.00","491.25"
"3317","SRB","2016","114.59","3.80","486.43"
"3318","SRB","2017","113.57","3.70","515.85"
"3319","SRB","2018","109.84","3.60","617.09"
"3320","SRB","2019","110.41","3.50","641.05"
"3321","SRB","2020","126.77","3.50","670.04"
"3322","SRB","2021","142.90","3.40","889.10"
"3323","SSD","2000","396.05","55.60",NULL
"3324","SSD","2001","386.81","54.20",NULL
"3325","SSD","2002","379.34","52.90",NULL
"3326","SSD","2003","331.57","51.60",NULL
"3327","SSD","2004","326.63","50.30",NULL
"3328","SSD","2005","318.17","48.90",NULL
"3329","SSD","2006","313.11","47.70",NULL
"3330","SSD","2007","306.41","46.30",NULL
"3331","SSD","2008","297.98","44.90",NULL
"3332","SSD","2009","293.75","43.50",NULL
"3333","SSD","2010","287.69","42.10",NULL
"3334","SSD","2011","289.06","40.80",NULL
"3335","SSD","2012","282.53","40.00",NULL
"3336","SSD","2013","283.92","39.60",NULL
"3337","SSD","2014","435.47","40.80",NULL
"3338","SSD","2015","496.75","41.80",NULL
"3339","SSD","2016","535.10","42.30",NULL
"3340","SSD","2017","550.28","42.60","28.06"
"3341","SSD","2018","359.63","40.00","31.12"
"3342","SSD","2019","292.83","39.50","35.18"
"3343","SSD","2020","301.46","39.50","47.40"
"3344","SSD","2021","320.11","39.50","34.79"
"3345","STP","2000","263.01","22.20","49.64"
"3346","STP","2001","265.46","21.70","47.15"
"3347","STP","2002","267.19","21.10","50.61"
"3348","STP","2003","268.57","20.50","71.21"
"3349","STP","2004","268.59","19.90","71.06"
"3350","STP","2005","276.19","19.30","80.13"
"3351","STP","2006","273.43","18.70","57.20"
"3352","STP","2007","275.40","18.10","59.72"
"3353","STP","2008","279.76","17.40","64.59"
"3354","STP","2009","282.23","16.80","64.91"
"3355","STP","2010","284.34","16.10","60.95"
"3356","STP","2011","284.72","15.00","69.46"
"3357","STP","2012","281.94","13.90","86.29"
"3358","STP","2013","277.62","12.90","124.59"
"3359","STP","2014","270.60","11.90","118.71"
"3360","STP","2015","263.18","11.00","85.38"
"3361","STP","2016","255.56","10.10","109.73"
"3362","STP","2017","248.29","9.30","117.08"
"3363","STP","2018","240.66","8.60","108.88"
"3364","STP","2019","234.27","8.10","106.87"
"3365","STP","2020","233.74","7.60","159.84"
"3366","STP","2021","239.45","7.30","187.07"
"3367","SUR","2000","280.22","16.90","166.90"
"3368","SUR","2001","272.90","16.90","91.74"
"3369","SUR","2002","265.09","16.90","158.21"
"3370","SUR","2003","256.48","17.00","166.89"
"3371","SUR","2004","246.90","17.00","212.51"
"3372","SUR","2005","237.21","16.80","241.68"
"3373","SUR","2006","227.56","16.60","313.68"
"3374","SUR","2007","218.27","16.20","309.18"
"3375","SUR","2008","210.70","15.80","334.25"
"3376","SUR","2009","204.96","15.30","380.04"
"3377","SUR","2010","201.25","14.90","399.60"
"3378","SUR","2011","199.08","14.40","375.35"
"3379","SUR","2012","197.78","14.00","406.06"
"3380","SUR","2013","196.25","13.60","434.50"
"3381","SUR","2014","194.07","13.30","440.95"
"3382","SUR","2015","191.67","12.90","511.91"
"3383","SUR","2016","187.50","12.50","338.25"
"3384","SUR","2017","184.79","12.10","322.00"
"3385","SUR","2018","183.17","11.80","440.32"
"3386","SUR","2019","180.32","11.40","588.84"
"3387","SUR","2020","178.14","11.00","409.87"
"3388","SUR","2021","213.75","10.70","270.38"
"3389","SVK","2000","147.99","5.00","203.51"
"3390","SVK","2001","146.30","4.80","212.22"
"3391","SVK","2002","145.32","4.60","254.13"
"3392","SVK","2003","143.98","4.30","344.47"
"3393","SVK","2004","138.06","4.10","511.53"
"3394","SVK","2005","139.39","3.90","601.31"
"3395","SVK","2006","135.98","3.70","729.01"
"3396","SVK","2007","137.40","3.50","1029.30"
"3397","SVK","2008","133.97","3.40","1251.68"
"3398","SVK","2009","129.12","3.30","1320.09"
"3399","SVK","2010","121.34","3.30","1296.54"
"3400","SVK","2011","119.46","3.30","1352.44"
"3401","SVK","2012","114.87","3.20","1319.44"
"3402","SVK","2013","110.41","3.20","1370.47"
"3403","SVK","2014","108.15","3.10","1289.35"
"3404","SVK","2015","109.80","3.10","1108.88"
"3405","SVK","2016","103.06","3.00","1175.63"
"3406","SVK","2017","103.92","3.00","1189.08"
"3407","SVK","2018","104.96","3.00","1299.91"
"3408","SVK","2019","100.57","3.00","1342.08"
"3409","SVK","2020","102.70","3.00","1393.62"
"3410","SVK","2021","126.55","3.00","1684.52"
"3411","SVN","2000","120.83","3.20","796.65"
"3412","SVN","2001","121.87","3.10","826.23"
"3413","SVN","2002","115.23","2.90","944.87"
"3414","SVN","2003","117.62","2.80","1203.06"
"3415","SVN","2004","111.94","2.60","1368.65"
"3416","SVN","2005","101.81","2.40","1449.19"
"3417","SVN","2006","102.74","2.30","1541.66"
"3418","SVN","2007","99.02","2.20","1795.95"
"3419","SVN","2008","94.19","2.00","2179.45"
"3420","SVN","2009","88.87","1.90","2125.06"
"3421","SVN","2010","86.19","1.80","2017.15"
"3422","SVN","2011","81.41","1.80","2147.81"
"3423","SVN","2012","80.77","1.70","1974.85"
"3424","SVN","2013","77.36","1.60","2055.38"
"3425","SVN","2014","69.28","1.60","2062.38"
"3426","SVN","2015","73.36","1.50","1775.86"
"3427","SVN","2016","70.63","1.50","1838.65"
"3428","SVN","2017","68.21","1.40","1925.03"
"3429","SVN","2018","64.91","1.40","2169.58"
"3430","SVN","2019","62.95","1.40","2219.10"
"3431","SVN","2020",NULL,"1.40","2417.21"
"3432","SVN","2021",NULL,"1.30","2779.57"
"3433","SWE","2000","71.72","2.30","2173.19"
"3434","SWE","2001","71.28","2.30","2154.63"
"3435","SWE","2002","68.96","2.20","2456.70"
"3436","SWE","2003","67.20","2.10","3107.49"
"3437","SWE","2004","66.19","2.00","3488.66"
"3438","SWE","2005","65.34","1.90","3546.79"
"3439","SWE","2006","63.60","1.80","3755.68"
"3440","SWE","2007","62.59","1.80","4295.55"
"3441","SWE","2008","61.64","1.70","4609.92"
"3442","SWE","2009","60.61","1.60","4118.42"
"3443","SWE","2010","57.49","1.60","4391.12"
"3444","SWE","2011","57.20","1.60","6363.61"
"3445","SWE","2012","55.89","1.60","6280.83"
"3446","SWE","2013","55.50","1.60","6716.21"
"3447","SWE","2014","54.48","1.60","6632.24"
"3448","SWE","2015","53.44","1.60","5626.05"
"3449","SWE","2016","51.81","1.50","5719.46"
"3450","SWE","2017","51.19","1.50","5871.52"
"3451","SWE","2018","50.25","1.50","6042.14"
"3452","SWE","2019","47.93","1.50","5688.04"
"3453","SWE","2020","48.76","1.50","6030.53"
"3454","SWE","2021","47.95","1.40","6894.20"
"3455","SWZ","2000","593.92","24.90","76.93"
"3456","SWZ","2001","622.15","25.90","75.41"
"3457","SWZ","2002","647.63","26.60","74.66"
"3458","SWZ","2003","666.65","26.90","131.41"
"3459","SWZ","2004","688.26","27.10","175.90"
"3460","SWZ","2005","690.71","27.20","217.26"
"3461","SWZ","2006","681.19","27.40","237.51"
"3462","SWZ","2007","673.87","27.50","252.24"
"3463","SWZ","2008","666.80","27.60","265.72"
"3464","SWZ","2009","650.14","27.60","279.68"
"3465","SWZ","2010","625.93","27.30","343.04"
"3466","SWZ","2011","620.21","26.90","365.25"
"3467","SWZ","2012","586.80","26.60","340.03"
"3468","SWZ","2013","559.14","26.40","303.40"
"3469","SWZ","2014","528.82","26.50","282.43"
"3470","SWZ","2015","496.70","26.60","250.72"
"3471","SWZ","2016","467.47","26.80","226.42"
"3472","SWZ","2017","436.12","26.90","265.50"
"3473","SWZ","2018","410.12","27.10","292.34"
"3474","SWZ","2019","384.48","27.00","320.05"
"3475","SWZ","2020","381.57","26.80","237.00"
"3476","SWZ","2021","426.15","26.40","297.72"
"3477","SYC","2000","187.71","8.70","340.24"
"3478","SYC","2001","184.88","8.70","334.48"
"3479","SYC","2002","181.75","8.70","340.82"
"3480","SYC","2003","178.04","8.70","394.10"
"3481","SYC","2004","176.09","8.70","444.25"
"3482","SYC","2005","171.96","8.70","457.77"
"3483","SYC","2006","168.85","8.70","487.18"
"3484","SYC","2007","165.81","8.70","428.62"
"3485","SYC","2008","162.40","8.70","367.37"
"3486","SYC","2009","160.30","8.70","310.96"
"3487","SYC","2010","158.58","8.70","449.52"
"3488","SYC","2011","157.37","8.80","457.16"
"3489","SYC","2012","156.82","8.80","563.00"
"3490","SYC","2013","157.17","8.80","545.25"
"3491","SYC","2014","157.59","8.80","588.18"
"3492","SYC","2015","158.15","8.80","566.97"
"3493","SYC","2016","158.35","8.90","673.20"
"3494","SYC","2017","158.34","8.90","667.10"
"3495","SYC","2018","158.83","8.90","685.11"
"3496","SYC","2019","159.35","8.90","675.48"
"3497","SYC","2020","148.03","8.90","670.89"
"3498","SYC","2021","164.81","8.80","629.86"
"3499","SYR","2000","153.72","12.20","53.69"
"3500","SYR","2001","147.17","11.90","57.71"
"3501","SYR","2002","140.75","11.60","62.75"
"3502","SYR","2003","134.42","11.30","59.87"
"3503","SYR","2004","130.12","11.00","60.20"
"3504","SYR","2005","125.94","10.80","62.29"
"3505","SYR","2006","122.69","10.60","64.01"
"3506","SYR","2007","119.86","10.30","72.10"
"3507","SYR","2008","118.36","10.20","82.93"
"3508","SYR","2009","116.74","10.10","88.01"
"3509","SYR","2010","116.09","10.00","91.55"
"3510","SYR","2011","135.48","10.10","78.29"
"3511","SYR","2012","229.25","10.30","66.28"
"3512","SYR","2013","245.17","10.40","47.07"
"3513","SYR","2014","241.40","10.40","48.92"
"3514","SYR","2015","281.35","10.60","38.18"
"3515","SYR","2016","254.39","10.60","27.41"
"3516","SYR","2017","244.85","10.70","35.57"
"3517","SYR","2018","212.45","10.80","46.24"
"3518","SYR","2019","157.93","10.60","55.22"
"3519","SYR","2020","140.22","10.50","37.03"
"3520","SYR","2021","133.29","10.30","53.47"
"3521","TCD","2000","385.31","43.70","10.07"
"3522","TCD","2001","381.10","42.70","11.64"
"3523","TCD","2002","384.80","41.70","18.02"
"3524","TCD","2003","383.20","40.90","18.02"
"3525","TCD","2004","385.72","40.20","27.75"
"3526","TCD","2005","386.40","39.50","31.28"
"3527","TCD","2006","393.84","38.90","33.87"
"3528","TCD","2007","388.61","38.50","34.04"
"3529","TCD","2008","386.58","38.20","36.90"
"3530","TCD","2009","384.70","37.90","34.82"
"3531","TCD","2010","383.42","37.60","35.26"
"3532","TCD","2011","381.40","37.30","37.36"
"3533","TCD","2012","379.31","36.90","36.20"
"3534","TCD","2013","378.19","36.40","38.59"
"3535","TCD","2014","380.67","35.90","42.16"
"3536","TCD","2015","381.54","35.40","33.82"
"3537","TCD","2016","380.15","35.00","31.96"
"3538","TCD","2017","379.37","34.40","29.99"
"3539","TCD","2018","372.77","33.80","31.20"
"3540","TCD","2019","367.02","33.20","30.24"
"3541","TCD","2020","370.79","32.70","37.73"
"3542","TCD","2021","381.91","32.10","37.59"
"3543","TGO","2000","325.24","36.50","13.05"
"3544","TGO","2001","325.88","35.70","13.04"
"3545","TGO","2002","324.47","34.90","14.65"
"3546","TGO","2003","323.24","34.10","17.71"
"3547","TGO","2004","321.40","33.40","18.63"
"3548","TGO","2005","318.92","32.70","20.97"
"3549","TGO","2006","318.09","32.00","22.74"
"3550","TGO","2007","316.85","31.30","22.34"
"3551","TGO","2008","315.20","30.60","26.89"
"3552","TGO","2009","313.29","29.90","28.30"
"3553","TGO","2010","310.82","29.30","30.55"
"3554","TGO","2011","306.80","28.70","34.41"
"3555","TGO","2012","303.81","28.20","35.40"
"3556","TGO","2013","299.29","27.70","39.56"
"3557","TGO","2014","294.43","27.20","41.96"
"3558","TGO","2015","288.96","26.70","46.92"
"3559","TGO","2016","283.49","26.30","50.88"
"3560","TGO","2017","277.83","25.80","51.55"
"3561","TGO","2018","271.92","25.30","52.44"
"3562","TGO","2019","266.24","24.80","48.85"
"3563","TGO","2020","267.00","24.30","52.75"
"3564","TGO","2021","272.00","23.90","52.72"
"3565","THA","2000","196.16","12.20","62.21"
"3566","THA","2001","195.07","11.60","57.19"
"3567","THA","2002","191.81","11.00","69.69"
"3568","THA","2003","187.07","10.50","76.13"
"3569","THA","2004","185.56","10.10","82.92"
"3570","THA","2005","174.53","9.60","90.61"
"3571","THA","2006","166.90","9.20","103.26"
"3572","THA","2007","160.96","8.80","125.11"
"3573","THA","2008","155.24","8.50","149.07"
"3574","THA","2009","150.70","8.20","149.68"
"3575","THA","2010","149.09","7.90","168.62"
"3576","THA","2011","148.80","7.60","191.74"
"3577","THA","2012","149.45","7.30","201.71"
"3578","THA","2013","147.15","7.10","207.81"
"3579","THA","2014","146.55","6.80","213.74"
"3580","THA","2015","146.30","6.60","219.15"
"3581","THA","2016","147.34","6.40","229.78"
"3582","THA","2017","146.74","6.20","247.08"
"3583","THA","2018","145.98","6.10","274.71"
"3584","THA","2019","147.30","5.90","288.31"
"3585","THA","2020","146.15","5.70","304.38"
"3586","THA","2021","142.64","5.60","363.73"
"3587","TJK","2000","218.88","26.20","5.91"
"3588","TJK","2001","213.71","24.90","7.57"
"3589","TJK","2002","208.66","23.60","8.22"
"3590","TJK","2003","196.82","22.40","10.98"
"3591","TJK","2004","186.15","21.40","14.65"
"3592","TJK","2005","198.31","20.60","17.38"
"3593","TJK","2006","193.24","20.00","20.04"
"3594","TJK","2007","192.17","19.60","28.59"
"3595","TJK","2008","183.20","19.20","41.35"
"3596","TJK","2009","179.34","18.60","38.92"
"3597","TJK","2010","179.57","17.90","42.29"
"3598","TJK","2011","175.45","16.90","48.84"
"3599","TJK","2012","167.04","15.70","56.97"
"3600","TJK","2013","160.22","14.70","67.62"
"3601","TJK","2014","159.22","13.70","73.07"
"3602","TJK","2015","162.06","13.10","62.76"
"3603","TJK","2016","156.28","12.60","54.92"
"3604","TJK","2017","148.81","12.30","56.85"
"3605","TJK","2018","145.34","12.10","58.52"
"3606","TJK","2019","141.11","12.00","60.52"
"3607","TJK","2020","174.53","11.90","74.17"
"3608","TJK","2021","165.42","11.70","75.10"
"3609","TKM","2000","212.75","29.40","75.52"
"3610","TKM","2001","209.75","29.00","120.85"
"3611","TKM","2002","209.97","28.50","128.09"
"3612","TKM","2003","210.23","27.80","199.93"
"3613","TKM","2004","211.37","27.00","302.86"
"3614","TKM","2005","211.59","26.20","324.81"
"3615","TKM","2006","209.40","25.40","349.68"
"3616","TKM","2007","203.62","24.70","261.83"
"3617","TKM","2008","194.51","24.10","235.92"
"3618","TKM","2009","184.42","23.50","178.45"
"3619","TKM","2010","176.30","23.20","202.78"
"3620","TKM","2011","172.11","23.00","251.86"
"3621","TKM","2012","171.35","23.00","289.13"
"3622","TKM","2013","172.03","23.10","339.92"
"3623","TKM","2014","171.55","23.30","393.87"
"3624","TKM","2015","170.26","23.70","362.73"
"3625","TKM","2016","168.42","24.00","376.66"
"3626","TKM","2017","167.55","24.20","410.81"
"3627","TKM","2018","166.28","24.20","411.33"
"3628","TKM","2019","164.17","24.20","432.78"
"3629","TKM","2020","171.64","23.90","420.01"
"3630","TKM","2021","169.37","23.70","471.86"
"3631","TLS","2000","285.95","39.50",NULL
"3632","TLS","2001","278.57","37.80",NULL
"3633","TLS","2002","270.89","36.20",NULL
"3634","TLS","2003","263.72","34.70","15.19"
"3635","TLS","2004","257.01","33.30","20.23"
"3636","TLS","2005","251.44","32.00","25.73"
"3637","TLS","2006","244.68","30.90","27.90"
"3638","TLS","2007","239.11","29.90","30.52"
"3639","TLS","2008","234.10","29.10","43.72"
"3640","TLS","2009","229.63","28.30","50.19"
"3641","TLS","2010","225.32","27.60","52.62"
"3642","TLS","2011","221.36","27.00","64.44"
"3643","TLS","2012","217.50","26.40","71.47"
"3644","TLS","2013","213.91","25.90","102.80"
"3645","TLS","2014","210.60","25.40","93.11"
"3646","TLS","2015","207.34","24.90","101.48"
"3647","TLS","2016","204.26","24.50","92.69"
"3648","TLS","2017","201.11","24.20","86.16"
"3649","TLS","2018","197.75","23.90","78.07"
"3650","TLS","2019","194.51","23.50","78.01"
"3651","TLS","2020","187.32","23.20","118.49"
"3652","TLS","2021","205.86","22.90","132.08"
"3653","TON","2000","203.17","7.20","53.39"
"3654","TON","2001","200.80","7.00","55.28"
"3655","TON","2002","197.63","6.80","62.65"
"3656","TON","2003","194.90","6.60","68.05"
"3657","TON","2004","192.04","6.40","102.70"
"3658","TON","2005","190.25","6.20","108.29"
"3659","TON","2006","188.15","6.00","149.23"
"3660","TON","2007","185.67","5.90","134.56"
"3661","TON","2008","183.63","5.70","190.87"
"3662","TON","2009","184.64","5.60","118.79"
"3663","TON","2010","179.98","5.50","166.58"
"3664","TON","2011","178.43","5.40","193.44"
"3665","TON","2012","176.99","5.30","318.42"
"3666","TON","2013","175.65","5.30","171.82"
"3667","TON","2014","174.64","5.20","210.86"
"3668","TON","2015","173.07","5.10","181.91"
"3669","TON","2016","171.80","5.10","208.54"
"3670","TON","2017","170.35","5.00","246.34"
"3671","TON","2018","169.23","4.90","278.50"
"3672","TON","2019","167.91","4.80","266.69"
"3673","TON","2020","168.21","4.60","262.55"
"3674","TON","2021","175.04","4.50","348.80"
"3675","TTO","2000","199.37","19.80","266.16"
"3676","TTO","2001","195.42","19.50","272.73"
"3677","TTO","2002","189.55","19.30","324.37"
"3678","TTO","2003","185.38","19.00","358.60"
"3679","TTO","2004","178.39","18.70","431.37"
"3680","TTO","2005","174.07","18.40","530.35"
"3681","TTO","2006","170.49","18.20","568.73"
"3682","TTO","2007","166.11","17.80","667.35"
"3683","TTO","2008","161.66","17.50","751.55"
"3684","TTO","2009","158.63","17.20","776.62"
"3685","TTO","2010","154.09","16.90","825.16"
"3686","TTO","2011","149.73","16.60","872.96"
"3687","TTO","2012","147.21","16.30","895.08"
"3688","TTO","2013","145.70","16.10","970.90"
"3689","TTO","2014","145.52","15.80","1010.83"
"3690","TTO","2015","147.98","15.50","1061.59"
"3691","TTO","2016","148.34","15.20","1064.42"
"3692","TTO","2017","148.75","14.90","1083.38"
"3693","TTO","2018","154.87","14.60","1080.45"
"3694","TTO","2019","152.50","14.30","1097.21"
"3695","TTO","2020","157.17","14.00","1059.73"
"3696","TTO","2021","182.65","13.70","1170.94"
"3697","TUN","2000","107.64","17.10","111.01"
"3698","TUN","2001","107.24","16.10","114.00"
"3699","TUN","2002","106.33","15.20","124.65"
"3700","TUN","2003","105.30","14.40","148.93"
"3701","TUN","2004","104.34","13.80","167.28"
"3702","TUN","2005","103.35","13.20","169.85"
"3703","TUN","2006","102.32","12.80","178.83"
"3704","TUN","2007","101.40","12.50","202.32"
"3705","TUN","2008","100.25","12.20","230.50"
"3706","TUN","2009","99.15","12.10","231.36"
"3707","TUN","2010","98.10","12.00","240.75"
"3708","TUN","2011","98.15","12.00","270.68"
"3709","TUN","2012","96.87","12.00","270.29"
"3710","TUN","2013","96.45","12.00","284.65"
"3711","TUN","2014","95.58","12.10","287.61"
"3712","TUN","2015","95.09","12.10","249.46"
"3713","TUN","2016","94.37","12.10","240.40"
"3714","TUN","2017","93.27","11.90","223.86"
"3715","TUN","2018","92.27","11.60","215.42"
"3716","TUN","2019","91.06","11.00","212.60"
"3717","TUN","2020","95.60","10.40","250.40"
"3718","TUN","2021","121.98","9.70","285.25"
"3719","TUR","2000","125.27","18.10","192.83"
"3720","TUR","2001","122.97","16.90","148.86"
"3721","TUR","2002","120.76","15.60","181.39"
"3722","TUR","2003","118.97","14.50","232.56"
"3723","TUR","2004","116.90","13.50","292.65"
"3724","TUR","2005","115.36","12.60","357.40"
"3725","TUR","2006","113.39","11.70","409.26"
"3726","TUR","2007","111.21","10.80","504.38"
"3727","TUR","2008","109.38","10.00","561.74"
"3728","TUR","2009","106.03","9.20","492.30"
"3729","TUR","2010","103.35","8.50","531.83"
"3730","TUR","2011","104.85","7.90","525.89"
"3731","TUR","2012","97.97","7.40","520.44"
"3732","TUR","2013","92.18","7.00","547.95"
"3733","TUR","2014","89.23","6.70","520.41"
"3734","TUR","2015","88.62","6.50","444.71"
"3735","TUR","2016","88.52","6.30","456.37"
"3736","TUR","2017","84.13","6.10","432.14"
"3737","TUR","2018","80.65","5.90","380.28"
"3738","TUR","2019","78.30","5.90","388.67"
"3739","TUR","2020","83.99","5.70","386.26"
"3740","TUR","2021","99.57","5.40","431.34"
"3741","TZA","2000","397.79","32.60","12.33"
"3742","TZA","2001","389.09","31.60","15.17"
"3743","TZA","2002","382.43","30.50","17.04"
"3744","TZA","2003","371.30","29.40","20.39"
"3745","TZA","2004","361.39","28.40","23.45"
"3746","TZA","2005","352.70","27.60","27.71"
"3747","TZA","2006","342.99","26.80","35.60"
"3748","TZA","2007","335.28","26.20","36.24"
"3749","TZA","2008","329.36","25.60","36.26"
"3750","TZA","2009","323.72","25.10","34.00"
"3751","TZA","2010","316.43","24.60","37.18"
"3752","TZA","2011","311.92","24.20","37.75"
"3753","TZA","2012","301.88","23.90","42.00"
"3754","TZA","2013","295.89","23.70","43.47"
"3755","TZA","2014","287.65","23.50","39.85"
"3756","TZA","2015","278.96","23.40","33.27"
"3757","TZA","2016","272.83","23.40","36.65"
"3758","TZA","2017","264.39","23.30","39.04"
"3759","TZA","2018","257.19","23.10","41.27"
"3760","TZA","2019","249.40","22.70","39.98"
"3761","TZA","2020","234.78","22.30","31.70"
"3762","TZA","2021","252.89","21.70","37.53"
"3763","UGA","2000","474.46","32.30","16.43"
"3764","UGA","2001","463.15","31.50","16.00"
"3765","UGA","2002","454.57","30.60","15.74"
"3766","UGA","2003","442.36","29.70","14.23"
"3767","UGA","2004","425.25","28.90","18.61"
"3768","UGA","2005","408.57","28.30","25.87"
"3769","UGA","2006","392.54","27.70","31.60"
"3770","UGA","2007","377.45","27.20","36.10"
"3771","UGA","2008","364.94","26.60","40.04"
"3772","UGA","2009","354.32","26.20","44.37"
"3773","UGA","2010","345.22","25.70","51.89"
"3774","UGA","2011","335.73","25.30","55.21"
"3775","UGA","2012","325.93","24.80","55.04"
"3776","UGA","2013","315.76","24.30","52.91"
"3777","UGA","2014","306.81","23.80","50.96"
"3778","UGA","2015","295.49","23.30","40.10"
"3779","UGA","2016","286.44","22.90","39.08"
"3780","UGA","2017","276.62","22.60","31.44"
"3781","UGA","2018","267.80","22.30","32.95"
"3782","UGA","2019","259.38","22.00","33.37"
"3783","UGA","2020","255.22","21.80","44.73"
"3784","UGA","2021","262.55","21.60","51.03"
"3785","UKR","2000","253.40","10.90","34.62"
"3786","UKR","2001","258.03","10.40","44.14"
"3787","UKR","2002","259.96","9.80","52.12"
"3788","UKR","2003","264.57","9.30","67.87"
"3789","UKR","2004","269.67","8.90","83.24"
"3790","UKR","2005","270.04","8.50","114.63"
"3791","UKR","2006","270.59","8.20","146.27"
"3792","UKR","2007","267.79","7.90","183.18"
"3793","UKR","2008","257.25","7.60","212.75"
"3794","UKR","2009","238.18","7.20","165.99"
"3795","UKR","2010","216.23","6.90","199.50"
"3796","UKR","2011","207.11","6.60","240.18"
"3797","UKR","2012","203.08","6.30","270.76"
"3798","UKR","2013","199.05","6.00","275.94"
"3799","UKR","2014","195.59","5.80","208.94"
"3800","UKR","2015","184.25","5.60","154.75"
"3801","UKR","2016","176.17","5.40","154.55"
"3802","UKR","2017","170.64","5.20","183.70"
"3803","UKR","2018","173.83","5.10","217.74"
"3804","UKR","2019","170.02","5.00","242.81"
"3805","UKR","2020","173.22","4.90","265.08"
"3806","UKR","2021","188.69","4.80","369.90"
"3807","URY","2000","132.69","8.50","699.20"
"3808","URY","2001","131.48","8.40","679.42"
"3809","URY","2002","128.78","8.20","436.44"
"3810","URY","2003","128.03","8.00","383.56"
"3811","URY","2004","126.29","7.70","375.94"
"3812","URY","2005","123.89","7.30","445.28"
"3813","URY","2006","123.70","6.80","500.66"
"3814","URY","2007","121.48","6.10","578.34"
"3815","URY","2008","121.28","5.50","811.70"
"3816","URY","2009","119.17","5.10","826.06"
"3817","URY","2010","118.90","4.90","1043.26"
"3818","URY","2011","118.55","4.90","1244.94"
"3819","URY","2012","118.12","5.00","1347.03"
"3820","URY","2013","116.67","5.00","1516.81"
"3821","URY","2014","115.65","5.00","1495.60"
"3822","URY","2015","113.53","5.00","1424.89"
"3823","URY","2016","112.24","4.90","1469.39"
"3824","URY","2017","110.47","4.90","1672.33"
"3825","URY","2018","112.90","4.80","1713.27"
"3826","URY","2019","111.40","4.80","1692.50"
"3827","URY","2020","106.52","4.60","1432.00"
"3828","URY","2021","133.14","4.40","1594.98"
"3829","USA","2000","113.64","4.60","4548.55"
"3830","USA","2001","114.24","4.70","4901.68"
"3831","USA","2002","114.05","4.70","5327.94"
"3832","USA","2003","113.73","4.60","5732.24"
"3833","USA","2004","111.01","4.50","6071.84"
"3834","USA","2005","111.74","4.50","6428.60"
"3835","USA","2006","111.02","4.40","6802.48"
"3836","USA","2007","109.03","4.30","7153.73"
"3837","USA","2008","107.76","4.20","7364.94"
"3838","USA","2009","107.01","4.10","7614.82"
"3839","USA","2010","104.52","4.10","7836.09"
"3840","USA","2011","105.03","4.10","8015.78"
"3841","USA","2012","104.53","4.10","8262.29"
"3842","USA","2013","104.67","4.00","8412.25"
"3843","USA","2014","105.63","4.00","8796.34"
"3844","USA","2015","107.37","3.90","9200.93"
"3845","USA","2016","110.30","3.80","9535.60"
"3846","USA","2017","110.60","3.80","9822.61"
"3847","USA","2018","109.06","3.80","10180.48"
"3848","USA","2019","108.14","3.70","10550.22"
"3849","USA","2020","127.61","3.60","11648.50"
"3850","USA","2021","142.10","3.50","12080.07"
"3851","UZB","2000","214.77","28.10","35.72"
"3852","UZB","2001","211.50","27.30","30.46"
"3853","UZB","2002","205.02","26.40","24.51"
"3854","UZB","2003","199.85","25.30","25.62"
"3855","UZB","2004","198.06","24.20","28.02"
"3856","UZB","2005","198.28","23.10","32.51"
"3857","UZB","2006","194.78","21.90","37.97"
"3858","UZB","2007","187.53","20.80","46.90"
"3859","UZB","2008","180.86","19.40","61.29"
"3860","UZB","2009","175.89","17.80","71.96"
"3861","UZB","2010","174.66","16.30","92.87"
"3862","UZB","2011","173.36","15.00","109.86"
"3863","UZB","2012","172.75","13.80","127.94"
"3864","UZB","2013","171.33","12.70","140.71"
"3865","UZB","2014","169.76","11.80","118.44"
"3866","UZB","2015","166.00","11.00","132.61"
"3867","UZB","2016","164.31","10.30","129.82"
"3868","UZB","2017","164.29","9.70","93.42"
"3869","UZB","2018","161.59","9.30","82.53"
"3870","UZB","2019","162.15","8.90","98.62"
"3871","UZB","2020","155.61","8.50","120.29"
"3872","UZB","2021","158.22","8.30","156.45"
"3873","VCT","2000","176.66","13.30","149.92"
"3874","VCT","2001","174.60","13.50","162.93"
"3875","VCT","2002","184.62","13.60","175.48"
"3876","VCT","2003","170.69","13.70","178.14"
"3877","VCT","2004","168.84","13.70","188.44"
"3878","VCT","2005","167.05","13.70","197.63"
"3879","VCT","2006","165.67","13.80","209.84"
"3880","VCT","2007","164.51","13.80","244.33"
"3881","VCT","2008","164.09","13.80","256.14"
"3882","VCT","2009","164.08","13.70","264.62"
"3883","VCT","2010","167.36","13.50","281.92"
"3884","VCT","2011","171.08","13.10","276.16"
"3885","VCT","2012","174.92","12.60","298.78"
"3886","VCT","2013","187.34","12.10","300.02"
"3887","VCT","2014","183.03","11.60","299.33"
"3888","VCT","2015","180.80","11.20","302.58"
"3889","VCT","2016","183.88","10.80","313.66"
"3890","VCT","2017","181.77","10.50","337.90"
"3891","VCT","2018","181.29","10.30","358.53"
"3892","VCT","2019","181.18","10.10","372.06"
"3893","VCT","2020","181.13","9.90","406.36"
"3894","VCT","2021","214.90","9.70","454.78"
"3895","VEN","2000","157.19","10.80",NULL
"3896","VEN","2001","179.87","10.30",NULL
"3897","VEN","2002","156.37","9.90",NULL
"3898","VEN","2003","167.50","9.90",NULL
"3899","VEN","2004","159.11","10.20",NULL
"3900","VEN","2005","157.03","10.30",NULL
"3901","VEN","2006","161.44","10.20",NULL
"3902","VEN","2007","155.42","10.10",NULL
"3903","VEN","2008","168.12","10.20",NULL
"3904","VEN","2009","165.93","10.40",NULL
"3905","VEN","2010","158.26","10.70",NULL
"3906","VEN","2011","157.16","10.90",NULL
"3907","VEN","2012","157.07","11.10",NULL
"3908","VEN","2013","156.99","11.30",NULL
"3909","VEN","2014","159.61","11.50",NULL
"3910","VEN","2015","155.31","14.60",NULL
"3911","VEN","2016","170.02","15.00",NULL
"3912","VEN","2017","171.26","15.00",NULL
"3913","VEN","2018","160.18","15.00","164.68"
"3914","VEN","2019","158.26","15.00","112.73"
"3915","VEN","2020","161.60","15.00","153.22"
"3916","VEN","2021","177.97","15.00","162.44"
"3917","VNM","2000","139.23","15.30","21.07"
"3918","VNM","2001","138.01","14.60","25.55"
"3919","VNM","2002","137.84","14.00","21.88"
"3920","VNM","2003","137.97","13.50","24.88"
"3921","VNM","2004","140.34","13.10","31.98"
"3922","VNM","2005","139.49","12.80","38.97"
"3923","VNM","2006","138.94","12.50","46.87"
"3924","VNM","2007","138.34","12.30","54.41"
"3925","VNM","2008","137.90","12.10","64.43"
"3926","VNM","2009","137.42","11.90","69.83"
"3927","VNM","2010","136.74","11.80","85.36"
"3928","VNM","2011","135.78","11.70","97.05"
"3929","VNM","2012","135.33","11.50","109.29"
"3930","VNM","2013","134.78","11.40","104.11"
"3931","VNM","2014","134.25","11.20","119.45"
"3932","VNM","2015","133.68","11.10","121.44"
"3933","VNM","2016","133.51","10.90","133.20"
"3934","VNM","2017","133.06","10.70","147.51"
"3935","VNM","2018","132.30","10.50","161.98"
"3936","VNM","2019","131.23","10.20","171.15"
"3937","VNM","2020","121.29","10.00","153.10"
"3938","VNM","2021","134.80","9.70","168.09"
"3939","VUT","2000","184.20","14.30","48.29"
"3940","VUT","2001","182.60","13.10","45.73"
"3941","VUT","2002","181.73","12.20","52.35"
"3942","VUT","2003","180.99","11.70","54.94"
"3943","VUT","2004","181.05","11.30","62.81"
"3944","VUT","2005","178.81","11.10","61.93"
"3945","VUT","2006","180.87","10.80","67.60"
"3946","VUT","2007","181.92","10.50","72.53"
"3947","VUT","2008","180.52","10.10","81.72"
"3948","VUT","2009","180.04","9.70","82.80"
"3949","VUT","2010","179.13","9.50","99.27"
"3950","VUT","2011","177.64","9.50","113.80"
"3951","VUT","2012","175.83","9.90","118.28"
"3952","VUT","2013","175.57","10.30","130.88"
"3953","VUT","2014","174.59","10.70","108.23"
"3954","VUT","2015","173.54","11.00","118.72"
"3955","VUT","2016","171.20","11.00","88.36"
"3956","VUT","2017","170.47","10.80","91.04"
"3957","VUT","2018","169.29","10.50","110.32"
"3958","VUT","2019","167.66","10.20","112.14"
"3959","VUT","2020","170.13","9.80","125.41"
"3960","VUT","2021","187.69","9.60","142.57"
"3961","WSM","2000","166.26","8.60","60.46"
"3962","WSM","2001","163.17","8.40","56.10"
"3963","WSM","2002","160.45","8.10","72.41"
"3964","WSM","2003","157.72","7.90","81.96"
"3965","WSM","2004","156.76","7.70","104.43"
"3966","WSM","2005","156.76","7.60","121.24"
"3967","WSM","2006","155.70","7.60","133.42"
"3968","WSM","2007","156.20","7.60","147.85"
"3969","WSM","2008","157.52","7.70","156.89"
"3970","WSM","2009","183.43","7.80","172.45"
"3971","WSM","2010","159.60","7.70","185.44"
"3972","WSM","2011","161.02","7.70","211.89"
"3973","WSM","2012","164.33","7.60","197.02"
"3974","WSM","2013","164.99","7.50","247.41"
"3975","WSM","2014","167.20","7.40","252.31"
"3976","WSM","2015","169.34","7.30","232.50"
"3977","WSM","2016","171.08","7.20","238.35"
"3978","WSM","2017","171.96","7.00","220.82"
"3979","WSM","2018","171.70","6.90","200.41"
"3980","WSM","2019","182.34","6.80","242.91"
"3981","WSM","2020","174.54","6.60","252.78"
"3982","WSM","2021","175.23","6.40","285.65"
"3983","YEM","2000","217.43","36.70","22.91"
"3984","YEM","2001","212.66","35.70","24.09"
"3985","YEM","2002","208.10","34.50","24.80"
"3986","YEM","2003","202.26","33.40","31.60"
"3987","YEM","2004","198.29","32.30","34.62"
"3988","YEM","2005","194.13","31.20","38.27"
"3989","YEM","2006","190.37","30.20","44.82"
"3990","YEM","2007","186.47","29.20","51.84"
"3991","YEM","2008","183.28","28.30","61.75"
"3992","YEM","2009","181.56","27.50","58.02"
"3993","YEM","2010","178.71","26.70","59.60"
"3994","YEM","2011","178.00","26.10","56.59"
"3995","YEM","2012","177.27","25.50","64.68"
"3996","YEM","2013","172.41","25.00","68.40"
"3997","YEM","2014","173.37","24.60","83.49"
"3998","YEM","2015","197.89","24.20","88.41"
"3999","YEM","2016","193.20","23.80","75.22"
"4000","YEM","2017","195.13","23.50","87.30"
"4001","YEM","2018","219.04","23.20","143.69"
"4002","YEM","2019","207.42","22.80","80.95"
"4003","YEM","2020","208.54","22.50","65.18"
"4004","YEM","2021","223.23","22.10","49.30"
"4005","ZAF","2000","407.78","13.50","236.08"
"4006","ZAF","2001","430.19","13.00","202.81"
"4007","ZAF","2002","461.04","12.70","179.51"
"4008","ZAF","2003","487.70","12.60","286.02"
"4009","ZAF","2004","498.76","12.60","362.29"
"4010","ZAF","2005","502.53","12.80","400.54"
"4011","ZAF","2006","502.43","13.10","417.91"
"4012","ZAF","2007","491.72","13.30","455.17"
"4013","ZAF","2008","475.55","13.40","442.11"
"4014","ZAF","2009","455.44","13.30","487.63"
"4015","ZAF","2010","427.87","13.00","621.42"
"4016","ZAF","2011","402.42","12.50","686.87"
"4017","ZAF","2012","376.38","12.10","646.50"
"4018","ZAF","2013","361.66","11.90","593.80"
"4019","ZAF","2014","344.20","11.70","539.31"
"4020","ZAF","2015","333.06","11.70","491.91"
"4021","ZAF","2016","322.39","11.60","456.57"
"4022","ZAF","2017","312.52","11.50","527.52"
"4023","ZAF","2018","302.31","11.40","558.80"
"4024","ZAF","2019","288.66","11.50","538.80"
"4025","ZAF","2020","304.28","11.60","503.47"
"4026","ZAF","2021","351.43","11.70","592.95"
"4027","ZMB","2000","531.35","33.00","14.81"
"4028","ZMB","2001","523.82","32.10","18.95"
"4029","ZMB","2002","510.88","31.00","23.19"
"4030","ZMB","2003","497.05","29.60","26.76"
"4031","ZMB","2004","489.75","28.30","29.99"
"4032","ZMB","2005","477.23","27.20","45.00"
"4033","ZMB","2006","461.06","26.40","58.68"
"4034","ZMB","2007","446.24","25.80","51.02"
"4035","ZMB","2008","427.51","25.40","61.82"
"4036","ZMB","2009","407.78","25.10","59.39"
"4037","ZMB","2010","388.98","24.80","59.99"
"4038","ZMB","2011","368.78","24.50","64.32"
"4039","ZMB","2012","350.76","24.20","69.18"
"4040","ZMB","2013","335.60","23.90","83.29"
"4041","ZMB","2014","322.71","23.70","65.39"
"4042","ZMB","2015","309.11","23.40","57.39"
"4043","ZMB","2016","302.70","23.10","55.40"
"4044","ZMB","2017","293.91","22.70","70.93"
"4045","ZMB","2018","281.68","22.40","69.83"
"4046","ZMB","2019","264.56","22.10","85.02"
"4047","ZMB","2020","251.52","21.90","60.02"
"4048","ZMB","2021","281.60","21.70","74.84"
"4049","ZWE","2000","658.77","23.00",NULL
"4050","ZWE","2001","699.37","22.90",NULL
"4051","ZWE","2002","665.29","23.20",NULL
"4052","ZWE","2003","680.48","23.70",NULL
"4053","ZWE","2004","663.66","24.40",NULL
"4054","ZWE","2005","649.65","25.30",NULL
"4055","ZWE","2006","636.52","26.50",NULL
"4056","ZWE","2007","622.98","27.70",NULL
"4057","ZWE","2008","598.51","28.40",NULL
"4058","ZWE","2009","570.48","28.50",NULL
"4059","ZWE","2010","525.97","28.10","94.45"
"4060","ZWE","2011","485.01","27.50","83.83"
"4061","ZWE","2012","456.85","27.00","85.69"
"4062","ZWE","2013","426.96","26.70","96.86"
"4063","ZWE","2014","401.42","26.90","111.61"
"4064","ZWE","2015","386.12","27.30","103.32"
"4065","ZWE","2016","372.50","27.90","102.16"
"4066","ZWE","2017","364.28","28.60","91.87"
"4067","ZWE","2018","352.67","29.40","114.77"
"4068","ZWE","2019","351.44","30.30","55.11"
"4069","ZWE","2020","341.05","31.30","51.14"
"4070","ZWE","2021","382.02","32.20","60.90"
