"id","country_code","year","sex","life_expectancy","low","high"
"1","TGO","2016","Female","64.63","63.84","65.56"
"2","BLR","2007","Male","64.51","64.44","64.63"
"3","SOM","2005","Male","47.69","46.40","49.04"
"4","GAB","2000","Female","59.46","58.64","60.51"
"5","JAM","2006","Male","72.49","72.27","72.88"
"6","AUS","2018","Female","84.88","84.87","84.95"
"7","SYC","2011","Male","70.05","69.85","70.30"
"8","PRT","2007","Both sexes","78.96","78.95","79.03"
"9","AUT","2001","Both sexes","78.64","78.63","78.73"
"10","ROU","2013","Female","78.50","78.44","78.61"
"11","LBY","2014","Both sexes","72.60","72.00","73.14"
"12","MWI","2004","Both sexes","48.06","47.14","49.11"
"13","CHE","2011","Both sexes","82.37","82.34","82.45"
"14","LCA","2021","Male","68.00","67.10","69.00"
"15","COD","2020","Both sexes","62.04","61.16","62.98"
"16","HND","2021","Male","67.44","66.90","68.03"
"17","PRT","2006","Female","82.11","82.10","82.19"
"18","YEM","2011","Both sexes","68.13","67.22","69.23"
"19","AUT","2009","Female","82.70","82.69","82.78"
"20","TUN","2013","Male","74.24","73.52","75.15"
"21","STP","2003","Male","64.32","63.68","64.92"
"22","ETH","2016","Female","69.32","68.74","69.92"
"23","TON","2005","Male","69.35","68.83","69.86"
"24","DJI","2003","Female","61.34","60.12","62.50"
"25","LVA","2017","Male","70.10","70.01","70.23"
"26","TON","2019","Male","70.38","69.69","71.19"
"27","COM","2000","Both sexes","62.04","61.15","63.05"
"28","MAR","2001","Both sexes","70.46","69.74","71.27"
"29","PRK","2004","Female","72.14","71.49","72.91"
"30","PRT","2003","Female","80.51","80.50","80.60"
"31","BRA","2004","Male","69.08","68.83","69.38"
"32","NGA","2008","Both sexes","58.75","57.88","59.88"
"33","IRL","2008","Male","77.37","77.33","77.48"
"34","EGY","2017","Both sexes","71.25","70.97","71.55"
"35","BEN","2012","Both sexes","61.81","61.04","62.69"
"36","EGY","2020","Both sexes","70.12","69.68","70.56"
"37","BEL","2007","Female","82.14","82.12","82.22"
"38","FRA","2003","Both sexes","79.09","79.04","79.15"
"39","HRV","2019","Male","75.58","75.51","75.71"
"40","CZE","2007","Male","73.69","73.66","73.77"
"41","FRA","2013","Female","84.72","84.67","84.77"
"42","ETH","2021","Male","65.96","65.16","66.88"
"43","BEN","2001","Male","55.72","54.91","56.58"
"44","PRK","2008","Female","72.50","71.90","73.08"
"45","BLZ","2016","Both sexes","74.40","74.22","74.63"
"46","LBY","2015","Female","75.26","74.75","75.84"
"47","KHM","2011","Female","69.99","69.46","70.67"
"48","TGO","2004","Male","54.91","54.17","55.76"
"49","BRA","2014","Female","78.15","77.97","78.37"
"50","LUX","2002","Both sexes","78.81","78.69","78.96"
"51","CRI","2013","Both sexes","80.60","80.54","80.75"
"52","CAF","2004","Male","44.67","43.72","45.80"
"53","MDG","2011","Both sexes","62.76","62.02","63.74"
"54","HTI","2011","Female","61.04","60.23","61.92"
"55","DNK","2002","Female","79.13","79.11","79.23"
"56","LAO","2012","Female","67.90","67.39","68.59"
"57","TUN","2006","Male","73.15","72.47","74.01"
"58","SGP","2018","Both sexes","83.51","83.48","83.61"
"59","BTN","2009","Male","70.30","69.68","71.00"
"60","CMR","2001","Male","51.65","50.74","52.67"
"61","MOZ","2020","Male","55.55","54.39","56.56"
"62","MOZ","2017","Female","60.54","59.63","61.46"
"63","MMR","2016","Both sexes","67.86","67.18","68.64"
"64","LKA","2017","Female","79.86","79.28","80.59"
"65","ERI","2015","Female","65.46","64.65","66.54"
"66","IND","2021","Male","65.77","65.34","66.35"
"67","BIH","2009","Female","79.46","79.39","79.61"
"68","CUB","2012","Female","80.54","80.51","80.64"
"69","PAN","2006","Female","79.74","79.52","80.01"
"70","CHE","2016","Female","84.82","84.80","84.90"
"71","RUS","2017","Female","77.45","77.39","77.51"
"72","ZAF","2006","Both sexes","52.11","51.80","52.53"
"73","NIC","2008","Female","79.15","78.86","79.43"
"74","PRT","2002","Both sexes","77.15","77.13","77.23"
"75","BGR","2005","Male","68.94","68.79","69.13"
"76","BRA","2002","Both sexes","72.04","71.80","72.32"
"77","RUS","2016","Male","66.25","66.25","66.30"
"78","SGP","2009","Female","83.82","83.81","83.92"
"79","BLR","2020","Male","67.78","67.37","68.27"
"80","JOR","2013","Female","77.95","77.66","78.27"
"81","PSE","2005","Female","73.93","73.65","74.25"
"82","DJI","2019","Male","63.63","62.60","64.72"
"83","COM","2007","Both sexes","64.77","63.91","65.75"
"84","MMR","2016","Male","64.75","63.96","65.65"
"85","DNK","2003","Both sexes","77.32","77.28","77.41"
"86","BFA","2018","Male","59.91","58.84","60.93"
"87","BRB","2008","Female","77.15","76.97","77.41"
"88","SLE","2007","Male","51.91","50.85","52.93"
"89","TCD","2021","Male","57.53","56.27","58.92"
"90","SAU","2001","Female","72.14","71.75","72.63"
"91","WSM","2018","Female","71.41","70.94","71.98"
"92","BEN","2019","Male","61.76","60.91","62.85"
"93","LTU","2020","Both sexes","74.90","74.83","75.02"
"94","UZB","2004","Female","66.02","65.72","66.40"
"95","SYR","2016","Both sexes","60.12","59.32","60.80"
"96","STP","2011","Male","67.95","67.46","68.63"
"97","CUB","2002","Male","75.70","75.65","75.80"
"98","SLV","2001","Female","75.48","75.22","75.78"
"99","BTN","2014","Male","71.90","71.32","72.67"
"100","MAR","2005","Both sexes","71.23","70.35","71.97"
"101","DOM","2015","Male","69.95","69.33","70.72"
"102","YEM","2020","Both sexes","66.51","65.80","67.52"
"103","ARG","2017","Female","79.59","79.58","79.66"
"104","DZA","2002","Female","74.25","73.89","74.67"
"105","MLI","2016","Female","61.09","60.17","62.00"
"106","AFG","2020","Female","61.69","60.92","62.41"
"107","ARE","2017","Female","81.82","81.59","82.20"
"108","AFG","2001","Female","54.57","53.56","55.62"
"109","HND","2013","Male","67.22","66.45","68.10"
"110","SGP","2007","Male","78.11","78.09","78.20"
"111","ETH","2007","Male","58.61","58.00","59.41"
"112","MMR","2002","Male","57.79","57.06","58.66"
"113","PSE","2006","Male","65.33","64.92","65.75"
"114","IND","2003","Female","65.89","65.39","66.60"
"115","THA","2021","Both sexes","75.29","74.58","76.16"
"116","CAN","2016","Male","79.85","79.84","79.93"
"117","ECU","2014","Both sexes","76.90","76.54","77.30"
"118","FIN","2017","Both sexes","81.32","81.29","81.41"
"119","SRB","2003","Female","75.05","74.96","75.20"
"120","MRT","2011","Male","68.97","68.46","69.92"
"121","MDG","2000","Female","59.79","59.16","60.40"
"122","AUT","2012","Male","78.24","78.23","78.32"
"123","BGD","2015","Female","74.35","73.86","75.02"
"124","USA","2002","Both sexes","76.85","76.80","76.90"
"125","USA","2019","Male","76.53","76.48","76.58"
"126","CAN","2004","Both sexes","79.85","79.83","79.92"
"127","DOM","2001","Male","70.86","70.25","71.52"
"128","ATG","2010","Male","73.08","72.87","73.39"
"129","LAO","2016","Male","65.12","64.29","66.11"
"130","KIR","2015","Both sexes","61.69","60.67","62.59"
"131","KHM","2015","Male","65.84","65.12","66.49"
"132","CRI","2007","Male","77.84","77.75","77.97"
"133","SLB","2010","Male","62.06","61.27","63.04"
"134","CIV","2018","Both sexes","62.91","62.10","63.84"
"135","GHA","2006","Male","58.45","57.94","59.16"
"136","MAR","2014","Male","72.34","71.70","73.34"
"137","IND","2013","Both sexes","68.52","68.06","69.03"
"138","ZAF","2014","Both sexes","62.78","62.57","63.10"
"139","DJI","2017","Male","63.04","61.85","64.52"
"140","ARM","2016","Female","78.46","78.35","78.69"
"141","LTU","2018","Both sexes","75.75","75.69","75.89"
"142","EGY","2000","Female","71.94","71.54","72.46"
"143","MNE","2000","Male","70.79","70.62","71.04"
"144","HUN","2021","Both sexes","74.40","74.36","74.49"
"145","CUB","2003","Male","75.58","75.54","75.69"
"146","TZA","2005","Male","55.69","54.83","56.59"
"147","PRI","2009","Both sexes","78.42","78.33","78.57"
"148","BRB","2011","Both sexes","76.02","75.82","76.29"
"149","COL","2000","Female","76.63","76.34","76.92"
"150","PRY","2007","Male","72.41","71.75","73.15"
"151","GNQ","2018","Male","59.87","58.43","61.36"
"152","KIR","2007","Both sexes","61.19","60.37","62.03"
"153","BWA","2021","Male","59.22","58.02","60.10"
"154","HRV","2011","Female","80.38","80.33","80.51"
"155","SEN","2014","Male","65.37","64.70","66.11"
"156","EGY","2004","Female","71.94","71.54","72.31"
"157","GIN","2012","Male","57.58","56.69","58.55"
"158","CIV","2020","Both sexes","63.31","62.30","64.43"
"159","ZMB","2007","Male","51.55","50.73","52.47"
"160","JOR","2021","Both sexes","75.65","75.25","76.16"
"161","MLT","2020","Both sexes","82.01","81.89","82.22"
"162","QAT","2007","Female","73.62","73.24","74.04"
"163","SSD","2016","Both sexes","59.19","57.90","60.62"
"164","IRN","2002","Female","75.83","75.56","76.15"
"165","HTI","2013","Both sexes","61.92","61.05","62.97"
"166","SGP","2011","Female","84.09","84.06","84.18"
"167","PAN","2011","Both sexes","77.52","77.32","77.78"
"168","BHR","2013","Female","75.72","75.57","75.94"
"169","LUX","2015","Female","84.35","84.24","84.55"
"170","MUS","2012","Both sexes","73.69","73.55","73.90"
"171","KOR","2016","Male","79.53","79.46","79.60"
"172","HTI","2004","Male","58.24","57.33","59.26"
"173","BLR","2004","Both sexes","68.80","68.72","68.95"
"174","SYC","2001","Both sexes","72.23","72.02","72.51"
"175","GEO","2012","Male","67.66","67.50","67.87"
"176","ARE","2012","Both sexes","80.31","79.99","80.75"
"177","AUS","2011","Both sexes","81.93","81.93","82.01"
"178","BRB","2016","Male","75.14","74.71","75.65"
"179","PRK","2007","Female","72.37","71.86","73.04"
"180","LTU","2002","Male","66.09","66.02","66.22"
"181","CRI","2002","Male","76.45","76.37","76.58"
"182","KAZ","2019","Female","77.20","77.05","77.40"
"183","LVA","2005","Male","64.82","64.74","64.96"
"184","GHA","2015","Female","66.97","66.32","67.71"
"185","BLR","2010","Both sexes","70.35","70.30","70.46"
"186","CAN","2015","Female","83.48","83.46","83.56"
"187","COG","2006","Female","57.20","56.42","58.03"
"188","AGO","2004","Female","54.21","53.42","55.16"
"189","SYC","2010","Male","69.66","69.47","69.92"
"190","ETH","2017","Both sexes","68.07","67.27","68.63"
"191","LCA","2020","Female","79.55","79.07","80.09"
"192","NIC","2000","Both sexes","76.18","75.80","76.55"
"193","SLE","2011","Female","56.44","55.65","57.33"
"194","SOM","2009","Female","53.17","52.13","54.36"
"195","ALB","2020","Female","79.02","78.82","79.25"
"196","ITA","2011","Both sexes","81.83","81.78","81.88"
"197","CHN","2010","Male","71.98","71.60","72.40"
"198","AZE","2020","Female","75.46","75.15","75.76"
"199","VNM","2006","Both sexes","72.24","71.82","72.70"
"200","PHL","2004","Female","73.51","73.20","73.88"
"201","MWI","2000","Both sexes","44.64","43.56","45.75"
"202","PRI","2004","Both sexes","77.47","77.38","77.61"
"203","MEX","2020","Male","67.12","66.92","67.33"
"204","POL","2019","Both sexes","77.73","77.73","77.80"
"205","SAU","2002","Both sexes","71.08","70.74","71.53"
"206","MYS","2010","Female","76.24","76.01","76.55"
"207","SLE","2007","Female","53.82","52.89","54.73"
"208","VNM","2014","Male","68.61","68.14","69.13"
"209","MLI","2003","Female","54.73","53.95","55.66"
"210","JAM","2003","Male","71.48","71.23","71.81"
"211","PSE","2016","Both sexes","74.99","74.71","75.32"
"212","AZE","2009","Female","72.03","71.58","72.46"
"213","SWE","2008","Male","78.99","78.98","79.05"
"214","ROU","2016","Female","78.75","78.72","78.86"
"215","BHR","2011","Both sexes","74.20","74.00","74.42"
"216","GIN","2017","Male","58.96","57.77","60.20"
"217","MLI","2021","Female","62.29","61.36","63.29"
"218","JPN","2010","Both sexes","83.08","83.03","83.13"
"219","LBR","2001","Female","54.74","53.83","55.64"
"220","FSM","2020","Female","68.84","68.01","69.59"
"221","CUB","2000","Both sexes","76.75","76.70","76.85"
"222","YEM","2021","Male","63.09","62.31","64.13"
"223","MDV","2019","Both sexes","75.45","75.24","75.72"
"224","DNK","2010","Male","77.20","77.18","77.29"
"225","TUN","2002","Both sexes","74.76","74.13","75.39"
"226","SAU","2016","Female","77.44","77.10","77.92"
"227","VUT","2006","Female","68.97","68.40","69.59"
"228","SYR","2009","Female","75.26","74.95","75.68"
"229","GBR","2001","Female","80.18","80.11","80.24"
"230","CHL","2001","Female","79.63","79.61","79.73"
"231","BLR","2019","Female","79.66","79.62","79.75"
"232","LKA","2000","Both sexes","71.51","71.43","71.68"
"233","COG","2016","Both sexes","62.57","61.79","63.59"
"234","HRV","2009","Male","73.01","72.96","73.13"
"235","GEO","2001","Both sexes","71.59","71.28","72.01"
"236","PRK","2021","Male","69.76","69.14","70.45"
"237","GBR","2011","Female","82.45","82.40","82.51"
"238","DOM","2007","Male","70.45","69.63","71.34"
"239","DNK","2002","Male","74.87","74.84","74.95"
"240","IRN","2001","Male","72.19","71.92","72.54"
"241","TZA","2004","Male","54.82","53.98","55.88"
"242","KHM","2002","Female","63.20","62.66","63.75"
"243","TKM","2000","Female","69.45","68.90","70.02"
"244","LVA","2003","Male","65.35","65.27","65.49"
"245","NAM","2010","Female","63.40","62.39","64.45"
"246","GNB","2011","Both sexes","55.96","55.00","56.86"
"247","BEN","2012","Male","59.49","58.61","60.41"
"248","IND","2014","Female","70.64","70.24","71.12"
"249","URY","2006","Female","80.28","80.23","80.41"
"250","ZAF","2002","Male","52.14","51.82","52.52"
"251","LTU","2001","Both sexes","71.52","71.44","71.64"
"252","SSD","2018","Female","60.97","59.87","62.27"
"253","ERI","2011","Both sexes","60.91","60.09","61.90"
"254","BLR","2010","Female","76.43","76.39","76.55"
"255","TJK","2001","Both sexes","66.36","65.73","66.99"
"256","BRB","2017","Both sexes","76.34","75.87","76.92"
"257","TZA","2016","Both sexes","65.60","64.92","66.38"
"258","DJI","2014","Both sexes","63.52","62.54","64.89"
"259","JOR","2019","Both sexes","79.79","79.28","80.35"
"260","GTM","2004","Both sexes","69.66","69.29","70.11"
"261","ARE","2020","Female","82.16","81.81","82.60"
"262","LVA","2012","Both sexes","73.87","73.78","74.01"
"263","CAF","2011","Female","51.39","50.07","52.50"
"264","UKR","2003","Female","73.20","73.13","73.32"
"265","PER","2001","Female","77.62","77.19","78.09"
"266","HND","2005","Both sexes","70.54","69.69","71.44"
"267","SRB","2011","Male","71.90","71.81","72.03"
"268","BRB","2000","Both sexes","74.61","74.41","74.85"
"269","CMR","2000","Both sexes","52.96","52.08","53.78"
"270","TZA","2008","Both sexes","60.44","59.79","61.18"
"271","PAK","2003","Both sexes","62.15","61.48","62.83"
"272","NAM","2019","Male","59.99","59.11","61.07"
"273","PAN","2000","Both sexes","76.15","75.90","76.45"
"274","BDI","2009","Female","59.96","59.23","60.87"
"275","PRK","2015","Female","74.27","73.59","75.04"
"276","SSD","2020","Female","61.25","60.25","62.40"
"277","SWZ","2004","Female","42.95","41.08","45.10"
"278","ERI","2012","Female","64.46","63.46","65.39"
"279","SOM","2019","Male","52.87","51.43","54.19"
"280","MNE","2016","Female","79.81","79.71","79.98"
"281","PRK","2019","Both sexes","72.32","71.64","73.19"
"282","COM","2015","Male","66.39","65.40","67.46"
"283","CHN","2015","Female","79.76","79.41","80.17"
"284","NER","2005","Female","55.31","54.26","56.38"
"285","SLV","2005","Both sexes","73.40","73.17","73.69"
"286","GRC","2013","Both sexes","80.78","80.77","80.86"
"287","MNG","2000","Male","59.95","59.46","60.55"
"288","COD","2008","Female","57.88","57.14","58.64"
"289","BFA","2000","Male","50.34","49.55","51.30"
"290","TZA","2002","Both sexes","54.25","53.43","55.12"
"291","BIH","2000","Female","77.96","77.68","78.34"
"292","CAF","2007","Female","49.06","47.83","50.20"
"293","UGA","2020","Both sexes","66.30","65.49","67.16"
"294","KIR","2019","Both sexes","62.14","61.23","63.06"
"295","CPV","2004","Male","68.34","67.58","69.08"
"296","BRN","2002","Both sexes","75.91","75.64","76.23"
"297","IDN","2005","Male","66.76","66.26","67.33"
"298","OMN","2013","Both sexes","73.92","73.61","74.40"
"299","JOR","2011","Female","77.31","77.03","77.66"
"300","GUY","2015","Both sexes","66.95","66.27","67.66"
"301","SYC","2013","Male","70.13","69.95","70.39"
"302","HTI","2014","Male","62.05","61.02","63.27"
"303","MWI","2015","Both sexes","61.83","61.08","62.61"
"304","VEN","2003","Female","77.57","77.50","77.70"
"305","LKA","2008","Female","77.79","77.74","77.90"
"306","CPV","2008","Both sexes","73.93","73.33","74.63"
"307","MDG","2002","Male","58.43","57.79","59.22"
"308","BRB","2004","Male","72.49","72.26","72.77"
"309","RUS","2005","Both sexes","65.19","65.17","65.25"
"310","KGZ","2013","Male","66.78","66.47","67.14"
"311","VUT","2011","Female","69.82","69.39","70.38"
"312","ZWE","2020","Male","57.11","56.34","57.94"
"313","BGD","2002","Male","64.78","64.23","65.40"
"314","THA","2019","Male","73.30","72.75","73.97"
"315","ROU","2008","Male","69.63","69.57","69.76"
"316","VNM","2008","Female","76.76","76.39","77.22"
"317","TTO","2006","Both sexes","72.21","71.88","72.57"
"318","POL","2003","Female","78.66","78.63","78.75"
"319","SYC","2011","Female","76.84","76.65","77.07"
"320","BOL","2016","Female","73.11","72.47","73.78"
"321","CIV","2000","Both sexes","51.17","50.10","52.10"
"322","TKM","2001","Female","69.72","69.13","70.15"
"323","HND","2013","Female","71.60","70.97","72.41"
"324","UZB","2014","Male","66.50","66.27","66.82"
"325","GRC","2012","Both sexes","80.23","80.22","80.31"
"326","POL","2000","Both sexes","73.70","73.68","73.77"
"327","EST","2015","Both sexes","77.63","77.50","77.85"
"328","AGO","2006","Male","52.34","51.30","53.28"
"329","RUS","2013","Male","65.05","65.05","65.11"
"330","CAF","2008","Both sexes","48.30","47.26","49.65"
"331","DOM","2005","Male","70.24","69.64","71.00"
"332","PRI","2004","Male","73.93","73.83","74.08"
"333","JPN","2006","Both sexes","82.59","82.54","82.64"
"334","BWA","2001","Male","45.27","43.64","47.14"
"335","SWE","2017","Male","80.50","80.49","80.57"
"336","BRB","2001","Male","73.03","72.83","73.29"
"337","NER","2008","Both sexes","57.32","56.11","58.50"
"338","GHA","2014","Both sexes","63.96","63.41","64.59"
"339","AUT","2012","Both sexes","80.72","80.71","80.80"
"340","PRI","2016","Both sexes","80.24","80.13","80.42"
"341","LBY","2017","Male","71.04","70.31","71.75"
"342","BHS","2000","Female","74.23","74.05","74.51"
"343","BEL","2021","Male","79.29","79.24","79.39"
"344","CMR","2009","Female","57.69","56.91","58.74"
"345","GAB","2011","Both sexes","62.09","61.26","62.93"
"346","MDG","2002","Female","60.45","59.86","61.02"
"347","EST","2017","Male","73.71","73.60","73.89"
"348","SGP","2021","Both sexes","83.86","83.82","83.95"
"349","BIH","2014","Female","79.59","79.52","79.76"
"350","GNQ","2014","Both sexes","61.53","60.02","63.00"
"351","GTM","2004","Male","66.49","66.11","67.00"
"352","CYP","2010","Male","79.11","78.90","79.41"
"353","LBR","2005","Both sexes","57.56","56.84","58.30"
"354","BLZ","2007","Male","70.77","70.54","71.02"
"355","GNB","2021","Both sexes","58.63","57.72","59.79"
"356","SSD","2015","Both sexes","59.28","58.08","60.62"
"357","GNQ","2005","Female","57.41","55.86","59.40"
"358","ZWE","2000","Male","45.07","43.72","46.44"
"359","TJK","2021","Both sexes","71.81","71.17","72.52"
"360","SYC","2005","Female","76.66","76.49","76.93"
"361","TZA","2007","Female","60.43","59.57","61.19"
"362","ARM","2020","Female","76.16","76.02","76.37"
"363","BHR","2021","Both sexes","74.38","74.13","74.72"
"364","MLI","2020","Female","62.26","61.25","63.32"
"365","SLB","2014","Male","62.67","61.75","63.60"
"366","NPL","2021","Female","71.79","71.26","72.48"
"367","BOL","2015","Both sexes","71.95","71.34","72.67"
"368","IRL","2006","Male","76.79","76.76","76.89"
"369","LUX","2009","Female","83.14","83.05","83.30"
"370","STP","2012","Male","68.21","67.59","68.80"
"371","QAT","2001","Both sexes","70.32","69.75","70.83"
"372","USA","2016","Female","80.77","80.72","80.81"
"373","BEL","2002","Female","80.94","80.92","81.03"
"374","MYS","2004","Both sexes","73.82","73.80","73.91"
"375","NPL","2014","Both sexes","70.19","69.52","70.84"
"376","VNM","2006","Male","67.95","67.64","68.36"
"377","LTU","2008","Female","77.44","77.39","77.55"
"378","SRB","2005","Male","70.12","70.01","70.28"
"379","CAF","2019","Both sexes","52.93","51.78","54.20"
"380","BGR","2002","Both sexes","72.11","72.03","72.28"
"381","LTU","2000","Female","77.27","77.21","77.40"
"382","ITA","2007","Female","83.65","83.59","83.70"
"383","JPN","2016","Male","81.29","81.24","81.35"
"384","SDN","2017","Both sexes","69.04","68.16","70.19"
"385","ZAF","2000","Female","59.62","59.37","59.93"
"386","LTU","2009","Male","67.12","67.06","67.24"
"387","ZAF","2006","Female","53.43","53.13","53.81"
"388","ARE","2019","Female","82.29","82.03","82.65"
"389","URY","2008","Male","72.50","72.40","72.66"
"390","VUT","2006","Male","62.39","61.83","63.17"
"391","EGY","2006","Both sexes","69.57","69.21","69.94"
"392","PRI","2005","Both sexes","77.60","77.50","77.76"
"393","URY","2017","Male","73.66","73.62","73.75"
"394","LAO","2008","Female","65.49","64.99","66.22"
"395","LBY","2005","Both sexes","74.01","73.62","74.46"
"396","URY","2000","Female","79.07","79.02","79.19"
"397","SWZ","2014","Both sexes","50.93","49.67","52.56"
"398","POL","2020","Both sexes","76.39","76.38","76.47"
"399","MWI","2013","Male","57.77","56.93","58.46"
"400","MUS","2020","Female","76.99","76.80","77.22"
"401","PAN","2006","Male","73.88","73.60","74.14"
"402","ZWE","2015","Male","55.45","54.64","56.35"
"403","VUT","2002","Female","68.65","68.03","69.32"
"404","TLS","2017","Female","69.80","69.04","70.71"
"405","TGO","2021","Male","61.54","60.58","62.78"
"406","ZWE","2010","Both sexes","51.42","50.63","52.36"
"407","IRL","2004","Female","80.83","80.80","80.93"
"408","AGO","2005","Both sexes","53.35","52.37","54.27"
"409","BDI","2006","Both sexes","54.96","54.06","56.01"
"410","ATG","2010","Female","77.83","77.57","78.17"
"411","BFA","2006","Both sexes","55.98","55.14","56.79"
"412","TJK","2015","Both sexes","72.37","71.91","72.98"
"413","IRN","2010","Male","74.75","74.61","74.97"
"414","AGO","2018","Both sexes","62.27","61.38","63.33"
"415","COL","2015","Male","74.68","74.41","75.05"
"416","AUS","2018","Both sexes","83.02","83.02","83.09"
"417","FSM","2021","Male","62.99","62.06","63.83"
"418","GTM","2009","Both sexes","70.84","70.52","71.26"
"419","KEN","2014","Male","61.21","60.70","61.83"
"420","CZE","2002","Female","78.60","78.56","78.69"
"421","AUS","2010","Male","79.84","79.83","79.91"
"422","AUS","2015","Both sexes","82.29","82.29","82.35"
"423","AUS","2008","Both sexes","81.32","81.32","81.40"
"424","GIN","2014","Male","57.27","56.23","58.24"
"425","HRV","2011","Male","73.95","73.90","74.08"
"426","PNG","2013","Female","66.66","65.99","67.37"
"427","YEM","2013","Female","70.49","69.55","71.25"
"428","EGY","2018","Female","73.97","73.76","74.26"
"429","RWA","2013","Both sexes","66.28","65.53","67.08"
"430","PER","2003","Both sexes","76.35","75.87","76.89"
"431","KGZ","2021","Female","75.76","75.35","76.22"
"432","SOM","2003","Both sexes","49.50","48.30","50.73"
"433","MOZ","2014","Male","52.35","51.59","53.32"
"434","LBR","2018","Female","63.85","62.80","64.90"
"435","TGO","2005","Male","55.02","54.16","55.88"
"436","ISR","2014","Male","79.12","79.10","79.21"
"437","SEN","2016","Female","69.24","68.78","70.08"
"438","RWA","2001","Both sexes","48.33","47.57","49.21"
"439","MNE","2020","Male","72.45","72.29","72.67"
"440","IND","2021","Female","69.02","68.57","69.53"
"441","GNB","2011","Female","58.10","57.28","59.13"
"442","BLZ","2014","Female","76.99","76.79","77.24"
"443","BDI","2009","Male","57.38","56.67","58.04"
"444","TUR","2005","Male","72.49","71.96","72.96"
"445","MMR","2007","Both sexes","62.78","62.11","63.45"
"446","KOR","2013","Female","84.77","84.77","84.84"
"447","NZL","2019","Female","83.43","83.40","83.53"
"448","MDV","2020","Female","77.93","77.70","78.18"
"449","SWZ","2006","Female","43.78","42.39","45.30"
"450","POL","2020","Male","72.43","72.42","72.50"
"451","YEM","2001","Male","62.00","61.08","63.11"
"452","COM","2018","Male","67.09","66.14","68.34"
"453","MWI","2006","Both sexes","50.93","49.95","51.81"
"454","SGP","2018","Male","81.40","81.37","81.49"
"455","MLI","2017","Male","60.57","59.62","61.48"
"456","CHE","2012","Both sexes","82.39","82.38","82.47"
"457","PRY","2011","Female","77.67","77.16","78.27"
"458","KGZ","2011","Both sexes","69.54","69.31","69.86"
"459","SUR","2016","Both sexes","73.09","72.77","73.44"
"460","LKA","2020","Female","83.15","82.01","84.38"
"461","LCA","2009","Male","72.25","71.97","72.54"
"462","SDN","2014","Male","66.92","66.02","68.00"
"463","TON","2011","Male","69.57","68.96","70.20"
"464","LBY","2020","Female","75.04","74.49","75.69"
"465","GRC","2008","Male","77.52","77.51","77.60"
"466","EGY","2019","Female","74.30","74.07","74.56"
"467","CAF","2018","Male","49.39","48.16","50.61"
"468","TLS","2012","Both sexes","67.45","66.49","68.23"
"469","MLT","2002","Male","76.18","76.08","76.34"
"470","MDV","2019","Male","74.41","74.12","74.79"
"471","CRI","2018","Both sexes","80.29","80.21","80.44"
"472","LBR","2020","Female","64.42","63.29","65.78"
"473","BGD","2005","Male","66.09","65.62","66.64"
"474","UGA","2018","Male","62.38","61.66","63.22"
"475","DEU","2004","Male","76.32","76.26","76.38"
"476","CAF","2004","Female","46.91","45.74","48.00"
"477","BDI","2001","Female","48.10","47.25","49.10"
"478","VNM","2021","Both sexes","73.80","73.15","74.45"
"479","LBY","2021","Both sexes","72.18","71.55","72.84"
"480","CYP","2011","Male","79.35","79.15","79.62"
"481","MDG","2019","Male","62.83","61.88","63.96"
"482","ARE","2016","Both sexes","80.78","80.45","81.28"
"483","PRY","2002","Male","72.72","71.96","73.38"
"484","GAB","2016","Female","67.15","66.15","68.19"
"485","LCA","2021","Female","74.47","73.82","75.39"
"486","PRT","2007","Male","75.70","75.69","75.78"
"487","THA","2016","Male","73.56","73.12","74.02"
"488","NOR","2001","Both sexes","78.75","78.73","78.83"
"489","GRD","2017","Female","75.43","75.22","75.76"
"490","MAR","2004","Male","70.32","69.52","71.20"
"491","ARM","2003","Male","68.20","67.99","68.47"
"492","BGD","2008","Male","67.22","66.68","67.75"
"493","COD","2017","Female","62.97","62.11","63.94"
"494","BEL","2000","Male","74.54","74.53","74.62"
"495","COM","2005","Female","65.17","64.18","66.17"
"496","AZE","2004","Both sexes","67.39","66.91","67.96"
"497","SLE","2009","Male","53.31","52.49","54.36"
"498","LKA","2002","Male","69.40","69.32","69.57"
"499","NAM","2010","Both sexes","60.12","58.98","61.05"
"500","LTU","2015","Both sexes","74.37","74.30","74.49"
"501","CYP","2012","Both sexes","81.62","81.43","81.92"
"502","FSM","2005","Both sexes","64.21","63.62","65.00"
"503","BHR","2003","Male","69.87","69.70","70.12"
"504","IRN","2005","Female","76.97","76.77","77.23"
"505","PER","2021","Both sexes","71.67","71.18","72.25"
"506","STP","2016","Both sexes","70.90","70.42","71.44"
"507","OMN","2003","Male","70.32","69.71","71.13"
"508","BLZ","2003","Female","74.73","74.53","74.96"
"509","GIN","2016","Female","61.10","60.11","62.01"
"510","NZL","2018","Both sexes","81.76","81.73","81.84"
"511","ZAF","2001","Both sexes","55.87","55.57","56.21"
"512","NER","2020","Female","61.56","60.46","62.88"
"513","SLV","2014","Male","69.46","69.28","69.71"
"514","CPV","2013","Male","71.34","70.85","71.93"
"515","BLR","2006","Male","63.50","63.43","63.64"
"516","OMN","2000","Male","69.36","68.77","70.12"
"517","BGD","2010","Both sexes","70.06","69.62","70.57"
"518","BGD","2020","Male","71.67","71.03","72.49"
"519","RUS","2007","Male","61.34","61.32","61.39"
"520","TON","2006","Male","69.40","68.96","69.86"
"521","SLV","2006","Female","78.06","77.81","78.36"
"522","SYC","2016","Both sexes","73.07","72.89","73.34"
"523","GBR","2016","Male","79.09","79.03","79.15"
"524","KAZ","2016","Female","76.51","76.39","76.71"
"525","ARE","2007","Both sexes","80.60","80.30","81.01"
"526","GRC","2010","Male","77.93","77.92","78.01"
"527","GTM","2003","Female","72.63","72.32","72.99"
"528","BOL","2003","Male","66.68","66.04","67.43"
"529","PRT","2013","Female","83.52","83.51","83.59"
"530","MNG","2005","Male","61.21","60.82","61.71"
"531","POL","2004","Both sexes","74.77","74.75","74.83"
"532","ZAF","2002","Both sexes","54.32","53.97","54.70"
"533","UZB","2006","Male","61.72","61.29","62.35"
"534","AUT","2010","Both sexes","80.39","80.38","80.47"
"535","SAU","2014","Male","76.62","76.37","76.93"
"536","FIN","2018","Female","83.96","83.93","84.05"
"537","NOR","2014","Both sexes","81.83","81.81","81.92"
"538","LBR","2017","Male","61.94","61.06","63.24"
"539","PAK","2008","Both sexes","63.66","62.92","64.46"
"540","HRV","2005","Male","71.87","71.82","72.00"
"541","PAK","2008","Male","62.91","62.07","63.88"
"542","TON","2016","Male","69.96","69.40","70.61"
"543","SWZ","2010","Female","49.12","47.74","50.54"
"544","DJI","2020","Female","67.23","66.35","68.35"
"545","NGA","2019","Both sexes","63.07","62.00","64.43"
"546","DJI","2011","Male","60.78","59.63","62.21"
"547","ERI","2001","Female","59.76","58.90","60.68"
"548","POL","2013","Both sexes","76.87","76.86","76.93"
"549","BHR","2014","Male","75.06","74.89","75.32"
"550","LKA","2012","Male","72.28","72.23","72.38"
"551","FIN","2005","Both sexes","78.98","78.96","79.07"
"552","KAZ","2013","Female","75.24","75.09","75.51"
"553","WSM","2012","Female","71.66","71.26","72.31"
"554","DNK","2016","Female","82.43","82.40","82.51"
"555","JAM","2011","Male","70.11","69.86","70.42"
"556","GUY","2011","Male","63.06","62.50","63.56"
"557","KAZ","2014","Female","75.78","75.66","75.96"
"558","BRN","2015","Female","77.93","77.71","78.24"
"559","IRQ","2011","Male","68.64","67.67","69.56"
"560","MNG","2001","Male","60.05","59.59","60.65"
"561","QAT","2003","Both sexes","70.56","70.08","71.05"
"562","VNM","2010","Female","76.95","76.55","77.41"
"563","ZAF","2013","Both sexes","62.08","61.81","62.39"
"564","LVA","2002","Female","75.70","75.61","75.85"
"565","MEX","2013","Both sexes","75.93","75.80","76.14"
"566","PRI","2001","Female","80.20","80.11","80.37"
"567","AGO","2006","Female","56.22","55.37","57.35"
"568","GHA","2018","Both sexes","65.52","64.74","66.39"
"569","ROU","2007","Female","76.71","76.66","76.84"
"570","NIC","2021","Female","77.68","77.27","78.18"
"571","BGR","2006","Male","69.15","68.99","69.33"
"572","AZE","2016","Female","76.02","75.78","76.33"
"573","CHE","2015","Both sexes","82.59","82.57","82.69"
"574","LAO","2011","Both sexes","65.04","64.44","65.81"
"575","QAT","2012","Female","77.26","76.77","77.77"
"576","AUT","2005","Both sexes","79.33","79.32","79.41"
"577","MOZ","2014","Female","57.76","57.04","58.64"
"578","SSD","2020","Male","56.62","55.36","58.31"
"579","CUB","2017","Both sexes","77.65","77.62","77.75"
"580","CHN","2014","Both sexes","76.20","75.83","76.66"
"581","BHS","2016","Female","76.09","75.78","76.49"
"582","GEO","2008","Female","76.74","76.57","76.98"
"583","BLR","2004","Female","74.82","74.77","74.95"
"584","GEO","2017","Both sexes","73.50","73.37","73.68"
"585","LSO","2018","Male","48.75","47.83","50.00"
"586","LVA","2021","Both sexes","73.20","73.12","73.34"
"587","LUX","2016","Both sexes","82.56","82.45","82.76"
"588","PNG","2016","Female","67.35","66.78","68.13"
"589","SAU","2006","Both sexes","72.04","71.80","72.38"
"590","GUY","2006","Both sexes","65.30","64.90","65.90"
"591","USA","2021","Female","79.15","79.12","79.25"
"592","LKA","2021","Male","74.16","73.00","75.72"
"593","IRQ","2001","Female","72.21","71.49","73.19"
"594","VNM","2003","Female","76.37","75.91","76.90"
"595","LTU","2021","Female","78.65","78.58","78.78"
"596","KOR","2004","Male","74.47","74.46","74.54"
"597","NGA","2014","Female","63.03","62.18","63.99"
"598","EST","2010","Female","80.42","80.33","80.62"
"599","CHN","2011","Male","72.35","72.00","72.78"
"600","SVK","2004","Both sexes","74.15","74.10","74.27"
"601","IDN","2015","Both sexes","70.54","69.92","71.28"
"602","CUB","2004","Both sexes","77.45","77.40","77.54"
"603","LCA","2000","Female","76.27","76.07","76.53"
"604","GMB","2010","Male","60.62","59.78","61.44"
"605","SLB","2011","Both sexes","64.51","63.65","65.49"
"606","ECU","2003","Male","70.82","70.39","71.19"
"607","QAT","2012","Both sexes","74.99","74.48","75.49"
"608","NAM","2006","Both sexes","54.70","53.91","55.75"
"609","PAK","2012","Both sexes","64.82","63.93","65.79"
"610","KIR","2008","Male","57.93","57.12","58.81"
"611","QAT","2017","Male","78.18","77.66","78.82"
"612","BTN","2021","Female","75.94","75.48","76.66"
"613","PRT","2017","Both sexes","81.15","81.13","81.22"
"614","FRA","2005","Male","76.64","76.58","76.70"
"615","BLZ","2007","Both sexes","73.05","72.88","73.27"
"616","TLS","2014","Both sexes","67.48","66.70","68.43"
"617","ETH","2020","Male","66.93","66.05","67.88"
"618","CHL","2007","Female","81.14","81.13","81.23"
"619","MWI","2014","Both sexes","61.35","60.77","62.07"
"620","FIN","2007","Male","75.83","75.81","75.92"
"621","YEM","2012","Male","66.39","65.51","67.61"
"622","USA","2012","Female","80.91","80.86","80.95"
"623","UKR","2007","Female","73.62","73.55","73.72"
"624","JAM","2021","Both sexes","70.14","69.51","70.94"
"625","LUX","2004","Both sexes","79.26","79.18","79.42"
"626","BGD","2001","Both sexes","65.96","65.46","66.60"
"627","BRA","2011","Female","77.48","77.32","77.68"
"628","BIH","2011","Male","74.34","74.27","74.48"
"629","KAZ","2017","Female","76.89","76.76","77.08"
"630","EST","2019","Both sexes","78.89","78.76","79.13"
"631","MEX","2006","Both sexes","75.34","75.19","75.53"
"632","MWI","2005","Female","50.25","49.31","51.52"
"633","EGY","2003","Male","66.12","65.71","66.57"
"634","MWI","2019","Both sexes","63.23","62.49","64.19"
"635","MOZ","2016","Male","53.60","52.75","54.55"
"636","BRB","2010","Male","74.62","74.41","74.87"
"637","BGD","2003","Male","65.20","64.71","65.76"
"638","ATG","2007","Female","77.77","77.56","78.02"
"639","KOR","2008","Both sexes","79.91","79.91","79.97"
"640","FRA","2005","Female","83.25","83.20","83.31"
"641","SYR","2004","Male","71.87","71.41","72.33"
"642","BLR","2019","Both sexes","74.82","74.79","74.92"
"643","NZL","2000","Female","81.06","81.02","81.14"
"644","PAK","2009","Male","63.14","62.24","64.20"
"645","MUS","2014","Male","70.74","70.61","70.92"
"646","GIN","2009","Both sexes","57.86","57.08","58.84"
"647","CHN","2002","Female","74.05","73.70","74.45"
"648","UGA","2018","Both sexes","65.72","64.96","66.67"
"649","IND","2018","Female","71.95","71.51","72.47"
"650","NLD","2016","Both sexes","81.34","81.34","81.41"
"651","ECU","2008","Female","77.78","77.51","78.17"
"652","IDN","2008","Both sexes","68.84","68.28","69.44"
"653","PRT","2002","Male","73.70","73.69","73.78"
"654","HUN","2012","Male","71.51","71.47","71.59"
"655","CZE","2000","Male","71.62","71.60","71.72"
"656","UGA","2009","Both sexes","59.06","58.30","59.94"
"657","SRB","2020","Both sexes","74.43","74.38","74.55"
"658","TTO","2019","Female","77.54","77.12","78.01"
"659","LVA","2002","Male","64.43","64.34","64.59"
"660","COL","2001","Male","68.75","68.52","69.12"
"661","SRB","2016","Female","78.10","78.08","78.21"
"662","GNB","2020","Male","55.73","55.00","56.79"
"663","BLZ","2017","Female","77.46","77.24","77.75"
"664","CIV","2014","Both sexes","60.07","59.22","60.90"
"665","CIV","2006","Male","53.27","52.56","54.08"
"666","SLE","2014","Male","55.14","53.90","56.28"
"667","IRQ","2001","Both sexes","69.81","69.17","70.63"
"668","GRC","2012","Female","82.63","82.55","82.71"
"669","LAO","2002","Male","57.75","56.99","58.51"
"670","MKD","2020","Male","72.12","71.97","72.30"
"671","PAN","2003","Male","73.28","73.00","73.53"
"672","DZA","2018","Both sexes","76.44","76.10","76.84"
"673","NIC","2004","Female","78.69","78.40","79.02"
"674","GMB","2008","Female","63.28","62.65","64.05"
"675","ERI","2018","Both sexes","63.47","62.59","64.49"
"676","GMB","2010","Female","64.17","63.52","65.04"
"677","ARG","2002","Female","78.01","77.98","78.09"
"678","LVA","2019","Both sexes","75.68","75.60","75.83"
"679","DEU","2003","Both sexes","78.46","78.40","78.52"
"680","TON","2004","Female","74.81","74.37","75.29"
"681","PHL","2014","Male","66.00","65.58","66.49"
"682","MDV","2007","Male","72.25","71.98","72.58"
"683","LTU","2000","Male","66.59","66.52","66.72"
"684","PRY","2006","Both sexes","74.82","74.19","75.50"
"685","CAF","2009","Female","50.83","49.59","52.15"
"686","ETH","2005","Female","57.83","57.13","58.49"
"687","DNK","2011","Both sexes","79.69","79.67","79.77"
"688","ESP","2001","Male","76.02","76.01","76.09"
"689","PHL","2001","Both sexes","69.63","69.19","70.05"
"690","BRA","2003","Female","75.85","75.65","76.14"
"691","ECU","2013","Female","79.08","78.85","79.42"
"692","GNQ","2017","Both sexes","61.21","59.61","62.92"
"693","PRT","2018","Both sexes","81.06","81.04","81.14"
"694","SVN","2012","Both sexes","79.89","79.80","80.05"
"695","BOL","2012","Male","70.15","69.52","71.00"
"696","AUS","2017","Both sexes","82.68","82.68","82.75"
"697","GMB","2021","Female","66.26","65.61","67.19"
"698","IRQ","2011","Both sexes","71.40","70.61","72.30"
"699","LBY","2015","Male","70.21","69.70","70.83"
"700","CPV","2006","Both sexes","73.41","72.73","74.15"
"701","MRT","2018","Female","70.15","69.36","71.02"
"702","SYC","2004","Male","68.14","67.93","68.47"
"703","ISR","2002","Female","80.88","80.87","80.97"
"704","IRQ","2014","Male","66.39","65.58","67.17"
"705","NIC","2006","Male","73.60","73.29","73.94"
"706","GBR","2017","Both sexes","80.92","80.87","80.98"
"707","TON","2002","Both sexes","71.25","70.85","71.72"
"708","PER","2003","Male","75.05","74.60","75.52"
"709","TZA","2008","Male","59.38","58.68","60.26"
"710","DOM","2000","Male","70.50","69.87","71.13"
"711","MRT","2017","Female","69.92","69.09","70.63"
"712","CIV","2013","Male","57.03","56.06","58.13"
"713","CUB","2001","Female","78.70","78.66","78.80"
"714","USA","2005","Female","79.70","79.65","79.75"
"715","BOL","2014","Male","70.76","70.01","71.47"
"716","ARG","2012","Male","72.84","72.82","72.92"
"717","CMR","2008","Male","54.31","53.33","55.21"
"718","PRY","2005","Male","72.42","71.79","73.25"
"719","GAB","2003","Female","59.51","58.50","60.47"
"720","MYS","2009","Both sexes","74.01","74.00","74.10"
"721","SGP","2002","Both sexes","79.34","79.32","79.42"
"722","CIV","2000","Male","49.72","48.77","50.70"
"723","BEN","2010","Male","59.06","58.25","59.90"
"724","NPL","2017","Male","69.02","68.36","69.81"
"725","MMR","2001","Female","62.27","61.53","63.09"
"726","BLZ","2004","Both sexes","72.03","71.84","72.27"
"727","NZL","2016","Female","83.31","83.29","83.39"
"728","LBR","2016","Female","62.77","61.89","63.88"
"729","BDI","2016","Male","61.30","60.27","62.08"
"730","BRA","2010","Both sexes","73.92","73.76","74.15"
"731","HUN","2010","Female","78.33","78.28","78.43"
"732","SVN","2001","Both sexes","76.22","76.12","76.37"
"733","PAK","2002","Male","61.45","60.50","62.43"
"734","RWA","2015","Male","64.91","64.02","65.82"
"735","ISL","2007","Both sexes","81.15","81.04","81.33"
"736","RWA","2014","Both sexes","66.67","65.94","67.43"
"737","SEN","2002","Female","61.43","60.79","62.09"
"738","JOR","2013","Both sexes","77.52","77.23","77.94"
"739","IRQ","2003","Both sexes","68.91","68.09","69.87"
"740","GIN","2000","Both sexes","54.20","53.35","55.00"
"741","NGA","2019","Female","64.51","63.58","65.64"
"742","BRB","2007","Female","77.06","76.88","77.34"
"743","ARM","2015","Both sexes","74.28","74.11","74.53"
"744","SGP","2015","Female","84.92","84.89","85.02"
"745","TUN","2012","Both sexes","76.53","75.72","77.51"
"746","QAT","2002","Female","72.96","72.53","73.39"
"747","CAN","2015","Both sexes","81.65","81.63","81.73"
"748","GAB","2002","Female","59.50","58.53","60.74"
"749","AUT","2020","Male","78.82","78.81","78.90"
"750","COG","2000","Male","51.74","50.72","52.62"
"751","PSE","2008","Female","73.48","73.25","73.79"
"752","SYC","2003","Both sexes","72.03","71.83","72.34"
"753","HUN","2019","Female","79.52","79.48","79.64"
"754","IRN","2017","Female","79.09","79.01","79.25"
"755","GRC","2019","Female","83.01","83.00","83.10"
"756","THA","2005","Both sexes","72.84","72.39","73.31"
"757","GMB","2001","Female","61.35","60.59","62.26"
"758","PRK","2003","Male","66.26","65.77","66.97"
"759","KHM","2020","Male","67.09","66.45","67.90"
"760","SAU","2015","Male","76.36","76.10","76.70"
"761","CIV","2013","Female","62.13","61.35","63.12"
"762","GTM","2002","Female","72.45","72.12","72.87"
"763","AFG","2003","Male","55.95","54.98","56.98"
"764","CYP","2012","Female","83.68","83.53","83.90"
"765","JPN","2015","Female","86.80","86.75","86.85"
"766","ESP","2000","Female","82.48","82.41","82.55"
"767","TJK","2008","Female","70.99","70.62","71.42"
"768","SLV","2011","Male","70.35","70.15","70.60"
"769","ECU","2002","Both sexes","73.17","72.81","73.66"
"770","NPL","2020","Both sexes","70.99","70.35","71.70"
"771","GUY","2005","Male","62.30","61.83","62.92"
"772","KHM","2006","Both sexes","64.39","63.88","65.04"
"773","SLB","2001","Male","61.22","60.41","62.22"
"774","PRY","2016","Female","77.76","77.25","78.35"
"775","TCD","2020","Both sexes","59.21","58.27","60.67"
"776","POL","2018","Male","73.74","73.73","73.80"
"777","KGZ","2019","Male","69.92","69.59","70.27"
"778","SYR","2007","Both sexes","73.62","73.26","74.12"
"779","ZWE","2020","Female","61.48","60.71","62.38"
"780","SVK","2008","Both sexes","74.83","74.78","74.95"
"781","ISR","2001","Both sexes","78.81","78.78","78.90"
"782","WSM","2012","Both sexes","70.27","69.78","70.85"
"783","TUR","2016","Both sexes","76.67","76.34","77.06"
"784","BFA","2008","Female","59.24","58.43","60.19"
"785","TCD","2003","Both sexes","52.11","51.21","53.00"
"786","JPN","2008","Female","85.95","85.90","86.00"
"787","CYP","2004","Both sexes","79.28","79.09","79.57"
"788","AFG","2008","Female","58.35","57.41","59.36"
"789","MLT","2014","Female","83.41","83.29","83.62"
"790","NLD","2010","Both sexes","80.69","80.68","80.76"
"791","MMR","2000","Male","57.02","56.28","58.07"
"792","ARE","2016","Male","80.43","79.97","80.95"
"793","DZA","2012","Male","75.25","74.91","75.59"
"794","PRT","2006","Both sexes","78.74","78.74","78.83"
"795","IRQ","2011","Female","73.97","73.17","75.01"
"796","AUT","2017","Female","83.51","83.50","83.59"
"797","ETH","2004","Both sexes","55.83","55.19","56.54"
"798","QAT","2014","Male","75.91","75.43","76.62"
"799","LCA","2007","Both sexes","75.22","74.98","75.55"
"800","CUB","2015","Female","80.11","80.07","80.22"
"801","PNG","2009","Male","63.82","63.13","64.67"
"802","MDA","2011","Both sexes","69.82","69.64","70.03"
"803","LUX","2005","Female","82.07","82.01","82.24"
"804","SVK","2005","Male","70.19","70.13","70.32"
"805","BHR","2020","Female","76.77","76.51","77.06"
"806","CHN","2000","Female","73.33","73.01","73.77"
"807","PAK","2018","Male","66.00","64.77","67.30"
"808","BRA","2012","Male","70.84","70.65","71.09"
"809","KEN","2015","Female","66.80","66.03","67.62"
"810","GUY","2001","Both sexes","64.67","64.10","65.27"
"811","RWA","2015","Female","68.78","68.10","69.53"
"812","GHA","2003","Both sexes","59.54","58.88","60.15"
"813","SWE","2001","Both sexes","79.67","79.66","79.75"
"814","TTO","2007","Male","69.32","69.00","69.62"
"815","BDI","2013","Both sexes","61.80","61.12","62.62"
"816","PRY","2017","Female","78.17","77.74","78.74"
"817","TTO","2015","Male","71.42","71.19","71.75"
"818","MKD","2005","Male","71.67","71.54","71.88"
"819","CPV","2017","Male","71.99","71.34","72.70"
"820","GRD","2003","Both sexes","70.83","70.64","71.10"
"821","IDN","2006","Male","66.92","66.46","67.52"
"822","CAN","2006","Both sexes","80.37","80.36","80.44"
"823","NZL","2010","Both sexes","80.94","80.92","81.05"
"824","KEN","2018","Female","68.57","67.79","69.32"
"825","PSE","2013","Female","76.02","75.78","76.34"
"826","IRN","2002","Both sexes","74.02","73.73","74.34"
"827","SYR","2011","Male","69.84","69.28","70.61"
"828","CMR","2018","Male","59.47","58.61","60.63"
"829","COM","2002","Both sexes","63.12","62.39","63.93"
"830","GRD","2000","Male","67.93","67.69","68.24"
"831","PRI","2014","Male","76.58","76.50","76.73"
"832","MLT","2018","Both sexes","82.26","82.11","82.49"
"833","LUX","2014","Male","80.11","79.97","80.34"
"834","LSO","2001","Both sexes","47.97","46.58","49.20"
"835","ZAF","2012","Both sexes","60.82","60.56","61.13"
"836","COD","2021","Male","59.43","58.42","60.56"
"837","BRB","2021","Female","78.41","77.94","78.99"
"838","COD","2009","Male","55.19","54.50","56.08"
"839","URY","2021","Male","71.25","71.12","71.41"
"840","MNG","2003","Both sexes","64.45","64.04","64.87"
"841","MNG","2018","Male","66.14","65.70","66.64"
"842","JAM","2009","Female","75.56","75.42","75.76"
"843","TUR","2001","Female","77.75","77.31","78.33"
"844","DEU","2017","Female","82.97","82.92","83.03"
"845","NOR","2009","Female","82.81","82.79","82.90"
"846","BLR","2007","Both sexes","70.20","70.14","70.33"
"847","ARG","2005","Both sexes","75.26","75.23","75.36"
"848","JPN","2017","Female","87.02","86.98","87.07"
"849","ERI","2021","Male","60.91","59.98","61.85"
"850","ISL","2009","Female","83.17","83.05","83.35"
"851","ESP","2008","Both sexes","80.97","80.91","81.04"
"852","GEO","2006","Male","67.35","67.17","67.63"
"853","IRQ","2006","Female","71.98","71.32","72.87"
"854","LUX","2017","Both sexes","82.70","82.60","82.91"
"855","ARG","2011","Female","79.12","79.10","79.20"
"856","EGY","2018","Male","68.81","68.57","69.14"
"857","DZA","2010","Female","75.89","75.69","76.20"
"858","DNK","2010","Both sexes","79.17","79.15","79.26"
"859","BHR","2020","Both sexes","74.85","74.64","75.22"
"860","ERI","2011","Male","57.89","57.09","58.74"
"861","CAN","2011","Both sexes","81.40","81.34","81.47"
"862","GNQ","2008","Female","59.74","58.32","61.36"
"863","IDN","2007","Both sexes","68.64","68.01","69.30"
"864","CAN","2009","Female","82.92","82.92","83.00"
"865","MDA","2004","Both sexes","66.64","66.45","66.86"
"866","PRI","2021","Female","83.51","83.12","84.04"
"867","ISR","2012","Both sexes","81.57","81.56","81.66"
"868","PRK","2004","Male","66.38","65.76","67.03"
"869","VCT","2009","Both sexes","73.56","73.28","73.88"
"870","FJI","2005","Both sexes","67.08","66.84","67.38"
"871","TLS","2015","Female","69.35","68.76","70.10"
"872","LTU","2002","Female","77.24","77.18","77.36"
"873","PNG","2021","Both sexes","65.49","64.56","66.53"
"874","FIN","2019","Female","84.15","84.10","84.26"
"875","DNK","2007","Both sexes","78.30","78.29","78.38"
"876","CHL","2018","Both sexes","80.96","80.94","81.05"
"877","AZE","2016","Male","71.84","71.52","72.25"
"878","DNK","2017","Both sexes","80.94","80.92","81.03"
"879","CIV","2010","Male","55.70","54.80","56.71"
"880","MOZ","2020","Both sexes","58.63","57.70","59.74"
"881","EST","2015","Female","81.74","81.61","81.93"
"882","SVN","2004","Male","73.45","73.37","73.60"
"883","COL","2017","Female","80.38","80.17","80.62"
"884","DNK","2012","Female","81.77","81.75","81.86"
"885","SOM","2014","Both sexes","53.09","51.84","54.44"
"886","ARG","2016","Both sexes","76.12","76.11","76.20"
"887","AZE","2018","Both sexes","75.13","74.89","75.48"
"888","COG","2017","Male","62.48","61.63","63.35"
"889","JAM","2001","Both sexes","72.14","71.88","72.52"
"890","DZA","2010","Male","74.86","74.61","75.23"
"891","CRI","2004","Both sexes","78.68","78.58","78.84"
"892","MUS","2000","Female","74.77","74.61","74.97"
"893","BRB","2018","Male","74.92","74.42","75.50"
"894","AUT","2004","Female","81.75","81.74","81.83"
"895","ZAF","2016","Female","66.86","66.64","67.18"
"896","SVK","2009","Male","71.42","71.37","71.53"
"897","SAU","2009","Both sexes","73.90","73.69","74.18"
"898","BLZ","2019","Both sexes","74.87","74.59","75.23"
"899","RWA","2018","Both sexes","67.63","66.72","68.58"
"900","BRA","2010","Male","70.48","70.27","70.73"
"901","BLR","2006","Female","75.41","75.34","75.52"
"902","TTO","2021","Male","68.41","67.49","69.49"
"903","TGO","2000","Female","58.02","57.11","59.04"
"904","NOR","2018","Female","84.00","83.97","84.09"
"905","IND","2020","Male","68.41","67.94","68.92"
"906","DZA","2008","Both sexes","74.84","74.52","75.22"
"907","VCT","2009","Female","75.77","75.52","76.10"
"908","CRI","2010","Both sexes","79.51","79.42","79.66"
"909","HND","2000","Female","70.83","70.03","71.60"
"910","COM","2009","Both sexes","65.01","64.30","65.94"
"911","SYR","2018","Male","58.68","57.93","59.56"
"912","SLB","2006","Female","66.53","65.74","67.34"
"913","EGY","2001","Male","66.11","65.76","66.54"
"914","TCD","2009","Male","53.77","52.87","54.65"
"915","SUR","2011","Male","70.10","69.74","70.42"
"916","ESP","2021","Both sexes","82.66","82.65","82.73"
"917","CAF","2016","Female","54.20","52.95","55.62"
"918","CHL","2016","Both sexes","80.46","80.44","80.54"
"919","BHR","2011","Female","75.21","75.05","75.39"
"920","SAU","2005","Female","73.12","72.81","73.48"
"921","MAR","2020","Female","73.87","73.33","74.43"
"922","WSM","2004","Female","72.08","71.57","72.73"
"923","JOR","2014","Male","78.39","77.98","78.89"
"924","URY","2015","Both sexes","77.10","77.05","77.20"
"925","DNK","2020","Female","83.16","83.14","83.26"
"926","PRI","2020","Male","76.14","76.05","76.31"
"927","JOR","2009","Female","76.56","76.25","76.91"
"928","TUR","2012","Male","73.77","73.35","74.19"
"929","BRA","2003","Both sexes","72.30","72.03","72.59"
"930","FJI","2006","Both sexes","67.08","66.83","67.36"
"931","NIC","2020","Male","71.71","71.40","72.08"
"932","IRQ","2003","Male","65.69","64.89","66.63"
"933","BGD","2017","Male","72.08","71.46","72.89"
"934","FSM","2001","Both sexes","63.82","63.18","64.50"
"935","NGA","2018","Male","61.26","60.11","62.42"
"936","KEN","2007","Both sexes","58.55","57.74","59.23"
"937","ATG","2016","Both sexes","75.55","75.26","75.85"
"938","BWA","2005","Male","50.85","49.65","52.21"
"939","CYP","2004","Female","81.51","81.34","81.77"
"940","TUN","2013","Female","79.11","78.49","79.95"
"941","FRA","2012","Female","84.53","84.47","84.59"
"942","ESP","2016","Male","80.04","79.98","80.10"
"943","JAM","2011","Both sexes","72.86","72.69","73.11"
"944","SVK","2020","Male","73.48","73.44","73.61"
"945","SUR","2000","Both sexes","70.56","70.22","71.00"
"946","UZB","2009","Both sexes","66.28","65.97","66.60"
"947","NZL","2018","Female","83.36","83.32","83.45"
"948","ECU","2017","Both sexes","77.31","76.99","77.72"
"949","TTO","2018","Male","70.59","70.33","70.87"
"950","NZL","2003","Both sexes","79.06","79.02","79.15"
"951","IND","2018","Male","68.88","68.35","69.47"
"952","ALB","2013","Both sexes","77.77","77.32","78.31"
"953","LSO","2014","Male","46.03","44.89","47.38"
"954","EST","2001","Female","76.47","76.37","76.63"
"955","CHL","2005","Both sexes","78.00","77.99","78.08"
"956","RUS","2011","Both sexes","69.77","69.76","69.83"
"957","HTI","2005","Both sexes","58.64","57.84","59.58"
"958","TUR","2021","Male","72.54","72.08","73.08"
"959","BEN","2020","Both sexes","64.40","63.58","65.43"
"960","GRC","2000","Male","75.97","75.96","76.06"
"961","BFA","2005","Both sexes","55.20","54.36","55.98"
"962","KGZ","2000","Both sexes","65.93","65.58","66.43"
"963","CYP","2010","Both sexes","81.18","80.99","81.45"
"964","NLD","2010","Female","82.50","82.48","82.58"
"965","TON","2021","Both sexes","72.72","72.07","73.52"
"966","DNK","2013","Both sexes","80.16","80.14","80.26"
"967","FJI","2012","Male","65.57","65.15","66.02"
"968","SLB","2013","Male","62.55","61.57","63.58"
"969","ATG","2018","Male","74.02","73.80","74.42"
"970","LBN","2018","Both sexes","79.37","79.03","79.82"
"971","SAU","2019","Male","76.45","76.15","76.84"
"972","GNB","2003","Both sexes","51.44","50.61","52.39"
"973","ITA","2004","Male","77.70","77.64","77.75"
"974","MNE","2004","Both sexes","73.74","73.59","73.94"
"975","DOM","2004","Male","70.19","69.60","70.81"
"976","ERI","2000","Male","51.25","50.37","52.24"
"977","KGZ","2000","Female","69.38","69.01","69.83"
"978","ISR","2017","Female","84.24","84.22","84.32"
"979","PNG","2018","Male","65.45","64.70","66.23"
"980","LAO","2009","Female","66.14","65.60","66.81"
"981","SAU","2004","Female","72.93","72.60","73.33"
"982","COM","2018","Both sexes","68.20","67.20","69.20"
"983","SAU","2013","Both sexes","77.33","77.11","77.64"
"984","CHN","2019","Both sexes","77.31","76.75","77.92"
"985","GRC","2011","Male","77.96","77.96","78.05"
"986","BWA","2000","Both sexes","47.16","45.28","49.06"
"987","PRI","2006","Male","74.28","74.20","74.42"
"988","VEN","2006","Both sexes","74.69","74.62","74.81"
"989","IRQ","2005","Male","65.08","64.20","65.97"
"990","TZA","2012","Male","61.69","60.92","62.52"
"991","MDV","2010","Female","76.63","76.42","76.94"
"992","PNG","2012","Male","64.17","63.32","64.99"
"993","AGO","2005","Female","55.17","54.32","56.15"
"994","GAB","2013","Both sexes","63.25","62.44","64.15"
"995","CZE","2019","Male","76.30","76.26","76.40"
"996","CHE","2018","Male","81.53","81.51","81.60"
"997","POL","2021","Female","79.40","79.38","79.48"
"998","SLB","2018","Female","68.18","67.24","69.10"
"999","ZAF","2003","Both sexes","52.93","52.54","53.33"
"1000","BHS","2012","Male","69.53","69.27","69.87"
"1001","GAB","2001","Male","56.26","55.60","56.98"
"1002","CUB","2014","Both sexes","78.14","78.11","78.24"
"1003","TON","2005","Both sexes","71.97","71.48","72.44"
"1004","AUT","2011","Female","83.28","83.27","83.36"
"1005","MYS","2021","Male","70.64","70.43","70.90"
"1006","SVK","2015","Female","80.02","79.98","80.15"
"1007","GEO","2003","Female","74.19","73.99","74.47"
"1008","TKM","2007","Male","62.30","61.94","62.73"
"1009","LKA","2008","Both sexes","73.14","73.08","73.25"
"1010","MAR","2012","Female","73.51","72.89","74.20"
"1011","MRT","2010","Both sexes","68.45","67.85","69.20"
"1012","VEN","2009","Female","79.04","78.99","79.15"
"1013","JAM","2001","Male","69.94","69.66","70.27"
"1014","KIR","2014","Female","64.81","63.94","65.65"
"1015","TGO","2004","Female","58.73","57.74","59.59"
"1016","VUT","2000","Male","62.03","61.35","62.87"
"1017","SWZ","2007","Female","45.08","43.81","46.92"
"1018","GHA","2010","Both sexes","61.97","61.30","62.58"
"1019","BLR","2003","Female","74.52","74.45","74.64"
"1020","MOZ","2004","Male","49.80","49.10","50.60"
"1021","HTI","2008","Female","60.03","59.18","61.03"
"1022","FRA","2004","Female","83.27","83.22","83.33"
"1023","UGA","2000","Male","47.08","46.19","47.90"
"1024","ATG","2013","Female","77.54","77.29","77.95"
"1025","PHL","2021","Male","63.40","62.81","64.10"
"1026","VNM","2019","Both sexes","73.71","73.17","74.38"
"1027","DEU","2021","Female","82.86","82.86","82.92"
"1028","TUN","2019","Female","79.99","79.28","80.73"
"1029","IDN","2013","Male","68.32","67.64","69.01"
"1030","SOM","2004","Both sexes","49.45","48.24","50.46"
"1031","ESP","2018","Male","80.15","80.10","80.21"
"1032","SAU","2005","Both sexes","71.82","71.50","72.17"
"1033","CYP","2018","Both sexes","82.06","81.87","82.33"
"1034","LBN","2012","Male","75.63","75.35","76.03"
"1035","FIN","2006","Female","82.62","82.59","82.72"
"1036","KIR","2000","Both sexes","60.08","59.39","60.92"
"1037","BHS","2000","Both sexes","70.97","70.74","71.29"
"1038","TCD","2005","Both sexes","52.95","52.08","53.91"
"1039","GHA","2011","Female","65.04","64.48","65.69"
"1040","IRQ","2020","Female","73.83","73.34","74.43"
"1041","FIN","2003","Both sexes","78.41","78.39","78.51"
"1042","TJK","2001","Female","68.47","68.04","69.10"
"1043","PSE","2020","Both sexes","75.13","74.76","75.64"
"1044","LVA","2014","Both sexes","74.44","74.35","74.57"
"1045","ESP","2020","Both sexes","81.92","81.86","81.99"
"1046","MDA","2004","Female","70.78","70.61","70.99"
"1047","ALB","2015","Male","76.02","75.59","76.47"
"1048","MDA","2017","Both sexes","72.86","72.68","73.12"
"1049","ECU","2013","Male","73.80","73.39","74.22"
"1050","SLE","2009","Both sexes","54.19","53.30","54.96"
"1051","AFG","2011","Male","59.12","58.19","60.41"
"1052","TUR","2010","Female","79.36","78.99","79.82"
"1053","MUS","2006","Both sexes","72.38","72.24","72.57"
"1054","QAT","2020","Female","78.78","78.29","79.30"
"1055","PRY","2020","Both sexes","75.25","74.60","75.99"
"1056","MYS","2011","Male","72.28","71.93","72.64"
"1057","MDA","2019","Both sexes","73.32","73.01","73.65"
"1058","LCA","2015","Male","72.84","72.44","73.25"
"1059","PNG","2009","Female","65.58","64.92","66.29"
"1060","JOR","2005","Male","75.82","75.20","76.32"
"1061","SVK","2010","Female","79.14","79.10","79.26"
"1062","JOR","2021","Female","76.98","76.66","77.51"
"1063","JPN","2004","Female","85.58","85.53","85.63"
"1064","TGO","2001","Both sexes","56.11","55.31","56.99"
"1065","LAO","2005","Male","59.32","58.60","60.07"
"1066","LBN","2002","Female","77.83","77.48","78.23"
"1067","MEX","2015","Both sexes","75.94","75.80","76.13"
"1068","TUN","2005","Male","72.94","72.26","73.77"
"1069","NGA","2007","Male","56.88","55.90","57.85"
"1070","SVK","2007","Both sexes","74.47","74.41","74.59"
"1071","IDN","2018","Female","73.00","72.40","73.77"
"1072","MWI","2006","Male","49.71","48.91","50.66"
"1073","DZA","2018","Male","76.13","75.76","76.66"
"1074","POL","2014","Male","73.57","73.57","73.63"
"1075","COM","2020","Both sexes","68.31","67.50","69.30"
"1076","LBN","2001","Female","77.41","77.12","77.80"
"1077","SUR","2011","Both sexes","73.12","72.85","73.45"
"1078","MAR","2021","Male","71.54","70.99","72.16"
"1079","ALB","2001","Female","79.25","78.90","79.67"
"1080","TTO","2003","Male","68.02","67.69","68.35"
"1081","COL","2005","Both sexes","74.44","74.15","74.83"
"1082","CZE","2006","Both sexes","76.61","76.57","76.71"
"1083","BWA","2006","Female","58.06","56.40","59.90"
"1084","COD","2013","Both sexes","58.90","58.10","59.86"
"1085","MRT","2007","Male","67.38","66.67","68.15"
"1086","KHM","2016","Female","71.57","71.04","72.30"
"1087","DOM","2012","Female","76.79","76.26","77.37"
"1088","USA","2008","Female","80.28","80.24","80.33"
"1089","IRQ","2013","Female","74.31","73.59","75.17"
"1090","NLD","2007","Male","77.99","77.98","78.07"
"1091","ATG","2004","Female","77.40","77.18","77.70"
"1092","SRB","2005","Female","75.43","75.37","75.58"
"1093","PAK","2001","Male","61.23","60.48","61.98"
"1094","ROU","2020","Male","70.30","70.26","70.39"
"1095","NZL","2003","Female","81.15","81.13","81.25"
"1096","URY","2008","Both sexes","76.39","76.31","76.54"
"1097","PRI","2000","Both sexes","76.25","76.16","76.39"
"1098","ARM","2018","Both sexes","75.62","75.50","75.85"
"1099","PSE","2002","Female","73.09","72.80","73.49"
"1100","IND","2009","Female","68.81","68.32","69.49"
"1101","ZMB","2008","Male","53.12","52.13","54.14"
"1102","CHE","2018","Female","84.96","84.93","85.04"
"1103","SYC","2014","Both sexes","73.24","73.05","73.50"
"1104","MLI","2007","Male","57.32","56.47","58.14"
"1105","CUB","2009","Both sexes","78.02","77.98","78.13"
"1106","LKA","2019","Female","80.33","79.70","81.21"
"1107","MKD","2014","Male","73.23","73.11","73.39"
"1108","CHL","2016","Female","82.88","82.86","82.97"
"1109","KEN","2011","Female","64.12","63.46","64.84"
"1110","LVA","2002","Both sexes","70.11","70.01","70.26"
"1111","IND","2020","Both sexes","70.19","69.71","70.64"
"1112","CIV","2001","Both sexes","51.50","50.60","52.59"
"1113","PRK","2019","Male","69.34","68.68","70.14"
"1114","HUN","2007","Female","77.53","77.51","77.65"
"1115","SWE","2006","Male","78.59","78.59","78.68"
"1116","SLV","2021","Both sexes","71.67","71.16","72.27"
"1117","AZE","2013","Both sexes","72.09","71.76","72.53"
"1118","JOR","2020","Both sexes","77.56","77.09","78.08"
"1119","KGZ","2020","Male","67.84","67.47","68.39"
"1120","SYR","2013","Female","70.03","69.33","70.82"
"1121","VUT","2016","Male","63.91","63.52","64.39"
"1122","SVK","2013","Both sexes","76.48","76.43","76.57"
"1123","BWA","2006","Both sexes","54.89","53.51","56.43"
"1124","BRB","2014","Male","75.08","74.80","75.46"
"1125","IRL","2002","Male","74.87","74.83","74.99"
"1126","CAN","2003","Male","77.16","77.15","77.23"
"1127","URY","2016","Both sexes","76.85","76.80","76.97"
"1128","GUY","2006","Male","62.51","61.93","63.05"
"1129","MDV","2008","Both sexes","74.09","73.88","74.46"
"1130","BGD","2008","Both sexes","69.03","68.57","69.52"
"1131","MRT","2000","Female","62.91","62.24","63.52"
"1132","LSO","2006","Male","41.35","40.29","42.59"
"1133","TCD","2006","Both sexes","53.09","52.18","54.02"
"1134","STP","2004","Female","66.66","66.09","67.34"
"1135","MYS","2000","Female","75.48","75.44","75.60"
"1136","AGO","2000","Female","51.86","50.90","53.05"
"1137","NER","2010","Female","59.08","58.05","60.15"
"1138","COG","2012","Female","61.44","60.63","62.27"
"1139","BWA","2010","Female","59.41","57.87","60.85"
"1140","USA","2000","Both sexes","76.66","76.61","76.70"
"1141","LTU","2005","Female","77.17","77.12","77.29"
"1142","BWA","2013","Female","62.50","61.39","63.77"
"1143","BDI","2001","Both sexes","45.56","44.66","46.47"
"1144","GTM","2011","Female","74.54","74.28","74.88"
"1145","CHE","2021","Male","81.48","81.45","81.57"
"1146","AUT","2002","Male","75.72","75.70","75.81"
"1147","MUS","2008","Both sexes","72.87","72.77","73.06"
"1148","MDG","2011","Female","63.85","63.22","64.59"
"1149","SYC","2000","Male","67.89","67.71","68.18"
"1150","HUN","2000","Male","67.11","67.06","67.20"
"1151","RWA","2017","Male","65.36","64.41","66.20"
"1152","TCD","2016","Female","59.76","58.96","60.73"
"1153","SLB","2008","Female","66.77","65.99","67.64"
"1154","ARE","2000","Both sexes","78.12","77.75","78.60"
"1155","KGZ","2005","Both sexes","67.04","66.74","67.39"
"1156","SYC","2002","Both sexes","72.12","71.92","72.39"
"1157","BEL","2012","Both sexes","80.07","80.06","80.15"
"1158","ZMB","2004","Female","49.98","48.94","51.19"
"1159","LAO","2015","Male","64.66","63.92","65.46"
"1160","LSO","2013","Male","46.25","45.05","47.57"
"1161","MDG","2021","Male","61.86","60.78","62.82"
"1162","NLD","2003","Both sexes","78.53","78.52","78.60"
"1163","GUY","2007","Both sexes","65.67","65.27","66.22"
"1164","GNB","2006","Female","54.89","54.00","55.59"
"1165","GNQ","2019","Male","59.88","58.53","61.44"
"1166","MYS","2017","Male","72.68","72.65","72.78"
"1167","ZWE","2012","Female","57.12","56.25","58.13"
"1168","BTN","2006","Male","69.18","68.68","69.89"
"1169","NGA","2011","Both sexes","60.20","59.24","61.26"
"1170","PER","2015","Female","81.95","81.56","82.43"
"1171","GRC","2005","Male","76.99","76.97","77.06"
"1172","ITA","2015","Both sexes","82.20","82.15","82.26"
"1173","HTI","2016","Female","63.11","62.16","64.23"
"1174","ARG","2004","Male","71.48","71.43","71.57"
"1175","SWZ","2014","Male","48.09","47.03","49.35"
"1176","MDA","2000","Both sexes","65.66","65.43","65.99"
"1177","UZB","2008","Male","63.04","62.60","63.58"
"1178","KIR","2006","Female","64.54","63.76","65.39"
"1179","BWA","2004","Female","52.82","50.97","54.56"
"1180","GUY","2016","Female","70.91","70.20","71.59"
"1181","MLI","2011","Female","59.38","58.66","60.29"
"1182","AFG","2012","Male","59.42","58.22","60.41"
"1183","SEN","2001","Both sexes","59.29","58.73","59.96"
"1184","CIV","2002","Female","53.80","52.63","54.93"
"1185","PAN","2012","Both sexes","77.45","77.27","77.69"
"1186","IRQ","2018","Male","70.42","69.50","71.35"
"1187","AGO","2008","Female","58.24","57.44","59.20"
"1188","BGR","2015","Female","78.04","77.95","78.19"
"1189","PRY","2016","Male","72.12","71.57","72.82"
"1190","MLT","2003","Both sexes","78.68","78.58","78.87"
"1191","GRC","2021","Female","81.95","81.89","82.05"
"1192","EST","2009","Both sexes","75.04","74.93","75.22"
"1193","MAR","2000","Both sexes","70.19","69.63","70.99"
"1194","SVK","2001","Both sexes","73.45","73.39","73.58"
"1195","PAN","2019","Female","81.86","81.69","82.12"
"1196","NPL","2020","Female","72.99","72.36","73.71"
"1197","GNQ","2002","Both sexes","55.47","54.00","57.00"
"1198","UKR","2009","Female","74.69","74.64","74.78"
"1199","NGA","2011","Male","58.83","57.83","60.06"
"1200","VNM","2014","Female","77.40","76.89","78.03"
"1201","LCA","2017","Both sexes","76.14","75.70","76.57"
"1202","MMR","2009","Both sexes","63.99","63.32","64.60"
"1203","SRB","2013","Female","77.79","77.74","77.90"
"1204","DZA","2000","Both sexes","72.47","72.05","73.01"
"1205","JPN","2012","Male","80.28","80.22","80.33"
"1206","EGY","2008","Male","67.12","66.77","67.42"
"1207","TUN","2018","Female","79.76","79.07","80.58"
"1208","SLB","2007","Both sexes","63.77","62.99","64.64"
"1209","HND","2006","Male","69.93","68.93","70.96"
"1210","LBN","2017","Female","81.32","80.93","81.80"
"1211","BGD","2014","Female","74.01","73.53","74.50"
"1212","AUT","2017","Both sexes","81.39","81.37","81.46"
"1213","PRY","2019","Male","72.18","71.56","73.00"
"1214","PSE","2006","Female","73.50","73.26","73.88"
"1215","LKA","2003","Female","77.58","77.50","77.72"
"1216","ALB","2016","Both sexes","77.88","77.67","78.21"
"1217","BWA","2018","Female","66.60","65.35","68.10"
"1218","GAB","2011","Male","60.36","59.59","61.12"
"1219","SLE","2013","Female","57.88","56.98","58.91"
"1220","CZE","2014","Female","81.62","81.59","81.74"
"1221","TLS","2009","Both sexes","66.64","65.82","67.60"
"1222","DNK","2020","Male","79.56","79.54","79.65"
"1223","SWZ","2002","Both sexes","43.64","41.90","45.63"
"1224","GNQ","2007","Both sexes","58.63","57.29","60.39"
"1225","CAN","2009","Both sexes","80.88","80.88","80.95"
"1226","ISR","2007","Both sexes","80.12","80.10","80.21"
"1227","NLD","2013","Both sexes","81.12","81.11","81.20"
"1228","IND","2009","Both sexes","67.05","66.59","67.58"
"1229","MUS","2018","Male","70.86","70.70","71.03"
"1230","PAK","2017","Male","65.63","64.51","66.73"
"1231","GUY","2014","Female","69.97","69.50","70.50"
"1232","MYS","2020","Female","78.61","78.58","78.72"
"1233","DJI","2005","Male","58.50","57.36","59.75"
"1234","GRC","2019","Male","78.80","78.77","78.89"
"1235","PAN","2019","Male","76.20","75.95","76.48"
"1236","DEU","2008","Female","82.26","82.21","82.32"
"1237","STP","2020","Female","73.06","72.64","73.63"
"1238","ATG","2008","Both sexes","75.06","74.83","75.37"
"1239","DOM","2013","Female","76.65","76.15","77.23"
"1240","GIN","2015","Male","57.83","56.82","58.78"
"1241","TLS","2019","Both sexes","68.50","67.72","69.42"
"1242","GMB","2011","Both sexes","62.85","62.13","63.63"
"1243","RUS","2014","Male","65.04","65.04","65.10"
"1244","LSO","2015","Male","46.29","45.25","47.44"
"1245","HTI","2015","Both sexes","62.51","61.62","63.60"
"1246","AZE","2015","Both sexes","73.63","73.33","74.05"
"1247","AFG","2012","Both sexes","59.92","58.92","61.06"
"1248","THA","2005","Female","76.31","76.01","76.66"
"1249","IND","2014","Male","67.35","66.96","67.80"
"1250","GNQ","2010","Female","59.32","57.84","60.98"
"1251","OMN","2010","Male","70.68","70.29","71.10"
"1252","CIV","2003","Male","50.80","49.84","51.72"
"1253","KOR","2019","Male","80.56","80.49","80.63"
"1254","MKD","2005","Both sexes","73.74","73.60","73.97"
"1255","ROU","2013","Male","71.52","71.47","71.63"
"1256","PRI","2021","Both sexes","79.90","79.46","80.50"
"1257","IRN","2004","Female","76.58","76.34","76.89"
"1258","FSM","2016","Male","62.86","61.99","63.78"
"1259","LUX","2011","Female","83.48","83.38","83.65"
"1260","ECU","2019","Female","80.23","79.92","80.68"
"1261","PSE","2004","Female","73.47","73.19","73.84"
"1262","JOR","2018","Both sexes","79.63","79.23","80.19"
"1263","MUS","2010","Male","69.93","69.76","70.12"
"1264","MYS","2012","Female","76.74","76.73","76.83"
"1265","SEN","2009","Male","63.43","62.83","63.96"
"1266","FJI","2017","Female","70.07","69.53","71.03"
"1267","TLS","2002","Both sexes","63.92","63.20","64.69"
"1268","ESP","2012","Female","84.71","84.65","84.77"
"1269","NER","2019","Both sexes","60.57","59.34","61.81"
"1270","MMR","2000","Female","61.87","60.94","62.86"
"1271","MNG","2015","Female","73.60","73.33","73.98"
"1272","BEL","2003","Female","80.88","80.87","80.96"
"1273","LVA","2001","Both sexes","69.81","69.72","69.97"
"1274","MWI","2002","Female","46.89","45.60","48.22"
"1275","UGA","2005","Male","52.63","51.98","53.42"
"1276","ECU","2009","Male","71.89","71.43","72.31"
"1277","MOZ","2017","Both sexes","57.33","56.39","58.30"
"1278","IRN","2000","Female","75.22","74.89","75.62"
"1279","TON","2009","Both sexes","70.18","69.72","70.77"
"1280","CRI","2013","Female","82.96","82.86","83.11"
"1281","UGA","2001","Female","51.54","50.68","52.64"
"1282","PER","2009","Both sexes","78.12","77.71","78.67"
"1283","DZA","2008","Female","75.55","75.22","75.85"
"1284","NAM","2020","Female","67.11","66.02","68.19"
"1285","KHM","2010","Male","63.81","63.28","64.45"
"1286","KIR","2010","Both sexes","61.36","60.57","62.23"
"1287","ZMB","2006","Male","50.00","49.22","50.91"
"1288","BFA","2019","Female","65.06","64.27","65.84"
"1289","MNE","2002","Female","75.77","75.63","75.97"
"1290","BLR","2005","Both sexes","68.70","68.61","68.82"
"1291","SVK","2003","Male","69.80","69.74","69.89"
"1292","DNK","2009","Both sexes","78.88","78.86","78.96"
"1293","TCD","2001","Male","50.07","49.21","51.21"
"1294","GTM","2009","Male","67.64","67.24","68.04"
"1295","BWA","2017","Both sexes","64.01","62.91","65.37"
"1296","KIR","2004","Both sexes","60.91","60.22","61.88"
"1297","ECU","2006","Male","70.93","70.54","71.43"
"1298","NAM","2013","Female","65.16","64.21","66.27"
"1299","DEU","2005","Female","81.72","81.65","81.78"
"1300","TZA","2009","Both sexes","61.04","60.28","61.76"
"1301","COG","2006","Male","57.89","57.11","58.70"
"1302","KIR","2021","Both sexes","60.87","59.91","61.85"
"1303","NER","2010","Both sexes","58.29","57.30","59.34"
"1304","MDV","2015","Both sexes","77.25","77.02","77.63"
"1305","SLB","2010","Female","67.07","66.33","67.94"
"1306","HRV","2018","Male","75.24","75.18","75.37"
"1307","THA","2012","Male","72.90","72.40","73.44"
"1308","NPL","2004","Female","69.04","68.61","69.61"
"1309","ARM","2021","Male","68.60","68.25","68.96"
"1310","PAK","2021","Both sexes","65.99","65.04","67.07"
"1311","POL","2011","Male","72.42","72.42","72.48"
"1312","COM","2017","Female","69.02","68.15","69.80"
"1313","IDN","2009","Female","70.68","70.29","71.31"
"1314","JAM","2013","Male","72.33","72.04","72.63"
"1315","TUN","2014","Male","74.32","73.54","75.10"
"1316","USA","2016","Male","76.37","76.33","76.42"
"1317","BGD","2021","Both sexes","73.10","72.42","73.83"
"1318","SEN","2014","Female","68.45","67.92","69.19"
"1319","TZA","2011","Male","60.86","60.13","61.63"
"1320","MLT","2012","Female","82.98","82.86","83.19"
"1321","COD","2021","Female","63.91","62.92","64.77"
"1322","LSO","2009","Female","49.96","48.66","51.30"
"1323","GBR","2003","Female","80.22","80.16","80.28"
"1324","MRT","2002","Male","64.40","63.71","65.13"
"1325","ESP","2021","Male","79.99","79.98","80.05"
"1326","BHS","2006","Male","69.36","69.07","69.69"
"1327","ETH","2001","Female","53.43","52.75","53.97"
"1328","TJK","2000","Female","67.96","67.36","68.67"
"1329","SOM","2002","Female","51.72","50.78","52.80"
"1330","SUR","2016","Female","76.07","75.78","76.41"
"1331","HRV","2015","Male","74.55","74.49","74.68"
"1332","STP","2014","Both sexes","70.26","69.84","70.86"
"1333","CAN","2008","Both sexes","80.56","80.56","80.63"
"1334","LAO","2015","Both sexes","66.87","66.22","67.74"
"1335","IDN","2020","Both sexes","69.70","69.05","70.52"
"1336","AFG","2014","Male","59.66","58.77","60.66"
"1337","GTM","2019","Female","75.20","74.98","75.45"
"1338","MDA","2013","Male","67.30","67.14","67.56"
"1339","NAM","2002","Male","49.97","49.07","51.00"
"1340","UGA","2004","Female","55.16","54.33","55.98"
"1341","GHA","2009","Female","63.78","63.19","64.52"
"1342","CAF","2001","Female","45.69","44.44","47.25"
"1343","KGZ","2017","Female","76.40","76.23","76.63"
"1344","DJI","2002","Both sexes","59.49","58.28","60.69"
"1345","LSO","2017","Both sexes","51.05","49.87","52.32"
"1346","MRT","2014","Both sexes","69.29","68.69","70.02"
"1347","SOM","2015","Male","51.27","49.89","53.24"
"1348","LSO","2008","Male","44.07","42.87","45.32"
"1349","SGP","2011","Male","79.76","79.74","79.86"
"1350","SVN","2016","Female","83.68","83.54","83.84"
"1351","DZA","2001","Male","71.63","71.03","72.22"
"1352","DJI","2016","Both sexes","64.34","63.30","65.65"
"1353","NIC","2015","Female","80.70","80.49","80.94"
"1354","DOM","2008","Male","70.72","69.89","71.67"
"1355","GEO","2007","Male","67.93","67.67","68.14"
"1356","SLV","2014","Both sexes","73.86","73.70","74.08"
"1357","BHS","2001","Female","74.51","74.27","74.85"
"1358","TUR","2007","Both sexes","76.71","76.30","77.22"
"1359","KIR","2016","Both sexes","61.76","60.72","62.69"
"1360","ESP","2002","Male","76.16","76.09","76.22"
"1361","HUN","2006","Female","77.55","77.52","77.65"
"1362","MNE","2013","Both sexes","76.36","76.23","76.57"
"1363","CAN","2014","Male","79.65","79.64","79.74"
"1364","IRN","2011","Female","78.76","78.62","78.99"
"1365","TUN","2017","Male","74.61","73.87","75.56"
"1366","SSD","2002","Both sexes","53.72","52.50","55.04"
"1367","NAM","2021","Both sexes","60.36","59.60","61.39"
"1368","KAZ","2021","Female","73.94","73.73","74.19"
"1369","SRB","2004","Both sexes","72.65","72.57","72.80"
"1370","UZB","2017","Both sexes","70.40","70.15","70.74"
"1371","BWA","2019","Both sexes","64.92","63.62","66.25"
"1372","MUS","2001","Male","68.12","67.97","68.34"
"1373","SUR","2008","Male","69.24","68.92","69.64"
"1374","GUY","2021","Both sexes","66.08","65.16","67.36"
"1375","SSD","2010","Male","57.02","55.87","58.30"
"1376","ESP","2012","Both sexes","81.96","81.90","82.02"
"1377","GMB","2016","Female","66.05","65.25","67.03"
"1378","ZWE","2016","Male","55.80","54.99","56.69"
"1379","PER","2018","Male","77.51","76.99","78.11"
"1380","TZA","2020","Female","69.13","68.48","69.81"
"1381","LAO","2005","Both sexes","61.35","60.69","62.07"
"1382","DJI","2019","Female","67.27","66.22","68.45"
"1383","TKM","2014","Both sexes","68.92","68.51","69.32"
"1384","SOM","2007","Male","47.70","46.51","49.37"
"1385","SVN","2015","Female","83.30","83.20","83.50"
"1386","JAM","2015","Male","69.69","69.38","70.21"
"1387","JPN","2005","Female","85.48","85.43","85.53"
"1388","NGA","2019","Male","61.68","60.32","62.99"
"1389","BHR","2001","Both sexes","70.37","70.20","70.63"
"1390","RWA","2009","Male","60.80","60.02","61.53"
"1391","DZA","2013","Both sexes","75.79","75.55","76.10"
"1392","IRQ","2012","Female","74.26","73.53","75.04"
"1393","MLT","2019","Male","80.31","80.17","80.54"
"1394","KAZ","2015","Female","76.21","76.10","76.41"
"1395","BIH","2004","Both sexes","76.63","76.54","76.79"
"1396","SSD","2006","Female","58.02","56.52","59.35"
"1397","MEX","2018","Female","78.93","78.80","79.13"
"1398","LBN","2012","Both sexes","78.06","77.80","78.46"
"1399","GAB","2008","Male","59.28","58.47","60.27"
"1400","TON","2008","Female","74.85","74.30","75.38"
"1401","PRT","2005","Male","74.68","74.67","74.77"
"1402","CHL","2020","Male","77.32","77.29","77.42"
"1403","VNM","2005","Both sexes","72.18","71.77","72.69"
"1404","GIN","2021","Male","59.95","58.92","61.21"
"1405","BIH","2010","Male","74.27","74.20","74.43"
"1406","MNG","2013","Female","72.78","72.50","73.09"
"1407","AUT","2013","Female","83.30","83.29","83.37"
"1408","UGA","2003","Female","53.62","52.83","54.73"
"1409","YEM","2016","Female","70.28","69.45","71.10"
"1410","ARG","2010","Female","78.95","78.93","79.03"
"1411","ECU","2005","Both sexes","73.76","73.41","74.19"
"1412","MDV","2014","Both sexes","76.81","76.54","77.11"
"1413","PRY","2019","Both sexes","75.08","74.45","75.72"
"1414","BGD","2006","Female","70.28","69.86","70.74"
"1415","NLD","2004","Female","81.22","81.21","81.29"
"1416","CZE","2010","Male","74.41","74.38","74.50"
"1417","ALB","2007","Both sexes","74.54","74.23","74.96"
"1418","ISR","2002","Both sexes","78.56","78.53","78.66"
"1419","SWE","2002","Male","77.62","77.61","77.69"
"1420","JAM","2020","Both sexes","72.64","72.02","73.51"
"1421","MDA","2003","Both sexes","66.20","66.04","66.44"
"1422","CHE","2013","Female","84.40","84.38","84.49"
"1423","SRB","2007","Female","76.29","76.25","76.42"
"1424","LBY","2014","Male","70.25","69.64","70.81"
"1425","IRQ","2009","Female","73.35","72.65","74.25"
"1426","ARE","2010","Female","81.19","80.92","81.60"
"1427","VEN","2020","Both sexes","72.40","71.77","73.07"
"1428","PAK","2010","Male","63.32","62.40","64.33"
"1429","ISR","2016","Female","83.92","83.90","83.99"
"1430","MAR","2008","Female","72.58","72.00","73.39"
"1431","KIR","2000","Female","63.61","63.01","64.35"
"1432","SYR","2005","Both sexes","73.23","72.83","73.72"
"1433","SYC","2005","Both sexes","72.36","72.15","72.62"
"1434","KHM","2000","Both sexes","59.10","58.40","59.69"
"1435","TUR","2011","Male","73.65","73.25","74.03"
"1436","SLB","2018","Both sexes","65.55","64.66","66.30"
"1437","GMB","2006","Both sexes","60.89","60.12","61.67"
"1438","COD","2012","Both sexes","58.34","57.52","59.18"
"1439","IRL","2005","Female","81.10","81.07","81.20"
"1440","AFG","2013","Male","59.95","59.05","60.89"
"1441","SDN","2018","Male","68.14","67.17","69.21"
"1442","TTO","2002","Both sexes","71.09","70.75","71.44"
"1443","TKM","2013","Female","72.64","72.30","73.01"
"1444","PHL","2003","Male","65.69","65.25","66.15"
"1445","THA","2009","Male","71.93","71.48","72.53"
"1446","GMB","2008","Male","59.80","59.11","60.78"
"1447","RUS","2013","Both sexes","70.70","70.69","70.76"
"1448","KGZ","2020","Female","75.08","74.74","75.49"
"1449","CAN","2004","Female","82.08","82.07","82.15"
"1450","TGO","2008","Female","60.12","59.39","61.02"
"1451","CRI","2021","Male","75.88","75.80","76.02"
"1452","ETH","2009","Female","63.59","63.07","64.18"
"1453","PRK","2015","Male","68.39","67.73","68.98"
"1454","JOR","2010","Both sexes","76.69","76.39","77.07"
"1455","CHE","2008","Female","83.97","83.95","84.05"
"1456","ZAF","2014","Male","59.54","59.17","59.87"
"1457","MWI","2015","Female","64.87","64.11","65.70"
"1458","COM","2004","Female","64.79","63.92","65.62"
"1459","FSM","2020","Both sexes","65.67","64.75","66.57"
"1460","TLS","2008","Male","65.67","64.80","66.57"
"1461","JOR","2019","Female","80.34","79.94","80.79"
"1462","MUS","2002","Female","75.16","75.02","75.34"
"1463","LBY","2003","Male","71.35","70.86","71.83"
"1464","TZA","2012","Both sexes","63.08","62.51","63.75"
"1465","BGR","2012","Male","70.85","70.72","71.02"
"1466","MNE","2015","Female","79.44","79.33","79.64"
"1467","PRI","2010","Both sexes","79.06","78.95","79.24"
"1468","IRN","2016","Female","79.01","78.92","79.16"
"1469","GUY","2004","Male","62.12","61.58","62.82"
"1470","ARM","2013","Female","77.94","77.80","78.14"
"1471","VUT","2019","Both sexes","67.13","66.67","67.73"
"1472","MNG","2007","Both sexes","66.38","65.96","66.81"
"1473","BFA","2009","Both sexes","58.07","57.28","58.94"
"1474","DJI","2017","Female","66.44","65.37","67.73"
"1475","TLS","2011","Both sexes","67.28","66.55","68.25"
"1476","NGA","2006","Both sexes","57.55","56.82","58.51"
"1477","PRT","2009","Male","76.26","76.25","76.35"
"1478","KIR","2015","Male","58.43","57.57","59.48"
"1479","RWA","2000","Both sexes","46.89","45.91","47.82"
"1480","BWA","2004","Both sexes","50.64","49.22","52.31"
"1481","AFG","2019","Both sexes","61.22","60.26","62.16"
"1482","GIN","2016","Both sexes","59.84","58.90","61.15"
"1483","SAU","2021","Female","77.37","76.73","77.99"
"1484","PRI","2021","Male","76.20","75.71","76.87"
"1485","FSM","2008","Male","61.80","61.12","62.55"
"1486","MEX","2014","Male","73.32","73.11","73.52"
"1487","BRB","2009","Male","74.51","74.27","74.76"
"1488","RUS","2004","Female","72.17","72.14","72.28"
"1489","LKA","2010","Female","78.25","78.21","78.37"
"1490","GUY","2008","Both sexes","65.76","65.19","66.26"
"1491","NZL","2001","Male","76.11","76.09","76.20"
"1492","USA","2010","Both sexes","78.61","78.56","78.65"
"1493","SAU","2018","Male","76.42","76.10","76.77"
"1494","SRB","2001","Female","74.95","74.81","75.14"
"1495","IRL","2005","Male","76.51","76.48","76.60"
"1496","LVA","2019","Male","71.05","70.94","71.21"
"1497","MNE","2014","Both sexes","76.62","76.50","76.84"
"1498","ERI","2003","Female","60.65","59.67","61.67"
"1499","IRL","2015","Male","79.34","79.31","79.46"
"1500","STP","2021","Male","69.59","69.14","70.03"
"1501","BFA","2020","Female","65.47","64.56","66.38"
"1502","BLR","2009","Female","76.37","76.33","76.48"
"1503","THA","2005","Male","69.48","69.02","69.92"
"1504","SOM","2002","Both sexes","49.40","48.52","50.59"
"1505","VCT","2005","Both sexes","72.56","72.19","72.81"
"1506","CRI","2021","Both sexes","78.63","78.55","78.80"
"1507","BIH","2020","Male","73.03","72.94","73.22"
"1508","SWZ","2002","Male","42.24","40.79","43.72"
"1509","PHL","2014","Both sexes","69.80","69.46","70.21"
"1510","BDI","2018","Male","62.05","61.32","62.95"
"1511","LSO","2010","Female","51.70","50.32","53.20"
"1512","USA","2007","Both sexes","77.94","77.89","77.99"
"1513","EST","2011","Male","71.26","71.17","71.41"
"1514","MYS","2019","Both sexes","74.68","74.64","74.78"
"1515","CUB","2007","Both sexes","78.10","78.07","78.21"
"1516","CIV","2017","Female","65.04","64.18","65.83"
"1517","NER","2017","Male","59.33","58.10","60.84"
"1518","BGR","2007","Male","69.43","69.28","69.61"
"1519","NER","2002","Both sexes","51.89","51.04","52.86"
"1520","MMR","2000","Both sexes","59.38","58.63","60.24"
"1521","BHS","2019","Female","73.26","72.76","73.83"
"1522","NOR","2012","Female","83.06","83.04","83.14"
"1523","FRA","2019","Female","85.15","85.14","85.21"
"1524","BEN","2018","Both sexes","63.74","62.70","64.72"
"1525","LUX","2013","Female","83.89","83.78","84.03"
"1526","IRN","2021","Male","73.08","72.89","73.31"
"1527","PHL","2011","Male","65.91","65.57","66.35"
"1528","VNM","2016","Both sexes","73.21","72.69","73.78"
"1529","UKR","2020","Female","77.22","76.49","78.00"
"1530","FJI","2013","Both sexes","67.63","67.24","68.11"
"1531","CPV","2019","Male","69.71","69.21","70.39"
"1532","TCD","2006","Male","51.48","50.62","52.41"
"1533","NAM","2016","Female","65.01","63.98","66.12"
"1534","CHE","2008","Male","79.57","79.55","79.65"
"1535","SLB","2000","Female","66.13","65.35","67.09"
"1536","MEX","2008","Female","77.63","77.52","77.83"
"1537","IRN","2007","Female","77.75","77.54","78.05"
"1538","MLI","2014","Both sexes","59.78","58.87","60.77"
"1539","KEN","2008","Female","61.28","60.63","61.98"
"1540","GRD","2018","Male","70.43","70.15","70.84"
"1541","COG","2005","Female","56.23","55.46","57.17"
"1542","ARG","2017","Male","73.59","73.58","73.66"
"1543","CHL","2009","Both sexes","79.00","78.98","79.10"
"1544","KWT","2006","Male","76.63","76.55","76.80"
"1545","LSO","2020","Female","55.14","53.57","56.58"
"1546","UZB","2004","Both sexes","63.42","62.93","63.93"
"1547","CPV","2019","Both sexes","74.06","73.52","74.73"
"1548","NLD","2000","Male","75.49","75.48","75.58"
"1549","BLZ","2020","Female","76.65","76.48","76.91"
"1550","IDN","2014","Both sexes","70.30","69.66","70.99"
"1551","COD","2012","Male","56.58","55.57","57.52"
"1552","IRL","2008","Female","81.80","81.77","81.89"
"1553","IRQ","2006","Both sexes","67.67","66.76","68.59"
"1554","IRQ","2009","Both sexes","70.62","69.89","71.72"
"1555","BLR","2021","Female","78.13","77.75","78.66"
"1556","AGO","2015","Female","64.12","63.12","65.10"
"1557","TUN","2009","Female","78.60","77.94","79.45"
"1558","GTM","2021","Female","71.90","71.49","72.36"
"1559","KWT","2006","Female","81.33","81.25","81.48"
"1560","ARG","2021","Both sexes","74.57","74.45","74.77"
"1561","COL","2015","Both sexes","77.34","77.11","77.61"
"1562","JOR","2009","Male","76.91","76.44","77.40"
"1563","ARG","2017","Both sexes","76.64","76.63","76.71"
"1564","MNE","2020","Female","78.53","78.41","78.73"
"1565","ARE","2020","Both sexes","80.13","79.69","80.74"
"1566","PRY","2000","Female","77.15","76.65","77.78"
"1567","LBY","2012","Male","72.36","71.89","72.85"
"1568","EGY","2019","Both sexes","71.59","71.28","71.92"
"1569","ARE","2013","Male","80.32","79.92","80.79"
"1570","GRC","2001","Female","81.33","81.33","81.41"
"1571","HUN","2021","Female","77.83","77.79","77.92"
"1572","ISL","2006","Male","79.31","79.20","79.50"
"1573","ZWE","2013","Male","53.68","52.85","54.52"
"1574","MOZ","2015","Female","58.81","58.08","59.70"
"1575","GRD","2001","Male","67.94","67.70","68.20"
"1576","GRC","2002","Male","76.63","76.61","76.72"
"1577","DOM","2019","Female","77.18","76.61","77.81"
"1578","ISR","2021","Female","82.09","82.05","82.19"
"1579","COG","2011","Female","61.10","60.46","61.83"
"1580","HND","2011","Both sexes","70.68","69.99","71.60"
"1581","CAF","2020","Female","56.03","54.96","57.27"
"1582","DJI","2003","Both sexes","59.65","58.62","61.18"
"1583","SWE","2001","Female","81.82","81.82","81.89"
"1584","TCD","2012","Female","58.10","57.27","58.97"
"1585","NPL","2003","Male","66.16","65.54","66.80"
"1586","GRC","2016","Female","82.91","82.90","82.99"
"1587","LUX","2019","Male","80.83","80.72","81.04"
"1588","UZB","2014","Both sexes","68.81","68.59","69.10"
"1589","COM","2001","Male","61.95","61.11","62.77"
"1590","PRK","2016","Male","68.62","67.94","69.42"
"1591","AGO","2009","Female","59.15","58.44","59.91"
"1592","NLD","2005","Male","77.15","77.14","77.23"
"1593","KOR","2005","Male","75.01","74.95","75.08"
"1594","CAN","2010","Both sexes","81.14","81.07","81.21"
"1595","UGA","2018","Female","69.02","68.13","69.88"
"1596","NIC","2003","Female","78.84","78.63","79.17"
"1597","LSO","2020","Both sexes","51.85","50.77","53.15"
"1598","ALB","2016","Male","76.04","75.73","76.42"
"1599","AUS","2007","Male","79.22","79.22","79.30"
"1600","IDN","2003","Male","66.51","65.97","67.21"
"1601","BTN","2010","Both sexes","71.73","71.12","72.47"
"1602","MWI","2014","Male","58.44","57.81","59.26"
"1603","GMB","2008","Both sexes","61.50","60.85","62.53"
"1604","SYR","2000","Female","72.42","72.07","72.80"
"1605","SYR","2010","Both sexes","73.76","73.33","74.33"
"1606","TGO","2006","Both sexes","57.51","56.77","58.35"
"1607","MWI","2003","Female","47.74","46.66","49.10"
"1608","VNM","2000","Male","67.64","67.14","68.19"
"1609","NZL","2017","Female","82.82","82.79","82.91"
"1610","CAN","2012","Male","79.51","79.51","79.57"
"1611","BIH","2020","Female","78.48","78.41","78.63"
"1612","GUY","2011","Female","69.47","69.04","69.93"
"1613","MNG","2020","Female","76.99","76.73","77.34"
"1614","BTN","2001","Both sexes","67.18","66.59","67.92"
"1615","LSO","2003","Male","43.57","42.62","44.85"
"1616","GRC","2010","Both sexes","80.24","80.23","80.32"
"1617","BRB","2002","Both sexes","74.86","74.64","75.10"
"1618","TUR","2007","Male","73.20","72.80","73.73"
"1619","SWZ","2003","Both sexes","42.59","41.30","44.28"
"1620","CYP","2014","Female","83.94","83.74","84.19"
"1621","FJI","2000","Both sexes","65.83","65.55","66.19"
"1622","GRC","2002","Both sexes","78.97","78.96","79.06"
"1623","NER","2013","Male","58.34","57.32","59.39"
"1624","TUN","2007","Male","73.35","72.60","74.10"
"1625","SYC","2002","Male","67.98","67.73","68.26"
"1626","SLV","2015","Both sexes","72.73","72.54","72.98"
"1627","CZE","2009","Female","80.30","80.27","80.41"
"1628","RUS","2002","Both sexes","64.86","64.82","64.95"
"1629","HTI","2012","Female","61.55","60.80","62.44"
"1630","BFA","2006","Female","57.64","56.87","58.37"
"1631","SWE","2011","Both sexes","81.52","81.52","81.60"
"1632","ARE","2018","Male","80.76","80.26","81.40"
"1633","BHS","2000","Male","67.68","67.34","68.04"
"1634","ALB","2019","Female","79.87","79.67","80.15"
"1635","BWA","2011","Both sexes","58.41","57.10","59.81"
"1636","BOL","2002","Male","66.16","65.58","66.86"
"1637","NLD","2008","Female","82.06","82.06","82.14"
"1638","MYS","2001","Female","75.90","75.86","76.02"
"1639","BRA","2014","Both sexes","74.64","74.48","74.88"
"1640","ZMB","2008","Female","57.40","56.53","58.56"
"1641","GTM","2019","Male","70.19","69.94","70.53"
"1642","PAN","2009","Both sexes","77.17","77.00","77.39"
"1643","TTO","2012","Female","77.43","77.24","77.79"
"1644","COL","2002","Male","68.92","68.59","69.30"
"1645","MDV","2000","Female","70.67","70.32","71.11"
"1646","MNG","2011","Female","71.81","71.52","72.19"
"1647","CZE","2020","Both sexes","78.13","78.09","78.24"
"1648","KOR","2001","Male","72.98","72.97","73.05"
"1649","KWT","2007","Male","77.60","77.49","77.79"
"1650","ALB","2005","Both sexes","74.21","73.81","74.60"
"1651","PER","2021","Male","68.82","68.45","69.37"
"1652","NER","2000","Male","49.81","48.76","50.78"
"1653","KEN","2019","Female","68.99","68.26","69.77"
"1654","ECU","2011","Female","78.65","78.39","79.01"
"1655","TLS","2012","Female","68.78","68.23","69.57"
"1656","VEN","2018","Male","68.50","68.10","69.09"
"1657","CHL","2008","Male","76.44","76.40","76.53"
"1658","MEX","2016","Female","78.52","78.39","78.70"
"1659","JOR","2003","Male","75.19","74.64","75.93"
"1660","KWT","2004","Both sexes","78.50","78.40","78.69"
"1661","MEX","2018","Male","72.92","72.74","73.17"
"1662","MMR","2021","Female","71.15","70.47","71.89"
"1663","TON","2006","Both sexes","72.02","71.56","72.51"
"1664","DOM","2012","Male","70.88","70.31","71.49"
"1665","BHR","2012","Male","73.89","73.72","74.13"
"1666","NZL","2002","Both sexes","78.66","78.63","78.76"
"1667","BWA","2014","Female","63.20","61.97","64.50"
"1668","EST","2013","Female","81.29","81.17","81.50"
"1669","CRI","2002","Both sexes","78.86","78.78","79.03"
"1670","DJI","2006","Both sexes","60.22","59.16","61.53"
"1671","MKD","2011","Both sexes","74.96","74.85","75.17"
"1672","ZAF","2010","Male","54.64","54.35","54.98"
"1673","STP","2019","Male","70.16","69.69","70.76"
"1674","IDN","2003","Female","69.18","68.72","69.65"
"1675","MLI","2019","Male","61.28","60.33","62.33"
"1676","POL","2010","Both sexes","76.23","76.21","76.30"
"1677","EGY","2019","Male","68.97","68.70","69.30"
"1678","MEX","2003","Female","77.00","76.88","77.20"
"1679","GUY","2020","Male","63.81","62.81","64.91"
"1680","BIH","2019","Both sexes","77.10","77.00","77.24"
"1681","GBR","2017","Male","79.20","79.14","79.26"
"1682","ROU","2018","Both sexes","75.12","75.09","75.22"
"1683","TGO","2010","Male","57.14","56.25","57.92"
"1684","KEN","2013","Both sexes","63.12","62.53","63.66"
"1685","CPV","2020","Male","69.09","68.62","69.85"
"1686","LSO","2008","Female","47.89","46.55","49.09"
"1687","IDN","2015","Female","72.32","71.71","72.96"
"1688","SVK","2009","Female","78.93","78.88","79.04"
"1689","SWE","2001","Male","77.44","77.44","77.53"
"1690","SWE","2012","Both sexes","81.47","81.39","81.55"
"1691","CHN","2008","Both sexes","74.00","73.72","74.36"
"1692","IDN","2021","Female","70.18","69.46","71.02"
"1693","NZL","2009","Both sexes","80.56","80.54","80.66"
"1694","TKM","2009","Both sexes","68.43","68.07","68.78"
"1695","BGD","2015","Male","72.07","71.46","72.75"
"1696","TCD","2014","Female","58.91","58.13","59.82"
"1697","SRB","2018","Male","73.34","73.30","73.45"
"1698","PHL","2004","Both sexes","69.29","68.91","69.68"
"1699","BEN","2013","Male","59.78","58.86","60.77"
"1700","BLR","2003","Both sexes","68.38","68.28","68.50"
"1701","ROU","2004","Both sexes","71.77","71.66","71.92"
"1702","GMB","2003","Both sexes","59.85","59.01","60.65"
"1703","AUT","2003","Male","75.82","75.79","75.90"
"1704","BRA","2000","Both sexes","71.50","71.22","71.81"
"1705","UGA","2000","Female","50.70","49.76","51.83"
"1706","AGO","2002","Female","53.07","52.24","54.11"
"1707","AUS","2013","Male","80.53","80.53","80.60"
"1708","PRI","2015","Female","83.79","83.72","83.96"
"1709","ZWE","2005","Both sexes","45.71","44.60","46.92"
"1710","FRA","2018","Both sexes","82.38","82.36","82.44"
"1711","DOM","2018","Both sexes","73.52","72.90","74.25"
"1712","TCD","2012","Both sexes","56.60","55.62","57.57"
"1713","NPL","2011","Female","71.27","70.73","71.86"
"1714","MYS","2011","Female","76.44","76.25","76.75"
"1715","QAT","2005","Male","70.17","69.66","70.84"
"1716","CAF","2012","Female","51.73","50.58","53.16"
"1717","ZWE","2006","Female","46.98","45.79","48.34"
"1718","BGD","2010","Female","71.87","71.49","72.27"
"1719","AFG","2000","Male","53.25","52.28","54.26"
"1720","IRQ","2002","Female","72.43","71.74","73.51"
"1721","FIN","2009","Male","76.42","76.40","76.50"
"1722","RWA","2002","Both sexes","50.61","49.67","51.74"
"1723","MDV","2005","Both sexes","72.87","72.63","73.21"
"1724","SWE","2006","Female","82.60","82.59","82.67"
"1725","TUR","2010","Male","73.46","73.05","73.99"
"1726","KAZ","2008","Male","61.82","61.53","62.15"
"1727","IRL","2008","Both sexes","79.58","79.56","79.68"
"1728","NZL","2007","Male","78.04","78.00","78.14"
"1729","URY","2010","Both sexes","76.48","76.40","76.60"
"1730","HND","2016","Male","69.81","69.09","70.59"
"1731","KAZ","2007","Female","71.74","71.53","72.07"
"1732","MNE","2016","Both sexes","77.06","76.97","77.26"
"1733","SUR","2000","Female","73.53","73.13","73.87"
"1734","PAN","2008","Female","80.25","80.03","80.55"
"1735","ZAF","2020","Both sexes","64.30","63.86","64.76"
"1736","MLT","2000","Female","80.02","79.92","80.20"
"1737","LBN","2015","Both sexes","78.44","78.13","78.87"
"1738","BDI","2014","Both sexes","62.32","61.49","63.13"
"1739","RWA","2004","Female","55.92","55.05","56.89"
"1740","ISR","2011","Both sexes","81.65","81.63","81.74"
"1741","CRI","2010","Female","82.15","82.06","82.27"
"1742","SOM","2010","Both sexes","49.53","48.57","50.57"
"1743","GRC","2021","Both sexes","79.60","79.55","79.70"
"1744","ARE","2008","Male","80.57","80.17","80.96"
"1745","TKM","2002","Male","62.13","61.68","62.61"
"1746","AUT","2004","Male","76.26","76.24","76.34"
"1747","NOR","2014","Male","79.94","79.93","80.03"
"1748","USA","2004","Male","75.02","74.97","75.07"
"1749","SRB","2012","Both sexes","74.84","74.78","74.97"
"1750","IND","2004","Both sexes","65.06","64.51","65.64"
"1751","SEN","2020","Male","66.59","65.86","67.37"
"1752","ECU","2003","Both sexes","73.92","73.54","74.38"
"1753","PRY","2009","Female","77.57","77.06","78.09"
"1754","GRD","2016","Male","70.10","69.88","70.52"
"1755","ISR","2013","Both sexes","81.92","81.90","82.01"
"1756","VNM","2002","Both sexes","72.06","71.65","72.59"
"1757","CPV","2002","Female","75.65","74.97","76.36"
"1758","PRT","2020","Both sexes","80.82","80.81","80.90"
"1759","STP","2010","Female","69.98","69.53","70.40"
"1760","YEM","2010","Female","69.64","68.80","70.38"
"1761","GBR","2005","Male","76.81","76.75","76.86"
"1762","TJK","2018","Female","75.13","74.66","75.65"
"1763","BFA","2006","Male","54.20","53.34","55.10"
"1764","WSM","2007","Male","68.85","68.14","69.50"
"1765","BEN","2002","Male","56.08","55.27","57.01"
"1766","SGP","2013","Female","84.50","84.48","84.59"
"1767","SYR","2003","Both sexes","72.66","72.20","73.08"
"1768","ATG","2000","Male","71.99","71.65","72.33"
"1769","JOR","2004","Male","75.58","75.08","76.17"
"1770","SVK","2000","Both sexes","73.32","73.26","73.45"
"1771","CMR","2012","Male","56.12","55.27","57.27"
"1772","AFG","2006","Male","56.59","55.79","57.68"
"1773","PRT","2012","Female","83.13","83.12","83.21"
"1774","BRA","2019","Male","72.22","72.06","72.51"
"1775","IND","2019","Female","72.41","72.03","72.91"
"1776","CAF","2012","Male","48.22","47.02","49.38"
"1777","DZA","2001","Both sexes","72.77","72.33","73.30"
"1778","YEM","2011","Male","66.33","65.49","67.41"
"1779","CIV","2001","Male","50.12","49.18","51.14"
"1780","SEN","2014","Both sexes","66.98","66.34","67.72"
"1781","CHL","2019","Female","83.34","83.32","83.43"
"1782","THA","2008","Female","77.71","77.42","78.10"
"1783","NER","2018","Both sexes","60.44","59.17","61.68"
"1784","HUN","2017","Both sexes","75.90","75.87","76.00"
"1785","KGZ","2001","Male","63.18","62.76","63.69"
"1786","FRA","2019","Both sexes","82.53","82.52","82.60"
"1787","MNG","2016","Male","65.53","65.18","65.94"
"1788","ARG","2007","Male","71.65","71.64","71.73"
"1789","DEU","2003","Male","75.66","75.59","75.73"
"1790","MAR","2005","Female","71.95","71.38","72.75"
"1791","MOZ","2011","Male","51.22","50.36","52.00"
"1792","BHR","2021","Female","75.09","74.83","75.43"
"1793","LBR","2015","Male","60.06","59.09","61.29"
"1794","IDN","2020","Female","71.89","71.26","72.58"
"1795","MDG","2006","Male","60.05","59.21","60.69"
"1796","ARE","2018","Both sexes","81.17","80.81","81.69"
"1797","SYC","2011","Both sexes","73.30","73.12","73.56"
"1798","MDG","2011","Male","61.69","60.93","62.73"
"1799","SLB","2017","Female","68.04","67.31","69.02"
"1800","STP","2014","Male","68.88","68.32","69.55"
"1801","PHL","2018","Both sexes","69.68","69.30","70.12"
"1802","RUS","2012","Female","75.83","75.80","75.91"
"1803","KAZ","2002","Male","59.70","59.33","60.09"
"1804","SYR","2009","Both sexes","73.74","73.34","74.29"
"1805","MNG","2016","Female","73.99","73.71","74.30"
"1806","VUT","2004","Female","68.74","68.18","69.51"
"1807","SSD","2018","Male","56.70","55.49","58.00"
"1808","COM","2003","Female","64.36","63.54","65.35"
"1809","DOM","2011","Female","76.88","76.32","77.49"
"1810","HRV","2012","Both sexes","77.36","77.29","77.50"
"1811","SLV","2002","Both sexes","73.27","73.01","73.63"
"1812","ESP","2014","Female","85.21","85.21","85.28"
"1813","NLD","2014","Both sexes","81.46","81.45","81.53"
"1814","NPL","2012","Female","71.50","70.90","72.12"
"1815","MMR","2004","Female","63.66","62.85","64.43"
"1816","BTN","2014","Both sexes","72.91","72.36","73.56"
"1817","NGA","2016","Male","60.59","59.50","61.85"
"1818","ALB","2013","Male","75.77","75.42","76.39"
"1819","CHN","2003","Both sexes","71.69","71.39","72.03"
"1820","GTM","2021","Male","65.65","65.08","66.19"
"1821","SWZ","2001","Both sexes","44.97","43.62","47.04"
"1822","GNQ","2015","Female","62.16","60.73","63.88"
"1823","BRA","2012","Female","77.78","77.62","78.00"
"1824","CZE","2002","Both sexes","75.36","75.33","75.46"
"1825","TCD","2021","Female","60.67","59.71","61.70"
"1826","SYR","2003","Male","71.59","71.07","72.14"
"1827","THA","2006","Both sexes","73.41","73.02","73.93"
"1828","LCA","2003","Male","70.62","70.32","70.95"
"1829","GIN","2008","Male","56.46","55.59","57.50"
"1830","NZL","2021","Female","84.01","83.97","84.12"
"1831","DJI","2016","Female","65.98","64.82","67.14"
"1832","MDA","2014","Male","67.18","67.03","67.43"
"1833","SLB","2014","Both sexes","64.96","63.99","65.82"
"1834","RWA","2020","Female","70.25","69.58","71.20"
"1835","GNB","2013","Both sexes","56.92","56.20","57.87"
"1836","BRB","2021","Both sexes","76.84","76.26","77.47"
"1837","MKD","2000","Female","75.22","75.12","75.41"
"1838","NZL","2000","Both sexes","78.58","78.54","78.67"
"1839","TUN","2020","Both sexes","77.12","76.45","78.02"
"1840","CAN","2001","Female","81.71","81.71","81.78"
"1841","TON","2000","Both sexes","70.95","70.60","71.38"
"1842","UKR","2020","Male","67.57","66.72","68.68"
"1843","MLT","2013","Male","79.11","79.02","79.28"
"1844","MWI","2002","Male","45.65","44.40","46.74"
"1845","KAZ","2015","Male","67.41","67.23","67.64"
"1846","TCD","2008","Male","52.92","51.95","53.78"
"1847","GHA","2008","Both sexes","61.09","60.51","61.68"
"1848","FSM","2017","Male","62.99","62.12","63.94"
"1849","TLS","2021","Both sexes","68.00","67.20","69.11"
"1850","ESP","2001","Both sexes","79.39","79.39","79.46"
"1851","BGD","2005","Female","69.87","69.52","70.34"
"1852","BTN","2012","Female","73.61","73.13","74.21"
"1853","PAN","2020","Both sexes","77.35","77.13","77.59"
"1854","JAM","2002","Both sexes","73.03","72.77","73.35"
"1855","AUS","2001","Female","82.62","82.55","82.70"
"1856","MDA","2009","Male","63.69","63.52","63.89"
"1857","IND","2005","Male","64.18","63.78","64.75"
"1858","NOR","2015","Female","83.67","83.66","83.76"
"1859","WSM","2012","Male","68.96","68.36","69.64"
"1860","CIV","2007","Both sexes","55.73","54.90","56.56"
"1861","CRI","2017","Female","82.67","82.60","82.81"
"1862","MLI","2018","Female","61.88","61.00","62.87"
"1863","CHL","2008","Both sexes","79.20","79.17","79.28"
"1864","MMR","2021","Both sexes","67.85","66.96","68.70"
"1865","RUS","2019","Female","78.00","77.95","78.06"
"1866","TJK","2007","Female","70.60","70.21","71.10"
"1867","SYR","2020","Both sexes","72.00","71.36","72.73"
"1868","GRC","2009","Both sexes","80.02","80.02","80.10"
"1869","IND","2011","Female","69.76","69.27","70.26"
"1870","JOR","2008","Male","76.81","76.33","77.36"
"1871","GMB","2014","Male","61.65","60.98","62.59"
"1872","MNG","2012","Male","63.71","63.23","64.17"
"1873","BHS","2010","Both sexes","72.75","72.50","73.07"
"1874","KWT","2017","Female","86.26","86.17","86.43"
"1875","BLR","2020","Female","78.27","78.03","78.60"
"1876","TKM","2015","Female","72.31","71.99","72.82"
"1877","TKM","2011","Female","72.64","72.28","73.11"
"1878","SDN","2019","Male","68.35","67.33","69.33"
"1879","BEN","2017","Male","61.00","59.93","62.03"
"1880","SUR","2020","Female","76.31","75.91","76.71"
"1881","AUT","2009","Male","77.39","77.38","77.48"
"1882","CRI","2015","Both sexes","80.57","80.50","80.72"
"1883","NGA","2012","Male","59.23","58.26","60.37"
"1884","HND","2019","Both sexes","71.44","70.70","72.21"
"1885","GUY","2003","Female","67.73","67.30","68.12"
"1886","TON","2020","Both sexes","73.19","72.58","73.92"
"1887","KOR","2018","Female","86.03","86.03","86.10"
"1888","GRD","2013","Both sexes","72.62","72.43","72.89"
"1889","AGO","2004","Male","50.50","49.57","51.41"
"1890","MDG","2016","Both sexes","63.47","62.72","64.39"
"1891","ARM","2000","Both sexes","71.62","71.37","71.97"
"1892","WSM","2020","Female","71.73","71.16","72.36"
"1893","POL","2005","Male","70.68","70.68","70.74"
"1894","JPN","2003","Female","85.40","85.35","85.45"
"1895","KHM","2009","Male","63.40","62.79","64.09"
"1896","ARM","2011","Female","77.33","77.17","77.58"
"1897","ZWE","2003","Both sexes","45.01","43.77","46.43"
"1898","LKA","2000","Female","76.40","76.35","76.51"
"1899","ALB","2018","Both sexes","77.94","77.74","78.24"
"1900","IND","2012","Both sexes","68.23","67.83","68.84"
"1901","BDI","2007","Both sexes","56.45","55.65","57.24"
"1902","SYR","2013","Both sexes","64.69","63.99","65.35"
"1903","EGY","2018","Both sexes","71.36","71.07","71.65"
"1904","BRB","2007","Both sexes","75.24","75.06","75.53"
"1905","CPV","2008","Female","77.11","76.55","77.68"
"1906","SAU","2014","Female","78.30","77.99","78.70"
"1907","FIN","2001","Male","74.56","74.53","74.65"
"1908","URY","2002","Female","79.16","79.09","79.29"
"1909","NAM","2004","Female","53.42","52.37","54.85"
"1910","CAF","2009","Male","47.29","46.16","48.49"
"1911","MUS","2004","Male","68.72","68.56","68.90"
"1912","VNM","2013","Female","77.31","76.80","77.82"
"1913","KEN","2000","Female","55.22","53.92","56.61"
"1914","ZMB","2017","Both sexes","61.29","60.24","62.56"
"1915","SYR","2001","Both sexes","71.76","71.42","72.28"
"1916","WSM","2001","Both sexes","69.78","69.27","70.46"
"1917","PRY","2012","Male","72.48","71.96","73.09"
"1918","IRN","2019","Female","79.40","79.31","79.56"
"1919","ZWE","2021","Male","56.19","55.31","57.02"
"1920","BHS","2017","Both sexes","73.22","72.88","73.83"
"1921","ARM","2003","Female","74.94","74.75","75.24"
"1922","LBR","2008","Both sexes","59.76","58.97","60.66"
"1923","GRD","2010","Male","68.27","68.07","68.58"
"1924","KIR","2006","Male","57.72","57.00","58.67"
"1925","PRT","2003","Male","74.04","74.03","74.12"
"1926","UKR","2019","Both sexes","73.00","72.33","73.73"
"1927","DEU","2010","Female","82.54","82.48","82.59"
"1928","CUB","2018","Male","75.55","75.53","75.66"
"1929","PAK","2003","Female","62.70","62.04","63.35"
"1930","SVK","2011","Female","79.55","79.50","79.68"
"1931","PSE","2013","Male","72.36","72.05","72.67"
"1932","NZL","2010","Male","79.12","79.10","79.23"
"1933","BGD","2016","Both sexes","73.44","72.87","74.04"
"1934","SEN","2019","Male","67.08","66.26","68.00"
"1935","BHR","2014","Both sexes","75.64","75.47","75.87"
"1936","LCA","2013","Both sexes","76.18","75.92","76.54"
"1937","PRT","2008","Male","76.00","75.99","76.08"
"1938","GUY","2016","Male","64.35","63.53","65.23"
"1939","LUX","2012","Both sexes","81.57","81.46","81.72"
"1940","CUB","2000","Male","74.65","74.61","74.77"
"1941","AFG","2015","Female","61.49","60.67","62.56"
"1942","CIV","2018","Female","65.66","64.61","66.57"
"1943","AZE","2000","Female","68.09","67.56","68.79"
"1944","NER","2004","Female","54.37","53.43","55.30"
"1945","NLD","2001","Female","80.52","80.51","80.60"
"1946","ITA","2020","Male","79.76","79.69","79.83"
"1947","LBR","2016","Male","61.66","60.38","62.73"
"1948","NIC","2007","Female","79.11","78.84","79.41"
"1949","TUR","2019","Male","75.09","74.64","75.53"
"1950","AZE","2020","Both sexes","71.43","71.11","71.81"
"1951","BEN","2011","Both sexes","61.57","60.94","62.33"
"1952","SYR","2021","Female","74.39","73.85","75.20"
"1953","PRY","2018","Female","78.17","77.67","78.74"
"1954","ALB","2000","Both sexes","73.68","73.38","74.05"
"1955","NLD","2006","Female","81.67","81.66","81.75"
"1956","GTM","2021","Both sexes","68.70","68.28","69.23"
"1957","NPL","2003","Female","68.56","68.08","69.14"
"1958","WSM","2006","Female","72.26","71.72","72.96"
"1959","LTU","2014","Both sexes","74.50","74.43","74.60"
"1960","SVK","2012","Both sexes","76.13","76.07","76.25"
"1961","MNE","2010","Female","78.11","78.03","78.28"
"1962","TUN","2008","Male","73.57","72.95","74.48"
"1963","ERI","2004","Male","54.59","53.85","55.59"
"1964","BRB","2010","Both sexes","75.96","75.73","76.22"
"1965","SVK","2002","Both sexes","73.72","73.66","73.85"
"1966","COG","2021","Female","63.79","63.04","64.74"
"1967","DOM","2017","Male","70.17","69.46","70.97"
"1968","SYR","2013","Male","60.13","59.32","61.03"
"1969","VCT","2006","Both sexes","72.93","72.61","73.26"
"1970","LUX","2020","Both sexes","82.83","82.71","83.03"
"1971","DJI","2011","Female","63.92","62.53","65.27"
"1972","LBR","2001","Both sexes","53.93","52.68","55.23"
"1973","WSM","2019","Both sexes","69.99","69.48","70.74"
"1974","UZB","2021","Male","70.16","69.61","70.73"
"1975","IRQ","2005","Both sexes","68.68","67.89","69.70"
"1976","KOR","2004","Female","81.22","81.15","81.28"
"1977","ISL","2000","Female","81.65","81.55","81.81"
"1978","MMR","2010","Male","61.74","60.93","62.44"
"1979","BLR","2016","Female","78.88","78.86","78.98"
"1980","IRQ","2007","Both sexes","67.81","67.00","68.78"
"1981","COD","2004","Male","52.82","52.02","53.93"
"1982","LBR","2011","Male","60.25","59.28","61.27"
"1983","NIC","2010","Male","74.24","73.90","74.61"
"1984","BRN","2019","Female","78.16","77.89","78.53"
"1985","SGP","2003","Both sexes","79.61","79.59","79.70"
"1986","NGA","2013","Both sexes","61.04","59.84","62.14"
"1987","BTN","2011","Female","73.27","72.72","73.96"
"1988","MWI","2016","Female","65.24","64.44","65.98"
"1989","SOM","2016","Both sexes","53.94","52.78","55.09"
"1990","DJI","2004","Male","58.17","57.08","59.28"
"1991","BEN","2006","Both sexes","59.54","58.78","60.41"
"1992","SWZ","2009","Male","42.96","41.92","44.22"
"1993","GMB","2006","Female","62.68","62.01","63.50"
"1994","CHE","2000","Female","82.34","82.32","82.42"
"1995","JPN","2004","Male","78.98","78.92","79.03"
"1996","TON","2021","Male","70.21","69.58","71.00"
"1997","BGD","2009","Both sexes","69.60","69.17","70.13"
"1998","GAB","2021","Both sexes","65.09","64.25","65.98"
"1999","GMB","2009","Both sexes","61.86","61.11","62.65"
"2000","SLB","2002","Both sexes","63.47","62.68","64.33"
"2001","GHA","2002","Male","57.89","57.21","58.61"
"2002","NAM","2009","Both sexes","59.50","58.58","60.55"
"2003","TGO","2001","Male","54.32","53.57","55.28"
"2004","SEN","2017","Both sexes","68.12","67.46","69.01"
"2005","KWT","2014","Female","84.54","84.45","84.70"
"2006","FRA","2020","Both sexes","81.87","81.87","81.94"
"2007","DEU","2016","Male","78.35","78.29","78.41"
"2008","JAM","2016","Female","75.23","74.97","75.65"
"2009","TJK","2014","Female","73.89","73.50","74.32"
"2010","KGZ","2009","Male","64.92","64.62","65.31"
"2011","MEX","2012","Both sexes","75.64","75.51","75.83"
"2012","BRB","2012","Both sexes","76.23","76.04","76.48"
"2013","PRY","2008","Both sexes","75.00","74.40","75.66"
"2014","BEL","2013","Female","82.69","82.67","82.76"
"2015","JPN","2018","Female","87.06","87.01","87.11"
"2016","THA","2020","Male","73.24","72.46","74.00"
"2017","GRD","2018","Female","75.54","75.31","75.87"
"2018","KIR","2007","Male","57.84","57.04","58.97"
"2019","NAM","2013","Male","58.52","57.75","59.38"
"2020","BRN","2005","Female","77.93","77.72","78.23"
"2021","LVA","2021","Female","77.90","77.81","78.06"
"2022","UGA","2017","Male","61.82","61.11","62.66"
"2023","NGA","2007","Female","59.52","58.68","60.52"
"2024","IRQ","2016","Both sexes","71.13","70.20","72.00"
"2025","VEN","2009","Male","70.33","70.27","70.46"
"2026","PER","2007","Male","77.07","76.57","77.66"
"2027","KWT","2011","Male","79.96","79.83","80.17"
"2028","KEN","2016","Male","62.60","61.93","63.35"
"2029","GAB","2011","Female","64.04","63.17","65.02"
"2030","DZA","2021","Female","76.64","76.21","77.11"
"2031","FRA","2006","Both sexes","80.53","80.46","80.59"
"2032","SEN","2013","Female","68.07","67.53","68.60"
"2033","TTO","2001","Female","73.28","73.01","73.72"
"2034","MKD","2003","Both sexes","73.23","73.10","73.40"
"2035","ETH","2013","Female","67.59","67.09","68.12"
"2036","NZL","2006","Male","77.93","77.91","78.02"
"2037","AZE","2006","Both sexes","67.64","67.16","68.07"
"2038","ECU","2015","Both sexes","77.15","76.84","77.52"
"2039","BWA","2007","Both sexes","55.77","54.25","56.98"
"2040","GAB","2004","Both sexes","58.71","57.90","59.62"
"2041","DZA","2020","Male","72.98","72.50","73.42"
"2042","LVA","2015","Both sexes","74.81","74.72","74.95"
"2043","ARM","2020","Male","62.73","62.47","63.01"
"2044","DJI","2021","Male","63.04","62.08","64.25"
"2045","TUN","2005","Female","78.03","77.47","78.71"
"2046","TON","2003","Male","68.27","67.80","68.75"
"2047","ISL","2016","Female","83.64","83.52","83.83"
"2048","VEN","2010","Both sexes","74.66","74.58","74.78"
"2049","GUY","2009","Female","69.20","68.78","69.70"
"2050","STP","2001","Male","63.23","62.54","64.00"
"2051","CHL","2009","Male","76.18","76.16","76.27"
"2052","AUS","2006","Male","78.79","78.78","78.87"
"2053","JPN","2014","Male","80.85","80.80","80.90"
"2054","CHN","2018","Male","74.39","73.85","75.03"
"2055","PNG","2011","Female","66.10","65.39","66.79"
"2056","SVK","2007","Female","78.32","78.28","78.44"
"2057","BEL","2016","Both sexes","81.07","81.07","81.16"
"2058","KGZ","2010","Female","73.30","73.09","73.61"
"2059","ISR","2000","Both sexes","78.54","78.52","78.64"
"2060","BEN","2017","Both sexes","63.35","62.51","64.35"
"2061","SEN","2018","Male","66.79","65.85","67.59"
"2062","NPL","2002","Both sexes","66.45","65.86","66.97"
"2063","MLT","2004","Female","80.99","80.89","81.15"
"2064","ARM","2010","Both sexes","73.01","72.84","73.23"
"2065","SOM","2004","Female","51.87","50.70","52.99"
"2066","CHN","2017","Male","74.16","73.68","74.69"
"2067","MAR","2009","Male","71.48","70.70","72.27"
"2068","CAF","2013","Male","47.25","46.05","48.30"
"2069","ERI","2011","Female","64.06","63.28","65.13"
"2070","KIR","2008","Both sexes","61.27","60.37","62.00"
"2071","QAT","2003","Female","72.75","72.46","73.20"
"2072","GEO","2014","Female","76.98","76.88","77.17"
"2073","GRC","2018","Both sexes","81.05","81.03","81.14"
"2074","DOM","2014","Female","76.84","76.29","77.40"
"2075","TUR","2006","Both sexes","76.54","76.18","76.99"
"2076","BFA","2016","Male","58.88","57.86","59.93"
"2077","TCD","2000","Both sexes","51.17","50.34","52.20"
"2078","CHL","2002","Both sexes","77.34","77.32","77.43"
"2079","GRD","2012","Female","75.63","75.42","75.92"
"2080","BHR","2013","Male","74.51","74.30","74.74"
"2081","GBR","2002","Male","75.77","75.71","75.83"
"2082","ARE","2013","Both sexes","80.56","80.23","81.02"
"2083","THA","2001","Both sexes","71.73","71.13","72.27"
"2084","KIR","2017","Female","65.04","64.14","65.86"
"2085","FRA","2001","Both sexes","79.01","78.96","79.07"
"2086","LSO","2005","Female","44.04","42.63","46.10"
"2087","PRT","2017","Female","83.98","83.96","84.06"
"2088","SEN","2020","Both sexes","68.56","67.91","69.43"
"2089","SYR","2000","Both sexes","71.09","70.70","71.62"
"2090","MEX","2019","Both sexes","75.83","75.66","76.11"
"2091","LUX","2011","Both sexes","81.39","81.28","81.57"
"2092","GBR","2012","Female","82.34","82.28","82.39"
"2093","SRB","2020","Male","71.49","71.46","71.59"
"2094","BRA","2020","Both sexes","74.11","73.91","74.33"
"2095","SAU","2021","Male","75.73","75.39","76.17"
"2096","CMR","2017","Both sexes","60.64","59.51","61.89"
"2097","LTU","2019","Both sexes","76.25","76.16","76.39"
"2098","CPV","2005","Female","76.35","75.92","77.07"
"2099","EGY","2005","Both sexes","69.52","69.15","69.96"
"2100","PRT","2009","Female","82.41","82.39","82.48"
"2101","SGP","2012","Male","80.04","80.01","80.13"
"2102","GAB","2006","Female","61.99","61.12","62.99"
"2103","TUN","2009","Male","73.73","73.14","74.54"
"2104","PER","2008","Female","80.42","80.05","80.87"
"2105","COM","2003","Male","62.93","61.87","63.76"
"2106","YEM","2003","Both sexes","64.67","63.76","65.75"
"2107","BIH","2017","Male","74.91","74.85","75.07"
"2108","GAB","2002","Male","56.70","55.84","57.62"
"2109","ZAF","2005","Male","50.40","50.05","50.83"
"2110","ZWE","2003","Female","45.47","43.99","47.25"
"2111","BGD","2000","Both sexes","65.36","64.85","65.93"
"2112","CZE","2003","Male","72.00","71.97","72.09"
"2113","ESP","2009","Male","78.39","78.32","78.45"
"2114","SEN","2005","Female","63.81","63.32","64.35"
"2115","MWI","2000","Female","45.35","44.04","46.62"
"2116","JOR","2010","Female","77.04","76.76","77.38"
"2117","VEN","2021","Both sexes","71.22","70.48","71.90"
"2118","DZA","2013","Male","75.45","75.16","75.79"
"2119","CYP","2001","Female","81.13","80.99","81.41"
"2120","RWA","2001","Male","46.67","45.73","47.67"
"2121","ZWE","2011","Both sexes","53.28","52.44","54.27"
"2122","UKR","2001","Female","73.40","73.32","73.54"
"2123","CHL","2012","Female","82.01","81.99","82.09"
"2124","MUS","2005","Female","75.61","75.48","75.81"
"2125","COL","2016","Both sexes","77.58","77.33","77.91"
"2126","KHM","2001","Male","57.63","56.89","58.32"
"2127","GEO","2020","Male","68.33","68.19","68.52"
"2128","BEL","2017","Both sexes","81.15","81.14","81.24"
"2129","SWE","2019","Male","81.17","81.16","81.24"
"2130","TJK","2013","Male","69.95","69.43","70.46"
"2131","GBR","2021","Both sexes","80.10","80.10","80.17"
"2132","LBY","2013","Female","75.68","75.30","76.21"
"2133","CHL","2009","Female","81.78","81.76","81.86"
"2134","FJI","2004","Male","65.16","64.86","65.45"
"2135","LKA","2011","Both sexes","74.96","74.91","75.09"
"2136","SVN","2002","Male","72.60","72.52","72.74"
"2137","PRI","2010","Male","75.47","75.36","75.64"
"2138","UZB","2015","Male","67.11","66.91","67.43"
"2139","ETH","2001","Male","52.24","51.48","53.01"
"2140","CHL","2021","Female","81.42","81.39","81.54"
"2141","LVA","2009","Male","67.47","67.38","67.62"
"2142","HUN","2018","Male","72.64","72.62","72.72"
"2143","VUT","2001","Both sexes","64.98","64.13","65.71"
"2144","CHE","2004","Female","83.26","83.25","83.34"
"2145","PHL","2019","Male","66.05","65.59","66.53"
"2146","FJI","2000","Female","68.36","68.02","68.69"
"2147","SRB","2004","Male","69.94","69.82","70.09"
"2148","LKA","2005","Female","77.78","77.48","78.16"
"2149","SLB","2003","Both sexes","63.54","62.75","64.51"
"2150","BGR","2004","Female","76.09","75.99","76.26"
"2151","VNM","2019","Male","69.51","68.94","70.21"
"2152","NOR","2021","Male","81.50","81.48","81.60"
"2153","NAM","2018","Both sexes","62.83","61.67","63.99"
"2154","MNE","2006","Male","71.82","71.66","72.05"
"2155","SWZ","2003","Male","41.40","40.31","42.78"
"2156","PER","2003","Female","77.69","77.29","78.12"
"2157","TKM","2015","Both sexes","68.83","68.37","69.26"
"2158","PNG","2014","Both sexes","65.75","65.02","66.43"
"2159","DOM","2010","Male","71.21","70.53","72.05"
"2160","NOR","2017","Male","80.78","80.76","80.87"
"2161","DNK","2005","Female","80.24","80.21","80.33"
"2162","BRN","2001","Female","77.16","76.96","77.41"
"2163","BGR","2002","Male","68.80","68.66","69.00"
"2164","KIR","2010","Female","64.67","63.96","65.48"
"2165","NPL","2011","Male","67.93","67.26","68.75"
"2166","NER","2020","Male","59.24","57.80","60.49"
"2167","THA","2021","Male","71.76","70.85","72.81"
"2168","EGY","2015","Male","67.50","67.24","67.83"
"2169","CMR","2001","Both sexes","52.90","52.06","53.89"
"2170","NPL","2000","Female","66.51","65.95","67.17"
"2171","ETH","2001","Both sexes","52.82","52.15","53.47"
"2172","MRT","2017","Male","69.74","68.91","70.84"
"2173","FJI","2014","Both sexes","67.72","67.21","68.33"
"2174","GNQ","2010","Both sexes","60.01","58.56","61.53"
"2175","SAU","2002","Male","70.06","69.67","70.51"
"2176","ALB","2003","Male","72.36","71.91","72.77"
"2177","MNE","2016","Male","74.21","74.05","74.41"
"2178","GIN","2019","Female","62.36","61.46","63.36"
"2179","VUT","2006","Both sexes","65.37","64.78","65.99"
"2180","BLZ","2004","Female","74.88","74.68","75.09"
"2181","PRT","2013","Male","77.37","77.35","77.45"
"2182","ETH","2003","Both sexes","54.78","53.98","55.57"
"2183","ALB","2010","Female","78.34","77.98","78.83"
"2184","BTN","2016","Both sexes","73.28","72.62","73.93"
"2185","MYS","2014","Female","76.72","76.70","76.81"
"2186","MWI","2009","Female","57.86","57.05","58.90"
"2187","SYR","2019","Male","65.37","64.57","66.24"
"2188","PRK","2017","Both sexes","71.92","71.20","72.51"
"2189","NIC","2003","Both sexes","75.81","75.56","76.18"
"2190","ARE","2013","Female","81.25","81.01","81.65"
"2191","NER","2012","Male","58.04","56.88","59.25"
"2192","COD","2006","Female","56.95","56.23","57.81"
"2193","TUN","2020","Male","74.71","73.78","75.61"
"2194","ERI","2002","Male","53.56","52.67","54.54"
"2195","GUY","2014","Both sexes","66.55","66.03","67.21"
"2196","MWI","2007","Both sexes","52.55","51.83","53.45"
"2197","KGZ","2000","Male","62.52","62.03","63.05"
"2198","BRN","2016","Both sexes","76.42","76.19","76.76"
"2199","AGO","2007","Female","57.42","56.58","58.27"
"2200","HTI","2002","Both sexes","57.58","56.62","58.56"
"2201","GEO","2003","Male","67.14","66.85","67.46"
"2202","PSE","2010","Male","70.56","70.26","70.92"
"2203","NIC","2016","Both sexes","77.93","77.66","78.20"
"2204","VCT","2015","Male","70.60","70.35","70.92"
"2205","PAN","2009","Male","74.00","73.75","74.24"
"2206","MWI","2005","Male","48.47","47.46","49.30"
"2207","BIH","2004","Male","73.76","73.66","73.92"
"2208","YEM","2018","Male","63.16","62.31","64.05"
"2209","IRN","2007","Male","73.58","73.40","73.86"
"2210","SDN","2012","Female","68.71","67.85","69.66"
"2211","SWZ","2001","Male","43.22","41.83","44.70"
"2212","NOR","2013","Both sexes","81.43","81.42","81.52"
"2213","DZA","2013","Female","76.34","76.13","76.65"
"2214","CAF","2021","Male","49.57","48.45","50.92"
"2215","BDI","2009","Both sexes","58.72","58.14","59.48"
"2216","AZE","2018","Female","77.52","77.30","77.80"
"2217","LSO","2015","Female","51.70","50.32","53.44"
"2218","ISR","2010","Both sexes","81.53","81.51","81.62"
"2219","BGR","2007","Both sexes","72.92","72.81","73.10"
"2220","TLS","2015","Male","66.42","65.50","67.27"
"2221","KOR","2006","Female","82.12","82.05","82.19"
"2222","TLS","2006","Both sexes","65.99","65.30","66.79"
"2223","RUS","2003","Both sexes","64.72","64.70","64.79"
"2224","SLE","2018","Female","60.77","59.78","61.90"
"2225","PHL","2005","Female","73.72","73.39","74.09"
"2226","GRC","2007","Female","81.99","81.98","82.07"
"2227","MNG","2008","Female","71.20","70.87","71.58"
"2228","MYS","2014","Male","72.94","72.91","73.03"
"2229","OMN","2010","Both sexes","73.02","72.64","73.47"
"2230","ARG","2020","Both sexes","76.23","76.19","76.35"
"2231","YEM","2009","Both sexes","67.59","66.73","68.51"
"2232","TUN","2001","Female","77.24","76.76","77.91"
"2233","BLZ","2013","Female","77.03","76.84","77.28"
"2234","MOZ","2015","Both sexes","55.86","55.09","56.76"
"2235","GNB","2008","Female","56.28","55.38","57.02"
"2236","SYR","2011","Female","74.18","73.80","74.65"
"2237","HTI","2012","Both sexes","61.53","60.62","62.55"
"2238","GNB","2013","Female","59.27","58.35","60.16"
"2239","ARM","2009","Both sexes","72.73","72.57","72.99"
"2240","KOR","2011","Female","84.16","84.09","84.23"
"2241","TGO","2007","Female","59.73","59.08","60.77"
"2242","TCD","2010","Both sexes","55.72","54.87","56.66"
"2243","GIN","2013","Male","57.73","56.82","58.90"
"2244","CPV","2014","Both sexes","74.87","74.32","75.40"
"2245","JOR","2003","Both sexes","73.52","72.98","74.12"
"2246","CIV","2002","Male","50.38","49.33","51.26"
"2247","BLR","2010","Male","64.52","64.46","64.62"
"2248","GIN","2001","Both sexes","54.67","53.84","55.53"
"2249","KWT","2005","Male","76.59","76.47","76.78"
"2250","IRQ","2004","Female","72.26","71.41","73.12"
"2251","MDA","2008","Female","72.04","71.88","72.24"
"2252","EST","2005","Male","67.45","67.34","67.63"
"2253","CAF","2017","Both sexes","51.27","50.12","52.49"
"2254","BIH","2002","Female","78.84","78.55","79.23"
"2255","ITA","2018","Female","84.77","84.71","84.82"
"2256","SAU","2004","Male","70.64","70.30","70.98"
"2257","JOR","2000","Female","72.30","71.85","72.90"
"2258","COM","2010","Both sexes","65.97","65.17","66.94"
"2259","SYR","2016","Female","70.32","69.75","70.97"
"2260","KHM","2018","Both sexes","69.36","68.71","70.14"
"2261","SVN","2003","Both sexes","76.34","76.26","76.48"
"2262","BGD","2018","Female","74.98","74.41","75.78"
"2263","CPV","2009","Male","70.55","69.81","71.24"
"2264","COD","2001","Male","51.31","50.71","52.24"
"2265","MDV","2014","Female","78.79","78.58","79.10"
"2266","ISL","2002","Female","82.15","82.04","82.32"
"2267","IRN","2015","Both sexes","77.28","77.18","77.42"
"2268","YEM","2005","Female","67.35","66.52","68.32"
"2269","ETH","2007","Female","60.88","60.29","61.45"
"2270","PSE","2014","Male","72.41","72.05","72.80"
"2271","GUY","2013","Female","69.67","69.23","70.22"
"2272","MMR","2008","Female","58.24","57.61","58.89"
"2273","EGY","2013","Male","67.65","67.37","67.98"
"2274","ISL","2014","Male","80.64","80.53","80.83"
"2275","AFG","2011","Female","60.05","59.05","61.14"
"2276","YEM","2000","Both sexes","63.08","62.22","63.91"
"2277","BDI","2007","Female","57.45","56.53","58.35"
"2278","AZE","2014","Female","74.66","74.34","75.00"
"2279","KWT","2008","Female","81.12","81.02","81.28"
"2280","MWI","2008","Both sexes","54.26","53.53","55.10"
"2281","IRN","2003","Male","71.81","71.55","72.15"
"2282","TUN","2003","Female","77.63","77.17","78.20"
"2283","BFA","2007","Male","54.86","53.92","55.96"
"2284","GNB","2009","Both sexes","54.72","54.00","55.81"
"2285","NOR","2002","Female","81.33","81.30","81.42"
"2286","ARG","2021","Male","71.59","71.42","71.79"
"2287","VNM","2013","Male","68.48","68.03","68.91"
"2288","BEN","2016","Male","60.65","59.79","61.54"
"2289","CUB","2013","Female","80.40","80.37","80.50"
"2290","LTU","2013","Both sexes","73.87","73.79","73.99"
"2291","MNG","2009","Both sexes","66.93","66.59","67.35"
"2292","ECU","2014","Male","74.39","74.01","74.78"
"2293","VUT","2013","Male","63.62","63.17","64.10"
"2294","AZE","2009","Male","66.70","66.22","67.31"
"2295","SVK","2017","Both sexes","77.09","77.05","77.20"
"2296","LBR","2015","Both sexes","60.38","59.39","61.53"
"2297","IRN","2019","Both sexes","77.78","77.65","77.98"
"2298","DNK","2021","Female","82.90","82.87","82.99"
"2299","WSM","2004","Both sexes","70.18","69.51","70.80"
"2300","ITA","2020","Both sexes","81.94","81.88","82.00"
"2301","LKA","2018","Female","80.09","79.54","80.91"
"2302","HND","2015","Female","71.89","71.11","72.71"
"2303","TUN","2003","Both sexes","74.95","74.40","75.76"
"2304","STP","2013","Female","71.30","70.78","71.92"
"2305","PRI","2000","Male","72.51","72.41","72.66"
"2306","ISR","2005","Both sexes","79.71","79.70","79.80"
"2307","DZA","2014","Male","75.63","75.32","76.01"
"2308","BEN","2015","Female","65.05","64.26","66.01"
"2309","CPV","2019","Female","78.23","77.73","78.82"
"2310","ISL","2008","Female","83.00","82.85","83.18"
"2311","CUB","2016","Female","80.44","80.40","80.55"
"2312","ARG","2021","Female","77.58","77.47","77.77"
"2313","TTO","2015","Both sexes","74.35","74.07","74.68"
"2314","CPV","2017","Both sexes","74.91","74.39","75.51"
"2315","GIN","2004","Male","55.14","54.36","56.04"
"2316","JPN","2019","Male","81.70","81.65","81.76"
"2317","SWE","2002","Both sexes","79.76","79.75","79.83"
"2318","MNG","2017","Both sexes","70.10","69.76","70.47"
"2319","ARG","2010","Both sexes","75.77","75.76","75.86"
"2320","AFG","2020","Male","59.34","58.65","60.35"
"2321","KGZ","2010","Both sexes","69.19","68.90","69.52"
"2322","FSM","2014","Both sexes","65.27","64.47","66.17"
"2323","ZMB","2007","Female","55.41","54.34","56.35"
"2324","TGO","2006","Female","59.54","58.76","60.55"
"2325","GTM","2013","Female","74.59","74.35","74.90"
"2326","SVN","2013","Male","77.06","76.98","77.21"
"2327","PAN","2003","Both sexes","76.19","75.95","76.47"
"2328","MDA","2002","Female","70.01","69.82","70.26"
"2329","VEN","2009","Both sexes","74.57","74.52","74.70"
"2330","AUT","2021","Female","83.30","83.28","83.38"
"2331","BEN","2017","Female","65.76","64.98","66.59"
"2332","LUX","2008","Male","78.16","78.05","78.38"
"2333","TON","2018","Both sexes","72.84","72.22","73.64"
"2334","NPL","2004","Both sexes","67.70","67.10","68.28"
"2335","SUR","2006","Female","74.71","74.43","75.01"
"2336","BRA","2017","Both sexes","74.99","74.83","75.22"
"2337","MNE","2004","Female","75.99","75.87","76.19"
"2338","TON","2000","Female","74.34","73.97","74.75"
"2339","SWZ","2000","Male","44.74","43.24","46.17"
"2340","DZA","2021","Male","75.51","74.95","76.18"
"2341","TJK","2019","Male","72.28","71.79","73.01"
"2342","LUX","2001","Male","75.61","75.49","75.82"
"2343","NPL","2008","Male","67.58","67.01","68.12"
"2344","GNQ","2019","Both sexes","61.39","59.73","63.20"
"2345","HRV","2010","Female","79.94","79.86","80.07"
"2346","MLI","2004","Male","55.92","55.06","56.90"
"2347","BEL","2007","Both sexes","79.57","79.56","79.64"
"2348","CAN","2005","Both sexes","79.95","79.88","80.02"
"2349","COG","2009","Male","60.21","59.56","61.13"
"2350","SWZ","2012","Male","46.34","45.46","47.72"
"2351","LCA","2011","Female","79.87","79.64","80.12"
"2352","BHR","2009","Male","72.60","72.47","72.86"
"2353","ARM","2019","Male","70.82","70.66","71.03"
"2354","TZA","2007","Both sexes","59.38","58.55","60.13"
"2355","COD","2002","Male","51.52","50.65","52.63"
"2356","KWT","2019","Female","86.43","86.31","86.60"
"2357","OMN","2000","Both sexes","71.66","70.99","72.38"
"2358","GEO","2007","Female","76.98","76.80","77.27"
"2359","GBR","2017","Female","82.62","82.56","82.67"
"2360","POL","2004","Female","78.99","78.98","79.08"
"2361","YEM","2007","Male","65.04","64.29","66.01"
"2362","DZA","2014","Female","76.46","76.24","76.77"
"2363","HTI","2017","Both sexes","63.25","61.98","64.39"
"2364","SLV","2011","Both sexes","74.57","74.40","74.80"
"2365","MEX","2009","Female","77.74","77.61","77.93"
"2366","SLV","2004","Female","77.49","77.26","77.74"
"2367","LBR","2011","Female","61.23","60.49","62.23"
"2368","JPN","2004","Both sexes","82.37","82.32","82.42"
"2369","MDA","2016","Male","67.79","67.63","68.06"
"2370","CHE","2014","Male","80.84","80.81","80.92"
"2371","ARM","2006","Male","68.17","68.01","68.41"
"2372","SWZ","2006","Male","41.76","40.78","43.04"
"2373","MNE","2011","Both sexes","75.99","75.87","76.17"
"2374","VEN","2002","Male","70.94","70.85","71.07"
"2375","ERI","2006","Male","55.70","54.93","56.65"
"2376","PAK","2000","Both sexes","61.41","60.76","62.20"
"2377","VCT","2003","Female","74.80","74.54","75.14"
"2378","SSD","2005","Female","57.49","56.16","58.75"
"2379","GTM","2008","Female","74.38","74.05","74.78"
"2380","BEL","2001","Both sexes","77.97","77.96","78.06"
"2381","BLZ","2010","Male","71.13","70.94","71.39"
"2382","LBY","2011","Male","69.04","68.61","69.54"
"2383","PRY","2012","Female","77.87","77.42","78.40"
"2384","ECU","2002","Female","76.59","76.22","76.99"
"2385","FIN","2021","Female","84.06","84.02","84.17"
"2386","UKR","2004","Female","73.31","73.23","73.43"
"2387","RWA","2010","Female","65.97","65.25","66.66"
"2388","THA","2013","Both sexes","76.54","76.15","77.04"
"2389","ERI","2013","Male","58.78","57.83","59.85"
"2390","COL","2005","Male","71.27","70.92","71.61"
"2391","SOM","2019","Both sexes","55.21","53.93","56.72"
"2392","TKM","2003","Male","61.95","61.51","62.46"
"2393","BRN","2009","Both sexes","76.88","76.66","77.20"
"2394","BOL","2009","Both sexes","70.14","69.54","70.92"
"2395","DNK","2014","Both sexes","80.51","80.49","80.60"
"2396","CAN","2005","Female","82.15","82.15","82.22"
"2397","URY","2003","Both sexes","74.81","74.71","74.97"
"2398","BRB","2001","Both sexes","75.06","74.89","75.38"
"2399","ISR","2009","Male","79.10","79.07","79.19"
"2400","SLB","2015","Female","67.79","67.02","68.86"
"2401","GTM","2017","Both sexes","72.70","72.48","73.00"
"2402","OMN","2021","Both sexes","72.48","72.17","72.88"
"2403","NAM","2012","Female","64.85","63.92","65.89"
"2404","HTI","2009","Both sexes","60.75","59.85","61.59"
"2405","UKR","2011","Male","65.91","65.90","65.99"
"2406","MYS","2007","Both sexes","74.44","74.43","74.53"
"2407","SLV","2006","Male","69.12","68.86","69.38"
"2408","BDI","2012","Male","59.59","58.86","60.28"
"2409","VUT","2012","Male","63.44","62.96","63.91"
"2410","BWA","2020","Male","62.69","61.67","64.00"
"2411","BWA","2014","Male","59.44","58.33","60.79"
"2412","PRY","2010","Female","77.53","77.10","78.00"
"2413","ARG","2019","Female","79.91","79.90","79.99"
"2414","PNG","2019","Both sexes","66.67","65.82","67.49"
"2415","MEX","2000","Male","71.73","71.55","71.95"
"2416","ARG","2002","Male","70.55","70.52","70.63"
"2417","GHA","2011","Both sexes","62.58","61.91","63.19"
"2418","CIV","2021","Both sexes","63.52","62.56","64.64"
"2419","ZAF","2011","Both sexes","59.10","58.80","59.46"
"2420","NAM","2003","Both sexes","51.39","50.37","52.68"
"2421","ITA","2010","Male","79.38","79.32","79.43"
"2422","ARG","2014","Female","79.65","79.63","79.73"
"2423","GNQ","2001","Male","53.48","52.00","55.20"
"2424","AGO","2008","Both sexes","56.22","55.35","57.10"
"2425","BOL","2000","Both sexes","66.09","65.67","66.64"
"2426","NIC","2005","Male","72.61","72.34","72.94"
"2427","WSM","2008","Female","72.13","71.63","72.64"
"2428","NAM","2015","Both sexes","61.86","60.90","62.86"
"2429","NIC","2015","Both sexes","78.26","77.97","78.57"
"2430","MYS","2012","Both sexes","74.62","74.60","74.69"
"2431","SSD","2014","Male","56.90","55.64","58.23"
"2432","BRA","2008","Female","77.20","76.99","77.43"
"2433","IRN","2005","Both sexes","74.89","74.63","75.17"
"2434","SDN","2002","Female","64.67","63.85","65.41"
"2435","COD","2014","Both sexes","59.46","58.56","60.34"
"2436","SUR","2000","Male","67.71","67.36","68.14"
"2437","BEL","2014","Female","83.27","83.26","83.35"
"2438","LKA","2005","Male","69.50","69.43","69.66"
"2439","PAK","2006","Male","62.38","61.56","63.36"
"2440","CRI","2014","Male","78.08","78.02","78.22"
"2441","DEU","2013","Male","77.94","77.88","77.99"
"2442","TKM","2012","Both sexes","69.31","68.94","69.70"
"2443","TJK","2010","Female","71.85","71.43","72.34"
"2444","CAN","2020","Both sexes","81.30","81.29","81.38"
"2445","JPN","2007","Both sexes","82.76","82.71","82.81"
"2446","ETH","2021","Female","69.75","69.04","70.38"
"2447","LAO","2013","Both sexes","65.97","65.22","66.78"
"2448","ALB","2011","Male","75.11","74.66","75.63"
"2449","PNG","2007","Female","64.88","64.20","65.62"
"2450","COM","2017","Male","66.67","65.78","67.75"
"2451","CHN","2007","Both sexes","73.84","73.59","74.19"
"2452","CIV","2011","Male","55.73","54.81","56.72"
"2453","GHA","2003","Female","61.10","60.29","61.84"
"2454","OMN","2008","Both sexes","73.35","72.98","73.87"
"2455","JAM","2001","Female","74.34","74.10","74.58"
"2456","PRY","2005","Female","77.34","76.79","77.98"
"2457","LKA","2007","Female","77.95","77.89","78.09"
"2458","UGA","2008","Male","55.57","54.93","56.29"
"2459","CPV","2000","Female","75.06","74.46","75.77"
"2460","DEU","2020","Both sexes","80.80","80.74","80.86"
"2461","NER","2021","Female","60.94","59.85","62.19"
"2462","MDV","2021","Female","76.59","76.32","77.04"
"2463","SVN","2014","Female","83.53","83.43","83.71"
"2464","MNE","2010","Male","73.26","73.14","73.50"
"2465","ROU","2019","Female","79.23","79.20","79.35"
"2466","LBY","2011","Female","74.02","73.67","74.36"
"2467","CHN","2020","Both sexes","77.48","76.95","78.26"
"2468","BRB","2004","Female","76.56","76.34","76.80"
"2469","PRI","2007","Female","81.91","81.81","82.09"
"2470","THA","2012","Both sexes","76.18","75.77","76.67"
"2471","LSO","2021","Female","54.60","53.25","55.99"
"2472","USA","2007","Male","75.59","75.54","75.64"
"2473","MLI","2018","Both sexes","61.32","60.32","62.29"
"2474","PHL","2010","Both sexes","69.69","69.37","70.04"
"2475","GRD","2016","Female","75.35","75.10","75.63"
"2476","CAF","2017","Male","48.32","47.22","49.37"
"2477","BRA","2005","Both sexes","73.15","72.93","73.42"
"2478","MDG","2012","Female","64.03","63.31","64.89"
"2479","BDI","2020","Female","66.67","65.87","67.69"
"2480","PAK","2007","Female","64.16","63.49","64.79"
"2481","TGO","2001","Female","58.02","57.17","59.09"
"2482","KEN","2000","Both sexes","54.09","53.23","55.20"
"2483","PNG","2010","Both sexes","64.89","64.17","65.67"
"2484","VNM","2003","Male","67.85","67.43","68.31"
"2485","ERI","2016","Male","60.03","59.05","61.24"
"2486","BOL","2016","Male","71.32","70.69","72.25"
"2487","OMN","2013","Female","77.62","77.32","78.03"
"2488","BEN","2014","Male","60.02","59.12","60.91"
"2489","BGD","2002","Both sexes","66.35","65.91","66.91"
"2490","MNG","2012","Both sexes","67.84","67.46","68.27"
"2491","SLV","2003","Female","77.02","76.75","77.36"
"2492","KHM","2008","Female","68.38","67.81","68.93"
"2493","MLT","2009","Both sexes","80.25","80.17","80.45"
"2494","SEN","2007","Female","65.44","65.01","65.96"
"2495","JAM","2014","Female","75.12","74.93","75.39"
"2496","NGA","2006","Female","58.90","57.95","59.85"
"2497","ARG","2009","Male","72.49","72.47","72.56"
"2498","GAB","2007","Male","59.15","58.46","60.27"
"2499","TGO","2002","Female","58.09","57.22","58.95"
"2500","FSM","2000","Male","60.88","60.02","61.56"
"2501","YEM","2013","Both sexes","68.75","67.90","69.65"
"2502","AFG","2012","Female","60.50","59.70","61.77"
"2503","SYR","2001","Male","70.74","70.31","71.33"
"2504","HTI","2021","Male","61.70","60.51","63.04"
"2505","CHL","2004","Female","80.32","80.30","80.40"
"2506","MOZ","2020","Female","61.81","60.79","62.87"
"2507","CYP","2019","Female","84.16","84.01","84.45"
"2508","ARM","2019","Female","79.79","79.64","80.01"
"2509","BDI","2017","Male","61.73","60.93","62.75"
"2510","USA","2006","Male","75.31","75.27","75.36"
"2511","SWE","2005","Female","82.46","82.46","82.53"
"2512","MKD","2009","Male","72.51","72.37","72.71"
"2513","MLT","2006","Both sexes","79.37","79.26","79.55"
"2514","MDV","2011","Male","73.61","73.33","73.90"
"2515","BRB","2009","Female","77.19","77.04","77.40"
"2516","NOR","2013","Male","79.53","79.51","79.62"
"2517","PRT","2009","Both sexes","79.41","79.39","79.48"
"2518","MNE","2005","Both sexes","73.99","73.83","74.17"
"2519","TKM","2008","Female","70.87","70.56","71.30"
"2520","LTU","2000","Both sexes","72.00","71.93","72.13"
"2521","DEU","2000","Male","75.04","74.97","75.11"
"2522","CYP","2003","Both sexes","79.11","78.91","79.40"
"2523","KHM","2015","Female","71.36","70.83","71.87"
"2524","LAO","2003","Male","58.26","57.39","59.14"
"2525","ZWE","2009","Both sexes","49.66","48.74","50.55"
"2526","BFA","2009","Male","56.04","55.20","57.01"
"2527","LBR","2002","Both sexes","53.67","52.76","54.70"
"2528","AGO","2012","Male","57.21","56.38","58.19"
"2529","COL","2014","Male","74.70","74.44","75.05"
"2530","UZB","2000","Both sexes","61.68","61.28","62.08"
"2531","PRK","2007","Both sexes","69.69","69.08","70.35"
"2532","LTU","2001","Male","65.88","65.81","65.99"
"2533","LTU","2017","Both sexes","75.49","75.40","75.62"
"2534","BDI","2003","Male","45.41","44.34","46.16"
"2535","WSM","2015","Both sexes","70.02","69.50","70.65"
"2536","FRA","2007","Female","84.06","84.00","84.12"
"2537","YEM","2012","Female","70.13","69.37","71.00"
"2538","MDA","2016","Female","75.80","75.66","76.02"
"2539","TON","2001","Female","74.49","74.15","74.90"
"2540","AUS","2021","Female","84.90","84.86","84.98"
"2541","KOR","2001","Both sexes","76.57","76.50","76.64"
"2542","LKA","2016","Female","79.74","79.26","80.22"
"2543","MDG","2017","Female","64.60","63.69","65.61"
"2544","AGO","2009","Both sexes","57.07","56.35","57.92"
"2545","SGP","2010","Female","84.04","84.01","84.14"
"2546","ERI","2019","Both sexes","63.76","62.92","64.78"
"2547","LBY","2009","Female","75.59","75.37","75.93"
"2548","TJK","2000","Both sexes","65.65","64.97","66.24"
"2549","CPV","2016","Male","72.19","71.60","72.92"
"2550","TGO","2010","Female","61.38","60.56","62.15"
"2551","BEN","2021","Female","66.38","65.60","67.45"
"2552","FJI","2020","Female","70.24","69.46","71.12"
"2553","ATG","2005","Male","73.32","73.03","73.64"
"2554","NZL","2005","Both sexes","79.94","79.91","80.03"
"2555","LTU","2013","Male","68.41","68.35","68.51"
"2556","MWI","2014","Female","64.37","63.75","65.02"
"2557","VNM","2016","Female","77.60","77.10","78.17"
"2558","ATG","2019","Female","77.07",NULL,NULL
"2559","AFG","2013","Both sexes","60.43","59.44","61.52"
"2560","GMB","2005","Male","58.80","57.98","59.79"
"2561","GMB","2002","Male","57.79","56.92","58.74"
"2562","YEM","2019","Male","63.95","63.13","64.81"
"2563","BRA","2017","Female","78.47","78.31","78.67"
"2564","SLB","2005","Both sexes","63.70","62.77","64.51"
"2565","USA","2003","Female","79.33","79.29","79.38"
"2566","LUX","2016","Male","80.56","80.42","80.74"
"2567","FRA","2002","Female","82.57","82.51","82.63"
"2568","BHR","2008","Female","74.03","73.90","74.26"
"2569","PAN","2001","Both sexes","76.07","75.81","76.38"
"2570","PAN","2007","Female","80.13","79.94","80.40"
"2571","TZA","2009","Male","60.01","59.31","60.91"
"2572","ZMB","2014","Female","61.92","61.01","63.17"
"2573","SYC","2010","Female","76.83","76.66","77.09"
"2574","GMB","2005","Both sexes","60.52","59.69","61.40"
"2575","TTO","2021","Female","75.15","74.42","76.18"
"2576","CHE","2001","Both sexes","80.10","80.09","80.18"
"2577","USA","2017","Male","76.31","76.26","76.35"
"2578","AFG","2016","Female","61.73","60.88","62.72"
"2579","RUS","2003","Female","71.72","71.69","71.82"
"2580","NZL","2004","Male","77.14","77.11","77.24"
"2581","HND","2017","Female","72.55","71.86","73.21"
"2582","CHN","2009","Male","71.74","71.48","72.18"
"2583","TJK","2019","Both sexes","73.81","73.28","74.39"
"2584","VUT","2019","Female","70.64","70.11","71.21"
"2585","SEN","2008","Both sexes","64.58","64.07","65.18"
"2586","ERI","2019","Female","66.53","65.66","67.47"
"2587","ITA","2016","Female","84.87","84.81","84.92"
"2588","BRN","2001","Male","74.38","74.04","74.74"
"2589","KOR","2015","Male","79.14","79.14","79.20"
"2590","HND","2012","Male","66.77","66.14","67.50"
"2591","BGR","2008","Female","76.90","76.82","77.06"
"2592","TZA","2020","Male","65.68","64.85","66.80"
"2593","GRC","2021","Male","77.26","77.21","77.37"
"2594","LAO","2018","Male","65.87","65.13","66.87"
"2595","LAO","2016","Both sexes","67.33","66.59","68.08"
"2596","LTU","2012","Female","79.28","79.20","79.40"
"2597","EST","2006","Male","67.57","67.47","67.74"
"2598","MNG","2021","Both sexes","70.10","69.71","70.59"
"2599","DEU","2008","Male","77.41","77.34","77.47"
"2600","IRL","2015","Female","82.91","82.88","83.02"
"2601","KOR","2009","Female","83.56","83.50","83.63"
"2602","BLR","2011","Male","64.67","64.63","64.77"
"2603","NGA","2000","Male","52.78","51.92","53.70"
"2604","ATG","2007","Both sexes","74.96","74.77","75.22"
"2605","ATG","2017","Both sexes","75.57","75.30","75.89"
"2606","GIN","2021","Both sexes","61.26","60.26","62.29"
"2607","NER","2018","Female","61.32","60.40","62.29"
"2608","TUR","2008","Both sexes","76.65","76.26","77.18"
"2609","ETH","2002","Female","54.45","53.75","55.13"
"2610","TCD","2019","Female","60.94","60.04","62.03"
"2611","GRC","2020","Male","78.49","78.47","78.58"
"2612","PAN","2020","Female","80.59","80.42","80.87"
"2613","VEN","2017","Both sexes","72.98","72.86","73.20"
"2614","SLE","2013","Both sexes","57.05","55.98","58.11"
"2615","TLS","2011","Male","66.13","65.18","67.07"
"2616","ESP","2003","Female","82.65","82.59","82.72"
"2617","NGA","2004","Male","54.91","53.95","55.88"
"2618","SLB","2006","Male","61.49","60.56","62.38"
"2619","LBR","2016","Both sexes","62.21","61.04","63.35"
"2620","BGD","2017","Both sexes","73.38","72.70","74.05"
"2621","EST","2014","Both sexes","77.10","77.00","77.29"
"2622","CHL","2003","Both sexes","77.45","77.42","77.54"
"2623","EGY","2015","Female","72.71","72.47","73.07"
"2624","IRN","2001","Female","75.50","75.22","75.83"
"2625","QAT","2006","Female","73.33","72.96","73.76"
"2626","PNG","2019","Female","67.92","67.23","68.63"
"2627","IRQ","2020","Both sexes","70.41","69.75","71.16"
"2628","MAR","2020","Both sexes","72.51","71.96","73.11"
"2629","HND","2013","Both sexes","69.35","68.55","70.22"
"2630","KWT","2010","Male","79.00","78.88","79.18"
"2631","VUT","2009","Female","69.43","69.05","69.89"
"2632","GHA","2015","Male","61.85","61.00","62.55"
"2633","GMB","2002","Female","61.51","60.89","62.44"
"2634","GNQ","2018","Both sexes","61.42","60.02","63.18"
"2635","ALB","2012","Male","75.30","74.83","75.82"
"2636","FRA","2010","Male","77.96","77.91","78.02"
"2637","GTM","2014","Female","74.77","74.49","75.10"
"2638","MOZ","2014","Both sexes","55.03","54.24","55.86"
"2639","LAO","2021","Male","66.09","65.00","67.16"
"2640","MDV","2002","Both sexes","71.06","70.76","71.44"
"2641","CYP","2001","Both sexes","78.87","78.68","79.13"
"2642","LVA","2016","Male","70.04","69.97","70.20"
"2643","MNG","2010","Both sexes","67.10","66.77","67.47"
"2644","CZE","2013","Female","81.04","81.01","81.14"
"2645","NER","2014","Female","60.33","59.37","61.29"
"2646","NZL","2013","Both sexes","81.36","81.33","81.46"
"2647","IND","2018","Both sexes","70.35","69.89","70.86"
"2648","MDA","2010","Male","63.21","63.05","63.41"
"2649","BWA","2021","Female","63.18","62.04","64.33"
"2650","MNG","2005","Female","69.82","69.47","70.25"
"2651","AGO","2013","Male","57.86","56.90","58.82"
"2652","ALB","2005","Female","77.19","76.89","77.52"
"2653","USA","2011","Both sexes","78.65","78.61","78.70"
"2654","IRQ","2013","Male","68.05","67.15","68.82"
"2655","YEM","2019","Female","70.01","69.21","70.98"
"2656","VEN","2019","Female","77.35","76.86","78.02"
"2657","CZE","2021","Both sexes","77.08","77.05","77.18"
"2658","NOR","2008","Male","78.25","78.23","78.34"
"2659","DOM","2013","Male","70.20","69.57","70.80"
"2660","IND","2002","Male","63.05","62.46","63.68"
"2661","URY","2012","Male","72.36","72.32","72.47"
"2662","SOM","2013","Male","50.23","48.88","51.65"
"2663","LAO","2000","Both sexes","58.28","57.48","59.07"
"2664","SLB","2015","Both sexes","65.15","64.28","66.23"
"2665","PRT","2015","Female","83.67","83.65","83.74"
"2666","MEX","2013","Female","78.57","78.43","78.76"
"2667","JAM","2010","Female","76.06","75.89","76.29"
"2668","EST","2019","Female","82.61","82.45","82.85"
"2669","JAM","2011","Female","75.76","75.60","76.00"
"2670","USA","2021","Both sexes","76.37","76.33","76.48"
"2671","ITA","2021","Female","84.33","84.32","84.39"
"2672","PRI","2012","Both sexes","79.35","79.26","79.52"
"2673","OMN","2021","Female","74.86","74.58","75.27"
"2674","ALB","2015","Female","79.62","79.38","79.97"
"2675","AGO","2021","Female","64.26","63.46","65.16"
"2676","SGP","2012","Female","84.31","84.29","84.40"
"2677","HND","2008","Both sexes","70.99","70.27","71.87"
"2678","LAO","2003","Both sexes","60.20","59.47","60.94"
"2679","COM","2009","Female","66.46","65.65","67.42"
"2680","GTM","2012","Both sexes","71.92","71.61","72.30"
"2681","MWI","2003","Both sexes","47.14","46.03","48.49"
"2682","PRI","2006","Female","81.76","81.66","81.91"
"2683","YEM","2007","Female","68.39","67.50","69.25"
"2684","GNB","2003","Female","53.61","52.72","54.51"
"2685","IDN","2020","Male","67.60","66.81","68.41"
"2686","TKM","2019","Both sexes","69.14","68.43","70.08"
"2687","BEL","2020","Female","82.88","82.87","82.97"
"2688","ARG","2011","Male","72.70","72.69","72.78"
"2689","NZL","2001","Both sexes","78.47","78.44","78.56"
"2690","GEO","2009","Male","66.91","66.74","67.14"
"2691","VEN","2015","Male","69.82","69.72","69.95"
"2692","SUR","2001","Male","67.65","67.20","68.02"
"2693","GNB","2017","Female","60.59","59.71","61.78"
"2694","CAF","2012","Both sexes","49.82","48.69","51.06"
"2695","EST","2015","Male","73.06","72.97","73.26"
"2696","WSM","2017","Both sexes","69.99","69.48","70.64"
"2697","ISR","2003","Male","76.86","76.83","76.95"
"2698","UKR","2002","Female","73.29","73.21","73.43"
"2699","FSM","2007","Female","67.32","66.62","68.12"
"2700","SLE","2003","Male","50.34","49.25","51.38"
"2701","TON","2007","Male","69.41","68.91","69.92"
"2702","SVK","2017","Male","73.70","73.66","73.81"
"2703","NZL","2008","Female","82.22","82.20","82.31"
"2704","WSM","2009","Male","67.58","67.10","68.26"
"2705","ITA","2002","Both sexes","79.96","79.90","80.01"
"2706","VNM","2020","Female","79.20","78.70","79.78"
"2707","THA","2008","Both sexes","74.46","74.06","74.98"
"2708","KWT","2000","Male","75.90","75.75","76.12"
"2709","EGY","2002","Male","66.16","65.77","66.55"
"2710","TCD","2000","Male","49.52","48.62","50.73"
"2711","BGR","2000","Both sexes","71.64","71.49","71.84"
"2712","IRN","2008","Male","73.95","73.76","74.21"
"2713","TGO","2005","Both sexes","56.96","56.10","57.86"
"2714","BDI","2007","Male","55.35","54.65","56.02"
"2715","QAT","2005","Both sexes","71.04","70.61","71.66"
"2716","MRT","2020","Female","69.61","68.86","70.34"
"2717","EGY","2012","Both sexes","69.83","69.57","70.12"
"2718","SSD","2017","Male","56.69","55.39","58.14"
"2719","KEN","2003","Male","53.74","52.99","54.83"
"2720","MWI","2013","Female","63.46","62.69","64.30"
"2721","LAO","2005","Female","63.53","62.98","64.34"
"2722","LTU","2011","Both sexes","73.55","73.48","73.68"
"2723","BGR","2021","Male","67.98","67.83","68.18"
"2724","ALB","2018","Male","76.15","75.88","76.52"
"2725","PSE","2014","Female","75.95","75.69","76.35"
"2726","HRV","2005","Both sexes","75.48","75.42","75.63"
"2727","BEN","2016","Female","65.41","64.56","66.36"
"2728","FSM","2002","Female","65.58","65.05","66.24"
"2729","KWT","2000","Female","80.00","79.90","80.18"
"2730","ETH","2009","Both sexes","62.16","61.63","62.66"
"2731","LKA","2015","Male","73.24","72.79","73.78"
"2732","DZA","2015","Male","75.77","75.46","76.10"
"2733","BGR","2015","Both sexes","74.56","74.46","74.73"
"2734","MEX","2004","Both sexes","75.04","74.89","75.23"
"2735","KGZ","2012","Both sexes","69.96","69.79","70.28"
"2736","TKM","2002","Both sexes","65.88","65.38","66.44"
"2737","GBR","2000","Female","80.09","80.03","80.16"
"2738","SRB","2011","Both sexes","74.55","74.50","74.68"
"2739","FJI","2016","Both sexes","67.75","67.09","68.59"
"2740","LUX","2021","Female","84.79",NULL,NULL
"2741","DEU","2012","Both sexes","80.59","80.53","80.65"
"2742","NGA","2002","Female","56.24","55.32","57.02"
"2743","PAN","2008","Both sexes","76.98","76.76","77.30"
"2744","PAK","2007","Male","62.67","61.88","63.74"
"2745","SAU","2011","Female","77.48","77.25","77.80"
"2746","ISR","2008","Female","82.42","82.40","82.51"
"2747","SGP","2014","Both sexes","82.60","82.58","82.71"
"2748","AGO","2011","Female","60.91","60.20","61.68"
"2749","FIN","2011","Both sexes","80.28","80.27","80.38"
"2750","GBR","2006","Male","77.12","77.06","77.18"
"2751","PRI","2013","Female","82.83","82.75","82.99"
"2752","CHL","2001","Both sexes","76.76","76.73","76.86"
"2753","PRT","2019","Both sexes","81.37","81.35","81.45"
"2754","TON","2014","Male","69.79","69.24","70.51"
"2755","KHM","2019","Male","66.87","66.04","67.53"
"2756","KHM","2000","Female","61.18","60.62","61.80"
"2757","LBN","2012","Female","80.27","79.96","80.61"
"2758","LAO","2006","Female","64.24","63.60","64.97"
"2759","IND","2010","Male","65.77","65.37","66.21"
"2760","QAT","2015","Male","77.41","76.92","78.11"
"2761","JPN","2002","Male","78.67","78.62","78.72"
"2762","SWE","2003","Both sexes","80.01","80.00","80.08"
"2763","AGO","2021","Both sexes","62.13","61.18","63.05"
"2764","CZE","2016","Both sexes","78.93","78.90","79.03"
"2765","MUS","2000","Male","67.75","67.58","67.97"
"2766","TUN","2007","Female","78.35","77.82","79.00"
"2767","BRN","2009","Male","75.51","75.29","75.88"
"2768","CHN","2005","Both sexes","72.44","72.18","72.85"
"2769","ISR","2001","Female","81.04","81.03","81.13"
"2770","BRB","2015","Female","77.38","77.09","77.76"
"2771","LCA","2006","Both sexes","74.71","74.41","75.03"
"2772","HRV","2001","Both sexes","75.00","74.93","75.14"
"2773","MOZ","2003","Male","49.64","48.77","50.40"
"2774","GHA","2005","Female","61.91","61.08","62.66"
"2775","LBN","2001","Male","74.77","74.37","75.43"
"2776","JOR","2008","Both sexes","75.81","75.40","76.28"
"2777","DOM","2008","Female","76.07","75.42","76.80"
"2778","RWA","2005","Female","58.48","57.53","59.19"
"2779","CPV","2016","Both sexes","74.86","74.31","75.43"
"2780","ETH","2015","Both sexes","67.10","66.40","67.84"
"2781","RUS","2020","Female","76.15","76.10","76.21"
"2782","VNM","2016","Male","68.93","68.43","69.44"
"2783","BTN","2020","Male","73.17","72.58","73.82"
"2784","SVN","2010","Female","82.71","82.60","82.89"
"2785","NAM","2007","Female","59.72","58.62","60.98"
"2786","AUS","2016","Both sexes","82.59","82.59","82.66"
"2787","STP","2007","Male","65.95","65.44","66.63"
"2788","JOR","2003","Female","72.92","72.49","73.42"
"2789","LBY","2008","Both sexes","74.20","73.93","74.57"
"2790","DEU","2007","Female","82.27","82.21","82.33"
"2791","OMN","2014","Female","77.57","77.29","77.92"
"2792","GMB","2015","Female","65.79","65.08","66.66"
"2793","ARM","2012","Both sexes","73.67","73.54","73.91"
"2794","RUS","2002","Male","58.62","58.60","58.69"
"2795","CHL","2003","Male","74.55","74.53","74.63"
"2796","KHM","2008","Both sexes","65.75","65.06","66.42"
"2797","MDA","2015","Female","75.07","74.91","75.30"
"2798","TLS","2004","Female","65.79","65.15","66.47"
"2799","AUT","2011","Male","78.05","78.04","78.13"
"2800","TGO","2003","Both sexes","56.35","55.52","57.41"
"2801","COG","2000","Female","52.67","51.69","53.71"
"2802","GBR","2021","Female","81.93","81.93","82.00"
"2803","NPL","2020","Male","68.98","68.26","69.75"
"2804","MUS","2012","Male","70.34","70.21","70.57"
"2805","SDN","2001","Female","64.28","63.41","65.19"
"2806","GBR","2020","Male","78.26","78.26","78.33"
"2807","YEM","2006","Both sexes","66.28","65.44","67.35"
"2808","KEN","2014","Female","66.14","65.51","66.87"
"2809","BGD","2007","Both sexes","68.43","68.03","68.90"
"2810","COD","2015","Both sexes","59.96","59.04","61.03"
"2811","LUX","2000","Both sexes","78.42","78.30","78.59"
"2812","UZB","2016","Both sexes","69.96","69.74","70.23"
"2813","ZAF","2010","Both sexes","57.10","56.81","57.44"
"2814","CHN","2012","Male","72.70","72.42","73.13"
"2815","SWZ","2015","Female","55.48","53.74","57.15"
"2816","COM","2011","Female","67.10","66.20","68.11"
"2817","LKA","2016","Male","73.62","73.06","74.14"
"2818","COL","2010","Female","79.00","78.71","79.28"
"2819","SWE","2010","Female","83.15","83.14","83.22"
"2820","NPL","2001","Both sexes","66.17","65.60","66.82"
"2821","TCD","2002","Female","53.30","52.52","54.23"
"2822","ZWE","2014","Both sexes","56.96","56.14","57.77"
"2823","LBY","2007","Both sexes","74.50","74.22","74.87"
"2824","EST","2019","Male","74.69","74.56","74.90"
"2825","MDA","2001","Female","70.11","69.88","70.40"
"2826","POL","2000","Female","77.88","77.86","77.96"
"2827","GRC","2000","Both sexes","78.42","78.41","78.51"
"2828","DZA","2015","Female","76.59","76.31","76.90"
"2829","DZA","2005","Both sexes","74.08","73.66","74.50"
"2830","MKD","2006","Female","76.05","75.94","76.25"
"2831","ISR","2019","Male","80.74","80.72","80.84"
"2832","ZMB","2000","Female","45.14","43.93","46.55"
"2833","MRT","2021","Male","68.38","67.63","69.07"
"2834","URY","2021","Both sexes","74.98","74.86","75.14"
"2835","BLZ","2014","Male","71.67","71.47","71.93"
"2836","KOR","2019","Both sexes","83.69","83.68","83.76"
"2837","HND","2002","Male","69.18","68.31","70.29"
"2838","OMN","2008","Male","70.80","70.41","71.30"
"2839","SDN","2000","Both sexes","62.49","61.69","63.28"
"2840","KHM","2006","Male","61.69","61.17","62.36"
"2841","VCT","2007","Male","71.07","70.78","71.42"
"2842","COG","2013","Male","61.29","60.58","62.24"
"2843","SSD","2013","Both sexes","59.03","57.92","60.29"
"2844","ATG","2008","Male","72.10","71.89","72.38"
"2845","TZA","2021","Female","68.38","67.77","69.10"
"2846","BRN","2000","Female","77.11","76.89","77.34"
"2847","ZAF","2018","Both sexes","65.32","65.03","65.63"
"2848","BRA","2008","Both sexes","73.71","73.51","73.97"
"2849","KHM","2012","Male","64.82","64.28","65.46"
"2850","SEN","2011","Both sexes","65.97","65.42","66.55"
"2851","FRA","2005","Both sexes","80.00","79.95","80.06"
"2852","BOL","2011","Male","69.84","68.99","70.57"
"2853","PAN","2013","Female","80.67","80.46","80.96"
"2854","GMB","2004","Both sexes","60.16","59.35","61.05"
"2855","SVK","2000","Female","77.41","77.36","77.52"
"2856","ECU","2001","Female","76.25","75.93","76.64"
"2857","SVN","2006","Male","74.35","74.26","74.49"
"2858","DNK","2001","Male","74.89","74.87","74.97"
"2859","BWA","2015","Male","60.06","59.06","61.48"
"2860","GUY","2005","Female","68.02","67.66","68.45"
"2861","SVK","2013","Female","79.95","79.90","80.09"
"2862","ETH","2021","Both sexes","67.84","67.10","68.62"
"2863","PRY","2001","Female","77.49","76.96","78.10"
"2864","BWA","2015","Both sexes","62.05","60.85","63.33"
"2865","FJI","2014","Female","69.85","69.31","70.46"
"2866","TTO","2013","Female","77.19","76.77","77.59"
"2867","VUT","2008","Female","69.26","68.70","69.81"
"2868","GRC","2015","Both sexes","80.42","80.41","80.49"
"2869","LCA","2004","Male","70.82","70.55","71.13"
"2870","NPL","2016","Male","68.78","68.02","69.55"
"2871","MUS","2004","Female","75.44","75.29","75.68"
"2872","PRY","2002","Both sexes","75.11","74.35","75.83"
"2873","KEN","2001","Male","53.19","52.28","54.30"
"2874","MAR","2006","Female","72.13","71.52","72.82"
"2875","TZA","2010","Both sexes","61.68","61.00","62.44"
"2876","BEN","2020","Female","67.04","66.22","68.15"
"2877","KHM","2014","Female","71.10","70.54","71.73"
"2878","JOR","2001","Both sexes","72.68","72.21","73.35"
"2879","BOL","2021","Both sexes","65.41","64.89","66.18"
"2880","DNK","2015","Both sexes","80.59","80.58","80.69"
"2881","PER","2012","Male","77.48","77.08","78.05"
"2882","WSM","2008","Both sexes","70.48","69.91","71.15"
"2883","CAF","2004","Both sexes","45.62","44.70","46.72"
"2884","TZA","2005","Female","57.41","56.56","58.31"
"2885","ZWE","2015","Female","59.36","58.41","60.27"
"2886","GAB","2016","Both sexes","64.26","63.27","65.26"
"2887","HRV","2001","Male","71.32","71.26","71.45"
"2888","STP","2001","Both sexes","63.93","63.30","64.56"
"2889","SUR","2013","Both sexes","73.15","72.90","73.52"
"2890","CHN","2021","Both sexes","77.62","77.07","78.30"
"2891","SVK","2005","Female","77.95","77.90","78.08"
"2892","SUR","2018","Male","70.09","69.79","70.49"
"2893","GRC","2013","Female","83.06","83.06","83.14"
"2894","QAT","2008","Both sexes","72.37","71.89","72.88"
"2895","NPL","2017","Female","72.61","71.97","73.35"
"2896","ESP","2010","Male","78.76","78.70","78.82"
"2897","BEN","2007","Female","61.74","61.11","62.55"
"2898","EST","2005","Both sexes","72.89","72.80","73.04"
"2899","PSE","2005","Both sexes","70.56","70.28","70.92"
"2900","ATG","2001","Female","76.84","76.55","77.21"
"2901","THA","2019","Both sexes","76.92","76.53","77.41"
"2902","VEN","2015","Both sexes","73.94","73.88","74.07"
"2903","MNE","2000","Both sexes","73.43","73.29","73.73"
"2904","KOR","2012","Male","77.74","77.67","77.81"
"2905","JAM","2021","Male","67.64","66.82","68.62"
"2906","ZMB","2005","Male","48.66","47.75","49.66"
"2907","MDV","2016","Male","76.11","75.83","76.46"
"2908","PRT","2001","Female","80.42","80.40","80.50"
"2909","URY","2004","Male","71.32","71.25","71.47"
"2910","BLZ","2020","Both sexes","74.69","74.45","74.95"
"2911","BFA","2001","Female","53.82","53.03","54.63"
"2912","CAN","2000","Male","76.53","76.45","76.60"
"2913","ERI","2016","Both sexes","62.88","61.86","63.76"
"2914","SGP","2005","Male","78.23","78.22","78.32"
"2915","MDA","2004","Male","62.55","62.36","62.79"
"2916","POL","2012","Female","80.69","80.68","80.77"
"2917","CIV","2013","Both sexes","59.31","58.41","60.15"
"2918","PNG","2006","Male","63.12","62.42","63.92"
"2919","MLT","2018","Female","84.01","83.88","84.22"
"2920","MKD","2010","Male","72.72","72.60","72.89"
"2921","BGR","2008","Both sexes","73.25","73.11","73.41"
"2922","DEU","2016","Both sexes","80.69","80.63","80.74"
"2923","BRB","2017","Female","77.47","77.09","77.98"
"2924","VCT","2011","Female","75.51","75.29","75.80"
"2925","AGO","2014","Male","58.64","57.69","59.66"
"2926","UZB","2020","Male","69.23","68.77","69.73"
"2927","BIH","2001","Both sexes","75.85","75.39","76.41"
"2928","BRN","2004","Male","75.05","74.87","75.36"
"2929","ATG","2009","Female","77.90","77.64","78.18"
"2930","GRC","2014","Both sexes","80.84","80.83","80.91"
"2931","CPV","2021","Female","77.44","77.02","78.03"
"2932","NAM","2013","Both sexes","61.88","60.85","63.01"
"2933","FSM","2019","Female","68.81","68.12","69.73"
"2934","SVK","2020","Female","80.21","80.15","80.34"
"2935","KEN","2020","Male","64.06","63.48","64.74"
"2936","IRL","2019","Male","80.27","80.22","80.39"
"2937","LCA","2002","Male","70.41","70.19","70.72"
"2938","SDN","2008","Both sexes","66.11","65.26","67.23"
"2939","COM","2007","Female","65.95","65.23","66.80"
"2940","THA","2017","Male","73.75","73.39","74.31"
"2941","MAR","2007","Both sexes","71.61","70.96","72.52"
"2942","HND","2021","Female","70.53","69.97","71.05"
"2943","VUT","2014","Female","70.25","69.83","70.70"
"2944","LAO","2012","Both sexes","65.53","64.92","66.32"
"2945","KEN","2011","Male","59.88","59.15","60.57"
"2946","NIC","2012","Male","73.92","73.58","74.30"
"2947","TKM","2009","Female","72.08","71.73","72.49"
"2948","WSM","2020","Male","68.74","68.12","69.42"
"2949","BOL","2013","Both sexes","71.34","70.74","72.02"
"2950","GMB","2002","Both sexes","59.59","58.62","60.47"
"2951","GNQ","2005","Male","56.00","54.38","57.65"
"2952","NZL","2007","Both sexes","80.04","80.01","80.13"
"2953","FJI","2001","Both sexes","66.35","66.08","66.61"
"2954","SLE","2017","Male","58.33","57.06","59.43"
"2955","TUN","2017","Both sexes","77.03","76.33","77.81"
"2956","ESP","2007","Female","83.78","83.71","83.84"
"2957","GRC","2000","Female","80.96","80.95","81.05"
"2958","LKA","2004","Both sexes","69.12","69.01","69.31"
"2959","COD","2002","Both sexes","53.25","52.40","54.22"
"2960","VCT","2018","Female","75.67","75.41","76.03"
"2961","CHE","2017","Female","84.95","84.93","85.03"
"2962","KEN","2009","Both sexes","60.49","59.95","61.25"
"2963","FJI","2001","Female","69.08","68.81","69.39"
"2964","IDN","2019","Female","73.26","72.54","74.02"
"2965","USA","2010","Female","80.79","80.74","80.84"
"2966","KIR","2013","Female","64.82","64.02","65.62"
"2967","ROU","2011","Female","78.01","77.96","78.12"
"2968","SYR","2008","Female","75.14","74.85","75.52"
"2969","QAT","2009","Female","74.83","74.43","75.32"
"2970","NPL","2007","Female","70.17","69.68","70.72"
"2971","JAM","2015","Both sexes","72.29","72.00","72.71"
"2972","COD","2003","Female","55.35","54.44","56.22"
"2973","LVA","2013","Female","78.62","78.54","78.77"
"2974","KOR","2007","Female","82.49","82.49","82.56"
"2975","BFA","2016","Both sexes","61.36","60.45","62.32"
"2976","CYP","2015","Both sexes","81.80","81.61","82.08"
"2977","IDN","2011","Male","67.82","67.24","68.55"
"2978","SGP","2007","Female","82.97","82.96","83.06"
"2979","WSM","2019","Female","71.31","70.77","71.90"
"2980","MDA","2007","Male","63.16","62.98","63.38"
"2981","LBN","2001","Both sexes","76.16","75.80","76.74"
"2982","USA","2009","Both sexes","78.42","78.38","78.47"
"2983","KAZ","2017","Both sexes","72.97","72.80","73.18"
"2984","MKD","2000","Male","70.81","70.66","71.01"
"2985","NZL","2012","Male","79.36","79.34","79.45"
"2986","LBY","2000","Female","75.89","75.52","76.28"
"2987","BIH","2009","Male","73.90","73.84","74.05"
"2988","SSD","2000","Both sexes","51.90","50.67","52.98"
"2989","ARG","2007","Both sexes","75.06","75.04","75.14"
"2990","KGZ","2008","Male","64.35","64.08","64.70"
"2991","BRN","2003","Both sexes","76.11","75.86","76.43"
"2992","ISL","2018","Female","83.84",NULL,NULL
"2993","GNB","2004","Male","49.62","48.84","50.70"
"2994","DEU","2008","Both sexes","79.88","79.82","79.94"
"2995","PNG","2001","Male","62.60","61.91","63.47"
"2996","SWZ","2016","Male","49.97","48.70","51.27"
"2997","IRL","2000","Female","79.00","78.98","79.11"
"2998","IRN","2000","Both sexes","73.49","73.20","73.86"
"2999","SVN","2006","Female","81.60","81.51","81.77"
"3000","BHS","2021","Female","73.47","73.04","74.04"
"3001","TUR","2014","Female","79.48","79.17","79.91"
"3002","MKD","2003","Male","70.95","70.83","71.13"
"3003","MYS","2009","Female","76.31","76.30","76.38"
"3004","CRI","2007","Both sexes","80.23","80.14","80.38"
"3005","SOM","2018","Both sexes","54.67","53.37","55.83"
"3006","CHL","2000","Both sexes","76.80","76.77","76.88"
"3007","UGA","2001","Both sexes","49.78","48.82","50.58"
"3008","BLZ","2018","Both sexes","74.58","74.32","74.89"
"3009","VUT","2015","Female","70.34","69.93","70.76"
"3010","BGR","2010","Female","77.23","77.15","77.37"
"3011","CYP","2007","Both sexes","80.21","80.02","80.49"
"3012","GBR","2013","Both sexes","80.69","80.63","80.74"
"3013","CAF","2005","Male","45.12","44.12","46.29"
"3014","HUN","2018","Both sexes","76.09","76.05","76.18"
"3015","MNE","2013","Female","78.73","78.65","78.91"
"3016","LCA","2014","Both sexes","76.28","76.02","76.66"
"3017","KEN","2006","Female","59.01","58.31","59.75"
"3018","GNB","2002","Female","53.27","52.20","54.23"
"3019","HTI","2013","Female","62.08","61.18","62.97"
"3020","KGZ","2021","Both sexes","72.19","71.72","72.73"
"3021","ROU","2002","Both sexes","70.90","70.82","71.06"
"3022","MUS","2011","Both sexes","73.52","73.34","73.71"
"3023","GAB","2006","Male","58.75","57.82","59.75"
"3024","PER","2010","Female","79.79","79.43","80.26"
"3025","DJI","2013","Both sexes","63.14","61.91","64.69"
"3026","LBN","2010","Female","80.05","79.78","80.39"
"3027","TCD","2007","Female","55.41","54.61","56.28"
"3028","PRI","2014","Both sexes","79.89","79.82","80.05"
"3029","MOZ","2007","Female","54.80","53.90","55.50"
"3030","GUY","2006","Female","68.32","67.90","68.74"
"3031","GEO","2009","Female","75.58","75.43","75.77"
"3032","IRL","2000","Male","73.88","73.83","73.99"
"3033","CAF","2016","Both sexes","51.50","50.41","52.87"
"3034","DOM","2013","Both sexes","73.28","72.72","74.03"
"3035","SVN","2000","Female","79.72","79.63","79.88"
"3036","KAZ","2004","Male","59.54","59.23","59.91"
"3037","ZAF","2011","Male","56.41","56.11","56.73"
"3038","ARG","2004","Both sexes","74.91","74.88","75.02"
"3039","BHS","2020","Female","75.96","75.41","76.59"
"3040","GEO","2019","Both sexes","73.85","73.73","74.04"
"3041","NOR","2009","Both sexes","80.75","80.73","80.84"
"3042","PAN","2016","Male","75.39","75.16","75.67"
"3043","MMR","2013","Both sexes","66.45","65.77","67.23"
"3044","CZE","2002","Male","72.06","72.02","72.14"
"3045","PHL","2012","Both sexes","69.54","69.16","69.95"
"3046","AUS","2002","Female","82.55","82.54","82.62"
"3047","BWA","2014","Both sexes","61.38","60.10","62.58"
"3048","ZMB","2013","Male","57.14","56.20","58.29"
"3049","SUR","2017","Female","76.15","75.90","76.44"
"3050","LSO","2002","Male","45.07","43.83","46.29"
"3051","QAT","2019","Female","79.84","79.33","80.56"
"3052","SGP","2006","Female","83.08","83.06","83.17"
"3053","MEX","2017","Both sexes","75.87","75.70","76.08"
"3054","AUS","2021","Both sexes","83.10","83.07","83.19"
"3055","ETH","2012","Both sexes","65.13","64.71","65.82"
"3056","GEO","2010","Both sexes","71.82","71.66","72.02"
"3057","IRQ","2012","Both sexes","71.64","70.82","72.44"
"3058","THA","2002","Female","75.36","74.94","75.84"
"3059","MRT","2019","Female","70.38","69.71","71.17"
"3060","KWT","2016","Female","85.63","85.53","85.78"
"3061","CZE","2006","Female","79.69","79.65","79.78"
"3062","JOR","2002","Female","72.31","71.91","72.83"
"3063","KHM","2021","Male","66.35","65.59","67.21"
"3064","GBR","2019","Both sexes","81.22","81.16","81.29"
"3065","FJI","2007","Female","69.45","69.14","69.75"
"3066","RUS","2004","Male","58.79","58.78","58.84"
"3067","SLV","2016","Male","68.71","68.50","68.95"
"3068","GNB","2013","Male","54.48","53.40","55.66"
"3069","ALB","2020","Male","74.26","73.89","74.62"
"3070","BGD","2014","Both sexes","72.78","72.22","73.33"
"3071","TGO","2017","Female","65.31","64.56","66.33"
"3072","DEU","2006","Both sexes","79.60","79.54","79.67"
"3073","LAO","2007","Female","64.88","64.32","65.54"
"3074","ISL","2020","Both sexes","82.56","82.45","82.78"
"3075","SLV","2005","Male","68.92","68.65","69.28"
"3076","PAK","2011","Female","65.37","64.53","66.33"
"3077","ETH","2019","Female","70.54","69.78","71.39"
"3078","PNG","2014","Female","66.93","66.32","67.73"
"3079","FJI","2018","Female","70.07","69.44","71.10"
"3080","IDN","2000","Both sexes","67.21","66.81","67.68"
"3081","LBY","2000","Both sexes","74.04","73.61","74.53"
"3082","LCA","2002","Both sexes","73.51","73.27","73.76"
"3083","PAN","2018","Both sexes","78.65","78.47","78.90"
"3084","ETH","2010","Female","64.75","64.27","65.36"
"3085","SOM","2001","Both sexes","49.33","48.22","50.44"
"3086","TLS","2015","Both sexes","67.84","67.06","68.73"
"3087","KAZ","2014","Both sexes","71.48","71.27","71.72"
"3088","SLV","2016","Both sexes","73.59","73.39","73.81"
"3089","HUN","2004","Male","68.66","68.61","68.75"
"3090","BGR","2001","Male","68.49","68.32","68.71"
"3091","GIN","2007","Female","58.14","57.30","58.83"
"3092","VNM","2012","Both sexes","72.74","72.33","73.23"
"3093","ZMB","2009","Female","58.73","57.80","59.83"
"3094","BTN","2021","Both sexes","74.88","74.16","75.53"
"3095","UZB","2017","Female","72.58","72.36","72.89"
"3096","KIR","2006","Both sexes","61.10","60.39","61.88"
"3097","GRD","2005","Male","67.54","67.32","67.82"
"3098","MDG","2017","Both sexes","63.58","62.71","64.68"
"3099","CMR","2011","Male","55.83","55.12","56.68"
"3100","BHS","2018","Both sexes","73.38","72.86","73.98"
"3101","COL","2019","Both sexes","77.95","77.73","78.24"
"3102","PRT","2012","Both sexes","80.21","80.19","80.29"
"3103","VUT","2000","Female","68.53","67.93","69.20"
"3104","KIR","2013","Male","58.31","57.51","59.45"
"3105","CHE","2020","Both sexes","82.74","82.72","82.83"
"3106","GRD","2009","Male","68.06","67.88","68.39"
"3107","JAM","2000","Female","74.52","74.27","74.80"
"3108","COL","2009","Male","72.61","72.32","72.99"
"3109","LCA","2014","Male","72.75","72.36","73.15"
"3110","HRV","2008","Male","72.47","72.42","72.58"
"3111","AFG","2017","Male","59.83","58.99","60.86"
"3112","PHL","2020","Both sexes","69.64","69.24","70.08"
"3113","GAB","2018","Both sexes","64.70","63.74","65.78"
"3114","BRB","2019","Female","77.61","77.08","78.19"
"3115","BRA","2006","Both sexes","73.33","73.12","73.64"
"3116","URY","2018","Male","73.23","73.19","73.33"
"3117","GTM","2019","Both sexes","72.71","72.44","73.03"
"3118","KEN","2021","Male","64.40","63.83","65.05"
"3119","KEN","2006","Male","55.92","55.19","56.73"
"3120","TKM","2011","Male","65.73","65.35","66.17"
"3121","TUR","2003","Both sexes","75.30","74.85","75.76"
"3122","DOM","2009","Both sexes","73.55","72.66","74.41"
"3123","BRN","2013","Male","75.39","75.14","75.80"
"3124","SEN","2010","Both sexes","65.57","65.05","66.23"
"3125","SYR","2018","Female","71.13","70.41","71.91"
"3126","GMB","2015","Both sexes","63.80","63.09","64.75"
"3127","TCD","2013","Male","55.56","54.53","56.85"
"3128","FRA","2021","Both sexes","81.92","81.91","82.00"
"3129","ROU","2017","Both sexes","75.11","75.07","75.21"
"3130","MWI","2018","Male","60.06","59.27","60.83"
"3131","GMB","2020","Female","66.99","66.27","67.74"
"3132","JPN","2017","Both sexes","84.26","84.21","84.31"
"3133","QAT","2008","Male","71.70","71.23","72.35"
"3134","FIN","2014","Both sexes","80.87","80.85","80.96"
"3135","BIH","2012","Female","79.70","79.61","79.86"
"3136","PRY","2004","Female","77.17","76.67","77.87"
"3137","MAR","2002","Male","70.07","69.32","70.98"
"3138","SUR","2016","Male","70.14","69.81","70.56"
"3139","ZWE","2016","Female","59.85","59.04","60.80"
"3140","UGA","2021","Male","62.93","61.99","63.96"
"3141","ARM","2012","Male","69.32","69.14","69.55"
"3142","MLI","2009","Both sexes","58.28","57.51","59.02"
"3143","NIC","2011","Both sexes","76.94","76.64","77.26"
"3144","RUS","2000","Male","58.83","58.78","58.90"
"3145","DOM","2002","Female","76.55","76.10","76.99"
"3146","SUR","2008","Both sexes","72.21","71.95","72.54"
"3147","GUY","2004","Female","67.81","67.42","68.27"
"3148","GBR","2020","Female","82.03","82.03","82.09"
"3149","SLE","2000","Male","48.03","47.02","49.28"
"3150","COL","2016","Female","80.26","80.07","80.52"
"3151","LSO","2012","Both sexes","49.02","47.73","50.45"
"3152","CAF","2015","Male","48.90","47.78","50.00"
"3153","DZA","2010","Both sexes","75.29","75.00","75.61"
"3154","KWT","2013","Both sexes","81.74","81.62","81.88"
"3155","VEN","2005","Female","78.48","78.41","78.59"
"3156","FSM","2012","Male","62.36","61.57","63.29"
"3157","UGA","2006","Male","53.79","53.08","54.61"
"3158","MUS","2008","Female","76.43","76.33","76.60"
"3159","COD","2010","Both sexes","57.40","56.59","58.19"
"3160","SWE","2000","Female","81.79","81.78","81.86"
"3161","FRA","2014","Male","79.28","79.22","79.34"
"3162","BTN","2015","Male","72.05","71.37","72.67"
"3163","ROU","2003","Both sexes","71.23","71.14","71.41"
"3164","ERI","2016","Female","65.76","65.02","66.60"
"3165","GMB","2000","Both sexes","59.15","58.27","60.01"
"3166","HND","2015","Male","67.30","66.55","68.07"
"3167","USA","2011","Female","80.80","80.75","80.84"
"3168","KOR","2002","Female","80.24","80.16","80.32"
"3169","SGP","2004","Female","82.59","82.57","82.68"
"3170","LTU","2014","Female","79.83","79.76","79.99"
"3171","GNB","2014","Female","59.56","58.62","60.48"
"3172","GNB","2020","Both sexes","58.38","57.40","59.53"
"3173","VUT","2013","Both sexes","66.61","66.15","67.11"
"3174","GHA","2007","Male","58.69","58.07","59.25"
"3175","BHR","2012","Both sexes","74.57","74.41","74.79"
"3176","SUR","2009","Male","69.81","69.49","70.19"
"3177","MKD","2008","Both sexes","74.32","74.21","74.51"
"3178","BWA","2016","Female","64.97","63.55","66.32"
"3179","BOL","2014","Both sexes","71.65","70.99","72.49"
"3180","BRN","2014","Male","75.28","75.03","75.57"
"3181","QAT","2014","Both sexes","76.57","76.10","77.34"
"3182","ISL","2005","Female","82.62","82.51","82.80"
"3183","FIN","2021","Both sexes","81.53","81.50","81.63"
"3184","BDI","2016","Female","65.14","64.39","66.09"
"3185","LSO","2018","Both sexes","51.60","50.46","52.84"
"3186","KWT","2007","Both sexes","79.06","78.97","79.23"
"3187","BHR","2013","Both sexes","75.03","74.87","75.29"
"3188","GMB","2003","Female","61.72","60.95","62.56"
"3189","IRL","2006","Female","81.32","81.29","81.42"
"3190","OMN","2008","Female","77.55","77.14","78.00"
"3191","BTN","2016","Female","74.45","73.79","75.09"
"3192","YEM","2008","Both sexes","67.19","66.31","68.00"
"3193","LVA","2012","Male","68.79","68.71","68.91"
"3194","SYR","2003","Female","74.00","73.71","74.40"
"3195","ALB","2017","Male","76.10","75.78","76.51"
"3196","QAT","2016","Female","79.21","78.70","79.74"
"3197","ECU","2020","Male","69.52","69.15","70.02"
"3198","NIC","2017","Male","75.95","75.63","76.30"
"3199","ZWE","2010","Male","49.97","49.19","50.85"
"3200","FRA","2016","Female","84.89","84.88","84.97"
"3201","MLT","2004","Both sexes","78.90","78.79","79.07"
"3202","GBR","2007","Female","81.40","81.34","81.46"
"3203","NPL","2001","Male","65.02","64.35","65.74"
"3204","BEN","2001","Female","59.72","58.98","60.42"
"3205","BFA","2002","Both sexes","52.91","52.11","53.72"
"3206","HTI","2021","Female","63.21","62.44","64.11"
"3207","SYC","2007","Female","76.38","76.21","76.68"
"3208","ECU","2017","Male","74.90","74.58","75.29"
"3209","MKD","2016","Female","77.66","77.56","77.82"
"3210","LSO","2002","Both sexes","47.83","46.33","49.34"
"3211","BWA","2009","Male","55.10","53.94","56.54"
"3212","HND","2016","Both sexes","71.09","70.39","71.87"
"3213","NIC","2019","Both sexes","78.87","78.50","79.21"
"3214","ECU","2014","Female","79.45","79.18","79.79"
"3215","UKR","2005","Female","73.12","73.07","73.25"
"3216","LVA","2018","Male","70.28","70.19","70.42"
"3217","MRT","2012","Female","68.99","68.38","69.76"
"3218","BRN","2010","Female","78.43","78.22","78.72"
"3219","PRK","2007","Male","66.62","66.07","67.34"
"3220","SVK","2018","Male","73.79","73.73","73.90"
"3221","PNG","2005","Female","64.45","63.66","65.21"
"3222","JOR","2007","Both sexes","74.97","74.55","75.42"
"3223","KEN","2004","Both sexes","55.51","54.54","56.48"
"3224","BIH","2002","Male","73.09","72.74","73.55"
"3225","HTI","2008","Both sexes","60.26","59.35","61.21"
"3226","GAB","2005","Female","61.33","60.63","62.40"
"3227","LBY","2009","Male","72.71","72.37","73.09"
"3228","IRL","2014","Both sexes","81.05","81.03","81.15"
"3229","BLZ","2001","Female","73.96","73.76","74.19"
"3230","MNG","2020","Both sexes","72.71","72.36","73.05"
"3231","TKM","2015","Male","65.31","64.96","65.82"
"3232","LSO","2004","Both sexes","43.81","42.08","45.34"
"3233","BDI","2011","Male","58.94","58.24","59.73"
"3234","SVN","2005","Male","73.96","73.87","74.11"
"3235","WSM","2009","Female","69.92","69.47","70.48"
"3236","YEM","2006","Female","67.91","67.15","68.72"
"3237","YEM","2008","Male","65.50","64.56","66.40"
"3238","VCT","2001","Male","69.62","69.32","69.96"
"3239","BLZ","2005","Both sexes","72.40","72.20","72.63"
"3240","GNB","2000","Both sexes","50.20","49.29","51.07"
"3241","STP","2016","Male","69.48","68.89","70.13"
"3242","MKD","2004","Female","75.83","75.68","76.00"
"3243","TZA","2002","Female","55.27","54.34","56.45"
"3244","STP","2003","Both sexes","65.23","64.68","65.92"
"3245","YEM","2016","Both sexes","67.69","66.97","68.72"
"3246","TLS","2007","Female","67.30","66.68","67.86"
"3247","IRN","2014","Male","75.80","75.70","75.98"
"3248","DEU","2013","Female","82.59","82.53","82.65"
"3249","AUT","2018","Male","79.19","79.18","79.27"
"3250","NGA","2003","Both sexes","55.58","54.80","56.45"
"3251","LVA","2011","Female","78.43","78.34","78.59"
"3252","ATG","2020","Both sexes","77.61","77.36","78.02"
"3253","PSE","2007","Female","74.03","73.79","74.37"
"3254","BRB","2019","Both sexes","76.04","75.44","76.60"
"3255","SSD","2010","Both sexes","58.75","57.66","59.85"
"3256","BOL","2012","Both sexes","71.04","70.28","71.73"
"3257","MEX","2021","Female","74.69","74.51","74.89"
"3258","NPL","2009","Male","67.74","67.27","68.36"
"3259","COG","2003","Both sexes","54.50","53.62","55.29"
"3260","PNG","2003","Female","64.37","63.75","65.26"
"3261","LUX","2003","Male","76.19","76.09","76.38"
"3262","NPL","2014","Female","71.95","71.42","72.56"
"3263","MNE","2008","Both sexes","75.03","74.89","75.24"
"3264","HUN","2015","Male","72.19","72.15","72.28"
"3265","VNM","2012","Male","68.38","67.99","68.86"
"3266","ALB","2007","Female","77.20","76.93","77.56"
"3267","MKD","2018","Male","74.44","74.28","74.62"
"3268","AUS","2007","Female","83.50","83.49","83.58"
"3269","WSM","2003","Both sexes","70.06","69.45","70.73"
"3270","BLZ","2020","Male","72.88","72.65","73.19"
"3271","TKM","2011","Both sexes","69.23","68.86","69.69"
"3272","GRD","2014","Both sexes","72.54","72.29","72.87"
"3273","AUS","2014","Both sexes","82.37","82.37","82.44"
"3274","CPV","2009","Both sexes","73.98","73.37","74.59"
"3275","OMN","2020","Female","76.80","76.53","77.18"
"3276","GRD","2021","Both sexes","72.77","72.04","73.54"
"3277","PSE","2019","Both sexes","75.83","75.52","76.23"
"3278","ISR","2015","Female","83.79","83.77","83.86"
"3279","DEU","2009","Both sexes","79.99","79.93","80.06"
"3280","TKM","2008","Both sexes","66.99","66.61","67.43"
"3281","GTM","2020","Female","74.31","74.06","74.60"
"3282","ISL","2020","Female","83.91",NULL,NULL
"3283","KIR","2002","Female","64.12","63.47","64.92"
"3284","KOR","2020","Female","86.64","86.63","86.71"
"3285","SGP","2020","Male","81.69","81.67","81.79"
"3286","BOL","2000","Female","67.14","66.61","67.69"
"3287","MYS","2013","Both sexes","74.72","74.52","74.98"
"3288","VNM","2017","Male","69.15","68.69","69.86"
"3289","CIV","2001","Female","53.46","52.33","54.61"
"3290","JOR","2004","Both sexes","73.56","73.09","74.04"
"3291","BHS","2013","Male","69.87","69.60","70.31"
"3292","NLD","2017","Both sexes","81.53","81.51","81.60"
"3293","IRN","2015","Male","75.78","75.69","75.93"
"3294","FJI","2008","Male","65.16","64.90","65.48"
"3295","DOM","2016","Female","76.96","76.47","77.56"
"3296","BRB","2013","Both sexes","76.24","76.01","76.55"
"3297","SRB","2015","Male","72.67","72.63","72.77"
"3298","NAM","2006","Male","52.23","51.39","53.21"
"3299","COM","2002","Female","63.94","63.14","64.79"
"3300","TUN","2004","Male","72.73","72.10","73.37"
"3301","FJI","2021","Male","63.49","62.41","64.75"
"3302","DZA","2007","Female","75.37","75.05","75.82"
"3303","EST","2007","Both sexes","73.13","73.02","73.26"
"3304","LBY","2010","Female","75.47","75.24","75.88"
"3305","KOR","2002","Both sexes","76.94","76.87","77.01"
"3306","BRA","2006","Female","76.77","76.56","77.00"
"3307","DNK","2014","Female","82.37","82.35","82.46"
"3308","NER","2008","Female","57.96","56.95","59.04"
"3309","LSO","2008","Both sexes","45.90","44.97","47.02"
"3310","GTM","2002","Male","66.33","65.88","66.95"
"3311","MDV","2021","Both sexes","75.40","75.06","75.80"
"3312","TGO","2019","Female","66.34","65.53","67.42"
"3313","HTI","2014","Both sexes","62.25","61.20","63.31"
"3314","VUT","2012","Both sexes","66.43","65.98","66.95"
"3315","HUN","2002","Female","76.63","76.58","76.74"
"3316","NPL","2019","Both sexes","71.36","70.54","72.29"
"3317","TJK","2017","Male","71.61","71.10","72.28"
"3318","BEN","2011","Male","59.28","58.62","60.08"
"3319","TCD","2001","Both sexes","51.59","50.78","52.42"
"3320","SRB","2011","Female","77.11","77.05","77.24"
"3321","ZMB","2017","Male","58.98","58.06","60.01"
"3322","TUN","2004","Female","77.85","77.33","78.57"
"3323","PHL","2020","Male","65.99","65.58","66.58"
"3324","ZWE","2009","Female","50.56","49.59","51.63"
"3325","MUS","2011","Female","77.04","76.92","77.23"
"3326","BTN","2020","Both sexes","74.45","73.89","75.19"
"3327","ARG","2019","Male","74.00","73.98","74.09"
"3328","GAB","2000","Both sexes","57.69","56.84","58.64"
"3329","KAZ","2005","Male","59.45","59.12","59.81"
"3330","ERI","2005","Both sexes","58.14","57.40","59.13"
"3331","SRB","2013","Male","72.56","72.51","72.67"
"3332","IRN","2009","Both sexes","76.24","76.06","76.50"
"3333","VCT","2014","Male","70.51","70.26","70.81"
"3334","BHS","2011","Male","69.46","69.14","69.77"
"3335","ERI","2020","Male","61.01","60.09","61.94"
"3336","COG","2001","Both sexes","53.11","52.34","54.04"
"3337","GEO","2005","Both sexes","72.04","71.79","72.39"
"3338","MNE","2018","Female","80.08","79.94","80.27"
"3339","LAO","2019","Both sexes","68.36","67.63","69.31"
"3340","DOM","2021","Male","70.16","69.57","70.85"
"3341","THA","2018","Female","80.74","80.46","81.12"
"3342","BFA","2004","Female","55.88","55.07","56.68"
"3343","MRT","2019","Male","70.00","68.90","70.99"
"3344","GMB","2005","Female","62.34","61.51","63.13"
"3345","LCA","2014","Female","79.95","79.68","80.33"
"3346","SWZ","2007","Both sexes","43.60","42.36","45.06"
"3347","GRD","2010","Female","75.88","75.64","76.15"
"3348","PER","2008","Male","77.34","76.88","77.84"
"3349","JPN","2019","Both sexes","84.47","84.41","84.52"
"3350","SDN","2014","Both sexes","68.09","67.24","69.49"
"3351","SDN","2021","Female","68.89","68.18","69.84"
"3352","BIH","2006","Both sexes","76.80","76.72","76.94"
"3353","UKR","2020","Both sexes","72.50","71.85","73.35"
"3354","STP","2012","Both sexes","69.54","68.98","70.18"
"3355","COG","2008","Both sexes","59.22","58.40","60.17"
"3356","SLB","2021","Female","67.33","66.54","68.20"
"3357","COL","2010","Both sexes","75.96","75.62","76.31"
"3358","BEL","2020","Male","78.65","78.63","78.74"
"3359","IRQ","2017","Female","74.99","74.32","75.78"
"3360","HRV","2009","Both sexes","76.45","76.39","76.59"
"3361","ATG","2009","Both sexes","75.51","75.29","75.78"
"3362","LKA","2010","Both sexes","74.14","74.08","74.26"
"3363","ATG","2014","Both sexes","75.59","75.32","75.91"
"3364","KHM","2013","Female","70.80","70.30","71.47"
"3365","TKM","2010","Male","65.44","65.03","65.82"
"3366","KOR","2020","Both sexes","83.80","83.79","83.87"
"3367","COM","2019","Both sexes","68.10","67.13","68.94"
"3368","GBR","2019","Male","79.50","79.44","79.56"
"3369","MLI","2006","Both sexes","56.78","56.01","57.51"
"3370","ARM","2021","Both sexes","72.98","72.71","73.38"
"3371","SDN","2016","Male","67.49","66.46","68.60"
"3372","SOM","2011","Female","46.30","45.75","47.11"
"3373","SSD","2008","Both sexes","57.68","56.50","58.93"
"3374","LBR","2013","Male","60.85","59.96","62.22"
"3375","LVA","2000","Both sexes","70.21","70.11","70.34"
"3376","COG","2007","Female","57.93","57.22","58.64"
"3377","HRV","2003","Female","78.37","78.33","78.50"
"3378","SRB","2014","Female","77.80","77.75","77.91"
"3379","COG","2001","Male","52.88","51.89","53.97"
"3380","USA","2006","Female","79.99","79.94","80.04"
"3381","TLS","2006","Female","66.92","66.31","67.72"
"3382","TTO","2018","Both sexes","74.00","73.73","74.27"
"3383","OMN","2004","Both sexes","73.15","72.66","73.82"
"3384","MDG","2014","Male","62.17","61.39","63.26"
"3385","VNM","2021","Female","77.96","77.43","78.72"
"3386","MYS","2012","Male","72.76","72.75","72.84"
"3387","MLI","2013","Male","58.86","57.92","59.68"
"3388","BRN","2001","Both sexes","75.68","75.44","75.98"
"3389","CMR","2004","Both sexes","53.57","52.60","54.48"
"3390","KWT","2004","Male","77.09","76.93","77.31"
"3391","BWA","2003","Both sexes","48.30","46.55","49.96"
"3392","GUY","2016","Both sexes","67.57","66.92","68.25"
"3393","IRQ","2000","Both sexes","69.48","68.66","70.41"
"3394","DJI","2020","Both sexes","65.27","64.41","66.17"
"3395","SYR","2000","Male","70.02","69.57","70.55"
"3396","BEL","2015","Both sexes","80.71","80.69","80.79"
"3397","NIC","2014","Male","74.68","74.39","75.04"
"3398","VCT","2016","Male","70.84","70.56","71.16"
"3399","SLB","2012","Both sexes","64.70","63.92","65.57"
"3400","CHL","2000","Female","79.64","79.62","79.73"
"3401","TZA","2019","Male","65.20","64.30","66.25"
"3402","CUB","2013","Male","76.29","76.24","76.38"
"3403","LVA","2013","Male","69.27","69.17","69.41"
"3404","ERI","2006","Both sexes","58.76","57.86","59.58"
"3405","TUR","2010","Both sexes","76.51","76.15","77.03"
"3406","CRI","2009","Female","83.00","82.91","83.17"
"3407","GRD","2019","Both sexes","72.73","72.40","73.10"
"3408","KHM","2005","Both sexes","63.58","63.06","64.21"
"3409","TKM","2005","Female","69.35","69.00","69.77"
"3410","LUX","2002","Female","81.55","81.46","81.69"
"3411","MAR","2017","Both sexes","73.53","72.90","74.32"
"3412","ALB","2001","Both sexes","76.04","75.67","76.39"
"3413","FJI","2009","Both sexes","67.25","66.89","67.57"
"3414","NER","2015","Male","58.69","57.50","60.20"
"3415","ARM","2001","Both sexes","71.79","71.56","72.09"
"3416","PHL","2002","Both sexes","69.42","69.09","69.85"
"3417","RUS","2007","Female","73.81","73.78","73.89"
"3418","MUS","2016","Male","70.96","70.79","71.17"
"3419","HTI","2018","Female","63.92","63.03","65.01"
"3420","SYR","2006","Male","72.20","71.78","72.75"
"3421","ARE","2000","Female","78.03","77.71","78.53"
"3422","MAR","2006","Both sexes","71.43","70.81","72.11"
"3423","BEL","2021","Female","83.69","83.66","83.78"
"3424","HUN","2001","Male","68.21","68.16","68.31"
"3425","HRV","2004","Female","79.08","78.99","79.23"
"3426","MUS","2009","Male","69.69","69.53","69.88"
"3427","SOM","2012","Both sexes","50.11","49.14","51.15"
"3428","SLV","2020","Female","76.75","76.44","77.09"
"3429","THA","2000","Female","74.82","74.40","75.28"
"3430","COD","2013","Male","57.05","56.11","57.93"
"3431","KEN","2020","Both sexes","66.79","66.11","67.49"
"3432","MNG","2021","Male","66.42","66.05","66.87"
"3433","PAN","2005","Both sexes","76.45","76.23","76.77"
"3434","ITA","2011","Male","79.35","79.30","79.41"
"3435","SOM","2017","Female","56.83","55.74","58.14"
"3436","LBN","2017","Male","76.55","76.16","77.10"
"3437","DZA","2020","Both sexes","74.02","73.58","74.49"
"3438","MLI","2009","Female","58.48","57.74","59.29"
"3439","BHS","2007","Male","69.73","69.49","70.05"
"3440","RUS","2021","Male","65.57","65.57","65.63"
"3441","SUR","2014","Female","76.21","75.96","76.56"
"3442","CHL","2007","Both sexes","78.48","78.45","78.57"
"3443","CRI","2004","Male","76.38","76.30","76.51"
"3444","SVK","2006","Both sexes","74.36","74.32","74.48"
"3445","LVA","2011","Both sexes","73.67","73.58","73.82"
"3446","DZA","2004","Female","74.73","74.37","75.23"
"3447","MDA","2007","Both sexes","67.23","67.06","67.42"
"3448","NZL","2011","Both sexes","80.75","80.72","80.84"
"3449","RUS","2008","Female","74.08","74.06","74.16"
"3450","AGO","2018","Female","64.45","63.55","65.39"
"3451","NIC","2009","Both sexes","76.56","76.31","76.86"
"3452","NOR","2011","Female","83.02","82.99","83.10"
"3453","BOL","2020","Female","70.37","69.87","71.06"
"3454","SDN","2018","Both sexes","69.25","68.41","70.33"
"3455","LCA","2001","Both sexes","73.34","73.09","73.63"
"3456","SDN","2004","Both sexes","63.68","62.80","64.58"
"3457","AGO","2002","Male","49.07","47.99","50.15"
"3458","MDV","2017","Female","80.23","80.03","80.61"
"3459","MNG","2019","Both sexes","70.75","70.38","71.22"
"3460","IRL","2016","Both sexes","81.41","81.36","81.51"
"3461","LSO","2007","Female","45.30","44.11","46.55"
"3462","KAZ","2000","Both sexes","64.35","64.00","64.76"
"3463","PRY","2006","Male","72.38","71.60","73.22"
"3464","ISR","2004","Male","77.32","77.30","77.41"
"3465","TZA","2001","Female","54.56","53.44","55.65"
"3466","COG","2009","Both sexes","60.09","59.43","60.96"
"3467","HRV","2015","Female","80.61","80.55","80.75"
"3468","NLD","2011","Male","79.16","79.15","79.24"
"3469","LAO","2018","Female","70.39","69.63","71.16"
"3470","HUN","2007","Male","69.29","69.25","69.38"
"3471","HTI","2017","Male","62.87","61.68","63.89"
"3472","SYC","2001","Female","76.46","76.26","76.75"
"3473","TJK","2002","Female","69.03","68.50","69.70"
"3474","BGR","2010","Both sexes","73.67","73.56","73.82"
"3475","LBR","2014","Female","58.23","57.43","59.20"
"3476","IRQ","2015","Male","67.47","66.59","68.42"
"3477","MLT","2001","Male","75.85","75.75","76.02"
"3478","PSE","2003","Both sexes","69.63","69.26","70.03"
"3479","MKD","2001","Both sexes","73.27","73.15","73.44"
"3480","CAF","2002","Female","46.04","44.69","47.37"
"3481","MDA","2016","Both sexes","71.85","71.64","72.08"
"3482","BFA","2005","Male","53.47","52.49","54.46"
"3483","SYR","2015","Female","69.34","68.78","69.98"
"3484","PRT","2011","Male","77.05","77.04","77.13"
"3485","AUS","2009","Male","79.63","79.63","79.70"
"3486","RWA","2015","Both sexes","66.96","66.20","67.75"
"3487","JPN","2011","Male","79.80","79.75","79.85"
"3488","BLZ","2008","Both sexes","73.54","73.34","73.75"
"3489","WSM","2001","Female","71.83","71.21","72.58"
"3490","CHN","2012","Female","78.67","78.41","78.99"
"3491","CPV","2011","Male","71.02","70.36","71.66"
"3492","SVN","2021","Female","83.39","83.21","83.62"
"3493","TON","2020","Male","70.38","69.83","71.04"
"3494","COL","2010","Male","72.94","72.56","73.37"
"3495","BLR","2007","Female","76.05","76.00","76.16"
"3496","LUX","2013","Both sexes","81.88","81.78","82.05"
"3497","BRA","2021","Female","75.85","75.68","76.03"
"3498","VNM","2004","Male","67.88","67.48","68.35"
"3499","BWA","2013","Male","58.62","57.47","59.77"
"3500","LAO","2010","Female","66.82","66.22","67.47"
"3501","ARM","2002","Both sexes","71.58","71.37","71.89"
"3502","LBR","2021","Both sexes","63.46","62.22","64.74"
"3503","SVK","2016","Female","80.44","80.39","80.55"
"3504","IDN","2002","Both sexes","67.65","67.21","68.25"
"3505","KGZ","2019","Both sexes","73.59","73.29","73.96"
"3506","SYR","2012","Both sexes","65.00","64.50","65.61"
"3507","CRI","2006","Female","81.99","81.90","82.14"
"3508","SWZ","2005","Male","40.87","39.64","42.20"
"3509","CAF","2015","Female","53.34","52.23","54.58"
"3510","ITA","2005","Male","77.78","77.72","77.83"
"3511","MLT","2021","Female","83.73","83.57","83.94"
"3512","AFG","2014","Female","61.29","60.34","62.28"
"3513","ESP","2006","Female","83.82","83.76","83.88"
"3514","BTN","2012","Both sexes","72.46","71.86","73.13"
"3515","NER","2010","Male","57.48","56.35","58.74"
"3516","BOL","2021","Female","68.39","67.86","69.17"
"3517","NIC","2003","Male","72.58","72.25","72.91"
"3518","ARM","2014","Male","69.78","69.59","70.01"
"3519","PHL","2021","Both sexes","66.41","65.82","67.02"
"3520","CRI","2003","Both sexes","78.71","78.64","78.86"
"3521","ROU","2008","Both sexes","73.30","73.26","73.40"
"3522","HUN","2002","Both sexes","72.49","72.45","72.58"
"3523","TLS","2011","Female","68.52","67.87","69.16"
"3524","VCT","2008","Both sexes","73.52","73.29","73.84"
"3525","NIC","2000","Female","79.12","78.84","79.50"
"3526","FIN","2011","Male","77.19","77.17","77.27"
"3527","BRA","2018","Both sexes","75.32","75.15","75.55"
"3528","BRN","2020","Male","75.29","74.89","75.74"
"3529","WSM","2019","Male","68.77","68.17","69.37"
"3530","IRN","2014","Both sexes","77.30","77.19","77.47"
"3531","PNG","2015","Female","67.15","66.53","67.93"
"3532","GNQ","2001","Both sexes","54.84","53.22","56.28"
"3533","GRD","2021","Male","70.52","69.67","71.42"
"3534","SDN","2021","Both sexes","67.59","66.83","68.53"
"3535","CMR","2014","Female","60.31","59.35","61.42"
"3536","TZA","2014","Female","66.27","65.59","67.10"
"3537","VUT","2003","Male","62.14","61.45","62.93"
"3538","SVK","2018","Female","80.51","80.45","80.65"
"3539","IDN","2017","Both sexes","71.00","70.34","71.81"
"3540","ISL","2000","Both sexes","79.69","79.57","79.86"
"3541","HND","2009","Male","70.20","69.30","71.14"
"3542","NOR","2005","Male","77.70","77.68","77.79"
"3543","DNK","2009","Female","80.81","80.79","80.91"
"3544","MOZ","2001","Female","53.45","52.66","54.25"
"3545","BFA","2004","Both sexes","54.34","53.50","55.18"
"3546","TTO","2017","Female","77.28","77.02","77.57"
"3547","VCT","2004","Male","70.02","69.73","70.39"
"3548","LKA","2010","Male","70.15","70.03","70.30"
"3549","COG","2007","Male","58.61","57.89","59.58"
"3550","CPV","2011","Both sexes","74.33","73.74","74.93"
"3551","VCT","2015","Female","75.29","75.07","75.58"
"3552","NOR","2004","Both sexes","79.82","79.80","79.92"
"3553","BHS","2012","Both sexes","72.85","72.54","73.19"
"3554","BLR","2016","Male","68.69","68.64","68.78"
"3555","DEU","2003","Female","81.10","81.03","81.16"
"3556","KIR","2005","Female","64.49","63.87","65.21"
"3557","TON","2019","Female","75.60","74.94","76.37"
"3558","LCA","2005","Female","77.49","77.23","77.80"
"3559","BOL","2010","Male","69.56","68.93","70.26"
"3560","VEN","2014","Both sexes","74.06","73.98","74.16"
"3561","COG","2020","Female","64.00","63.23","64.73"
"3562","HUN","2013","Both sexes","75.59","75.56","75.70"
"3563","COG","2004","Female","55.24","54.37","56.02"
"3564","LBR","2000","Male","52.58","51.55","53.82"
"3565","NAM","2011","Male","57.50","56.57","58.51"
"3566","NPL","2009","Female","70.79","70.20","71.35"
"3567","NLD","2000","Female","80.39","80.38","80.47"
"3568","MDG","2016","Female","64.50","63.65","65.42"
"3569","ISR","2020","Female","84.30","84.28","84.38"
"3570","RWA","2012","Female","67.46","66.79","68.22"
"3571","CIV","2008","Both sexes","56.57","55.63","57.41"
"3572","ARG","2014","Male","73.28","73.26","73.36"
"3573","LKA","2007","Both sexes","73.82","73.75","73.96"
"3574","CAF","2014","Both sexes","49.18","47.89","50.36"
"3575","MNE","2012","Male","73.75","73.59","73.97"
"3576","CZE","2011","Female","80.82","80.78","80.93"
"3577","MMR","2006","Both sexes","62.16","61.51","63.02"
"3578","VUT","2004","Male","62.20","61.49","62.95"
"3579","JOR","2016","Male","78.97","78.54","79.43"
"3580","SGP","2019","Both sexes","83.90","83.86","84.00"
"3581","BFA","2010","Both sexes","58.61","57.80","59.44"
"3582","BRN","2011","Male","75.60","75.36","75.92"
"3583","FJI","2015","Both sexes","67.80","67.06","68.51"
"3584","GEO","2001","Female","75.28","75.00","75.73"
"3585","HRV","2014","Male","74.96","74.90","75.08"
"3586","TUR","2000","Both sexes","73.31","72.80","73.85"
"3587","DNK","2006","Both sexes","78.19","78.18","78.28"
"3588","SGP","2019","Female","85.98","85.94","86.08"
"3589","TUN","2021","Female","76.84","76.35","77.50"
"3590","UKR","2006","Female","73.56","73.52","73.68"
"3591","SDN","2007","Both sexes","65.76","64.94","66.79"
"3592","QAT","2016","Both sexes","78.22","77.74","78.86"
"3593","DNK","2016","Male","78.97","78.94","79.06"
"3594","MAR","2003","Both sexes","70.88","70.19","71.59"
"3595","GNQ","2020","Male","59.61","58.04","61.09"
"3596","IRN","2015","Female","78.97","78.89","79.12"
"3597","FIN","2010","Female","83.02","83.00","83.12"
"3598","DZA","2000","Female","73.81","73.42","74.23"
"3599","LBN","2014","Female","80.63","80.36","80.97"
"3600","LSO","2016","Female","52.79","51.33","54.15"
"3601","LTU","2015","Male","69.11","69.03","69.24"
"3602","FSM","2005","Male","61.50","60.73","62.36"
"3603","COD","2007","Male","54.51","53.75","55.64"
"3604","YEM","2020","Male","63.72","62.93","64.50"
"3605","TJK","2009","Female","71.26","70.87","71.78"
"3606","LUX","2015","Male","80.36","80.19","80.62"
"3607","ISR","2011","Female","83.37","83.35","83.46"
"3608","MUS","2008","Male","69.48","69.33","69.66"
"3609","JOR","2020","Female","78.80","78.44","79.26"
"3610","COM","2013","Female","67.84","66.89","68.78"
"3611","GAB","2003","Male","56.99","56.10","57.91"
"3612","AUS","2016","Female","84.50","84.43","84.57"
"3613","KWT","2008","Male","76.24","76.12","76.40"
"3614","KWT","2011","Female","83.34","83.24","83.53"
"3615","ROU","2014","Female","78.49","78.47","78.58"
"3616","SYR","2005","Female","74.58","74.28","74.97"
"3617","AZE","2004","Female","70.21","69.75","70.75"
"3618","NLD","2021","Female","82.65","82.63","82.72"
"3619","HRV","2020","Male","74.81","74.76","74.97"
"3620","PHL","2007","Female","74.05","73.70","74.42"
"3621","CPV","2013","Both sexes","74.70","74.24","75.29"
"3622","MRT","2000","Both sexes","62.92","62.18","63.71"
"3623","WSM","2002","Female","71.94","71.39","72.54"
"3624","OMN","2005","Male","70.82","70.27","71.42"
"3625","TJK","2017","Female","74.82","74.47","75.24"
"3626","CHE","2008","Both sexes","81.86","81.84","81.95"
"3627","IRL","2014","Female","82.95","82.92","83.04"
"3628","GTM","2006","Female","73.32","73.05","73.66"
"3629","COG","2004","Both sexes","55.41","54.53","56.25"
"3630","GTM","2004","Female","72.92","72.64","73.26"
"3631","ARM","2013","Both sexes","74.19","73.99","74.41"
"3632","RUS","2007","Both sexes","67.42","67.40","67.49"
"3633","BDI","2004","Male","46.95","46.23","47.79"
"3634","BEL","2017","Female","83.34","83.33","83.42"
"3635","AUS","2017","Female","84.52","84.51","84.58"
"3636","ZMB","2010","Both sexes","57.43","56.47","58.33"
"3637","SDN","2004","Male","62.07","61.39","63.24"
"3638","LCA","2018","Female","79.97","79.63","80.42"
"3639","CHL","2017","Female","83.02","83.01","83.11"
"3640","SOM","2020","Male","52.85","51.65","54.13"
"3641","PER","2015","Male","78.71","78.30","79.25"
"3642","HND","2007","Male","70.14","69.15","71.18"
"3643","MUS","2003","Both sexes","71.84","71.72","72.05"
"3644","AZE","2009","Both sexes","69.37","68.93","69.83"
"3645","SRB","2017","Female","77.97","77.94","78.07"
"3646","KAZ","2006","Male","59.80","59.51","60.11"
"3647","GMB","2018","Both sexes","64.61","63.78","65.28"
"3648","BDI","2013","Male","60.06","59.47","60.78"
"3649","TJK","2001","Male","64.29","63.69","65.06"
"3650","MNE","2019","Male","73.89","73.71","74.20"
"3651","TKM","2006","Female","69.55","69.18","69.97"
"3652","THA","2010","Female","78.52","78.23","78.95"
"3653","RWA","2006","Both sexes","59.15","58.45","59.93"
"3654","BOL","2007","Female","70.34","69.80","70.97"
"3655","CHE","2003","Female","82.76","82.73","82.84"
"3656","LBN","2000","Male","74.30","73.86","74.93"
"3657","ZAF","2005","Female","53.22","52.88","53.63"
"3658","HRV","2019","Both sexes","78.60","78.52","78.73"
"3659","SLB","2012","Male","62.40","61.52","63.48"
"3660","SLB","2002","Male","61.20","60.47","62.21"
"3661","BFA","2003","Male","51.97","51.07","52.80"
"3662","IRN","2003","Female","75.04","74.82","75.32"
"3663","MEX","2001","Both sexes","74.55","74.37","74.77"
"3664","NAM","2014","Female","65.01","63.90","66.15"
"3665","IRQ","2015","Female","74.50","73.68","75.41"
"3666","CZE","2020","Male","75.22","75.18","75.31"
"3667","SGP","2020","Female","86.33","86.29","86.43"
"3668","BEN","2005","Male","57.28","56.48","58.07"
"3669","ETH","2017","Male","66.37","65.66","67.21"
"3670","UGA","2017","Both sexes","65.22","64.58","66.09"
"3671","BLZ","2008","Female","76.21","76.06","76.42"
"3672","SOM","2001","Female","51.65","50.71","52.64"
"3673","JPN","2009","Both sexes","83.16","83.11","83.21"
"3674","TUR","2002","Both sexes","74.77","74.26","75.29"
"3675","ITA","2009","Male","78.98","78.92","79.04"
"3676","MMR","2019","Both sexes","68.81","68.01","69.61"
"3677","VCT","2014","Both sexes","72.74","72.50","73.00"
"3678","MNE","2001","Male","71.02","70.84","71.27"
"3679","CHN","2016","Both sexes","76.72","76.29","77.28"
"3680","CYP","2007","Female","82.38","82.26","82.59"
"3681","NGA","2001","Male","53.24","52.32","54.30"
"3682","CAF","2014","Male","46.67","45.52","47.79"
"3683","PSE","2009","Both sexes","69.43","69.13","69.79"
"3684","GIN","2020","Both sexes","61.16","60.03","62.17"
"3685","BWA","2007","Female","58.37","56.61","60.30"
"3686","SAU","2008","Male","72.10","71.87","72.41"
"3687","CPV","2010","Male","70.86","70.25","71.60"
"3688","PRK","2010","Female","72.78","72.14","73.46"
"3689","PRI","2008","Male","74.94","74.85","75.07"
"3690","NZL","2017","Both sexes","81.16","81.15","81.26"
"3691","GRD","2011","Both sexes","72.12","71.91","72.40"
"3692","LVA","2003","Female","75.54","75.44","75.67"
"3693","IRL","2011","Female","82.43","82.41","82.53"
"3694","BEN","2004","Male","56.90","56.09","57.72"
"3695","NOR","2019","Male","81.12","81.09","81.23"
"3696","CRI","2019","Male","77.93","77.85","78.05"
"3697","BRA","2002","Male","68.64","68.37","68.98"
"3698","GEO","2020","Both sexes","73.11","72.96","73.29"
"3699","AZE","2001","Both sexes","66.31","65.80","66.99"
"3700","TUR","2017","Both sexes","77.07","76.76","77.46"
"3701","ARM","2007","Both sexes","72.53","72.37","72.76"
"3702","CIV","2002","Both sexes","51.81","50.91","52.92"
"3703","HND","2007","Female","71.88","71.09","72.79"
"3704","BLZ","2010","Female","76.31","76.16","76.54"
"3705","TKM","2004","Female","69.70","69.35","70.11"
"3706","TUR","2007","Female","80.05","79.68","80.47"
"3707","COD","2008","Male","54.77","53.90","55.46"
"3708","HND","2019","Female","72.90","72.22","73.66"
"3709","FRA","2003","Male","75.71","75.65","75.77"
"3710","GEO","2011","Both sexes","71.94","71.77","72.15"
"3711","BWA","2017","Male","61.82","60.77","63.12"
"3712","BIH","2021","Male","72.56","72.10","73.23"
"3713","LUX","2002","Male","75.89","75.77","76.08"
"3714","NPL","2009","Both sexes","69.27","68.79","69.97"
"3715","BLZ","2003","Male","69.18","68.96","69.42"
"3716","SYR","2014","Female","68.95","68.41","69.72"
"3717","BHS","2013","Both sexes","73.01","72.74","73.33"
"3718","UKR","2017","Female","77.67","77.39","78.03"
"3719","NAM","2011","Female","64.25","63.35","65.25"
"3720","BGD","2004","Male","65.74","65.35","66.25"
"3721","GHA","2018","Female","68.18","67.35","69.13"
"3722","JAM","2016","Both sexes","72.33","71.82","72.96"
"3723","BLR","2000","Both sexes","68.79","68.67","68.95"
"3724","ZAF","2019","Male","62.50","62.08","62.88"
"3725","COM","2006","Both sexes","64.55","63.55","65.49"
"3726","BEN","2021","Both sexes","64.01","63.18","65.05"
"3727","ZMB","2020","Female","64.07","63.04","65.30"
"3728","PAK","2018","Both sexes","66.74","65.74","67.90"
"3729","SGP","2021","Female","86.25","86.21","86.34"
"3730","PAK","2017","Female","67.16","66.17","68.29"
"3731","BEL","2019","Female","83.66","83.63","83.73"
"3732","BFA","2002","Female","54.39","53.66","55.01"
"3733","LKA","2011","Female","78.55","78.52","78.67"
"3734","KOR","2002","Male","73.48","73.47","73.55"
"3735","MDV","2017","Male","76.64","76.39","76.99"
"3736","VUT","2007","Both sexes","65.52","65.01","66.19"
"3737","COL","2011","Female","79.63","79.39","79.93"
"3738","CAN","2018","Male","79.84","79.82","79.91"
"3739","COM","2014","Female","68.17","67.42","69.10"
"3740","AUS","2015","Female","84.17","84.16","84.23"
"3741","SVN","2019","Both sexes","81.29","81.14","81.47"
"3742","ZMB","2016","Female","63.07","62.03","64.37"
"3743","PSE","2014","Both sexes","74.20","73.91","74.54"
"3744","BGR","2000","Female","74.97","74.86","75.15"
"3745","AUT","2020","Both sexes","81.09","81.07","81.16"
"3746","TLS","2014","Female","68.92","68.32","69.66"
"3747","AUT","2008","Both sexes","80.27","80.26","80.35"
"3748","GAB","2000","Male","56.05","55.16","56.92"
"3749","SLB","2003","Male","61.25","60.26","62.26"
"3750","SYR","2014","Male","53.42","52.56","54.37"
"3751","URY","2010","Female","80.26","80.16","80.40"
"3752","EST","2008","Male","68.94","68.85","69.08"
"3753","VUT","2021","Male","63.36","62.50","64.41"
"3754","BGR","2021","Female","74.98","74.88","75.15"
"3755","SGP","2017","Male","81.08","81.06","81.17"
"3756","COG","2000","Both sexes","52.22","51.46","53.18"
"3757","FSM","2013","Male","62.51","61.59","63.26"
"3758","HRV","2017","Both sexes","78.13","78.07","78.25"
"3759","TCD","2004","Female","53.89","53.11","54.72"
"3760","MNE","2008","Male","72.52","72.37","72.74"
"3761","CHE","2019","Female","85.12","85.09","85.20"
"3762","PRK","2005","Female","72.27","71.68","72.88"
"3763","UKR","2000","Male","62.03","61.99","62.15"
"3764","HUN","2003","Female","76.55","76.52","76.66"
"3765","EGY","2014","Female","73.24","73.00","73.54"
"3766","GIN","2002","Male","54.34","53.51","55.10"
"3767","RWA","2000","Female","48.39","47.48","49.36"
"3768","CIV","2005","Male","52.31","51.45","53.12"
"3769","ITA","2008","Female","83.80","83.74","83.85"
"3770","GHA","2020","Male","63.62","62.71","64.54"
"3771","NLD","2002","Female","80.49","80.48","80.56"
"3772","NGA","2015","Both sexes","61.73","60.75","63.07"
"3773","MDV","2003","Male","70.45","70.12","70.91"
"3774","SEN","2020","Female","70.35","69.71","71.18"
"3775","VNM","2004","Female","76.44","76.06","76.99"
"3776","AUT","2014","Male","78.89","78.87","78.96"
"3777","NPL","2010","Male","67.92","67.30","68.56"
"3778","ALB","2000","Male","70.68","70.25","71.10"
"3779","BRB","2011","Male","74.86","74.61","75.13"
"3780","SGP","2009","Both sexes","81.58","81.56","81.67"
"3781","GTM","2001","Male","65.45","65.04","65.90"
"3782","IRN","2020","Male","73.32","73.20","73.49"
"3783","IDN","2008","Female","70.45","69.97","70.98"
"3784","IRQ","2010","Male","68.28","67.47","69.34"
"3785","LUX","2009","Both sexes","80.92","80.82","81.11"
"3786","LUX","2004","Female","81.85","81.77","82.02"
"3787","NGA","2011","Female","61.62","60.80","62.66"
"3788","PER","2021","Female","74.81","74.32","75.31"
"3789","TUR","2000","Female","77.13","76.76","77.60"
"3790","TLS","2021","Male","66.53","65.55","67.70"
"3791","GUY","2013","Male","63.06","62.59","63.69"
"3792","UZB","2002","Female","64.88","64.48","65.24"
"3793","GTM","2005","Female","72.72","72.48","73.05"
"3794","GRC","2016","Male","78.53","78.51","78.62"
"3795","BHS","2008","Male","69.51","69.25","69.85"
"3796","MAR","2008","Both sexes","71.88","71.17","72.56"
"3797","NAM","2017","Male","59.10","58.17","60.00"
"3798","LUX","2018","Female","84.69",NULL,NULL
"3799","IDN","2004","Both sexes","66.25","65.81","66.76"
"3800","KGZ","2020","Both sexes","71.47","71.12","71.96"
"3801","URY","2000","Both sexes","74.88","74.80","75.02"
"3802","NER","2001","Female","51.31","50.46","52.29"
"3803","LBN","2005","Male","75.42","75.01","75.85"
"3804","MKD","2007","Female","75.77","75.68","75.95"
"3805","ARM","2014","Female","78.11","77.93","78.32"
"3806","PRI","2012","Female","82.91","82.82","83.09"
"3807","LCA","2020","Both sexes","75.63","75.17","76.27"
"3808","BDI","2021","Both sexes","64.01","63.30","64.97"
"3809","MYS","2010","Both sexes","74.03","73.76","74.38"
"3810","UKR","2018","Male","67.67","67.07","68.42"
"3811","MLI","2016","Male","60.19","59.40","61.30"
"3812","BFA","2011","Both sexes","59.07","58.21","59.95"
"3813","ZWE","2003","Male","44.73","43.70","45.87"
"3814","PRK","2002","Female","65.31","61.34","69.77"
"3815","HND","2008","Female","71.92","71.19","72.81"
"3816","BEL","2008","Male","76.86","76.85","76.95"
"3817","HUN","2003","Male","68.29","68.25","68.39"
"3818","EGY","2021","Both sexes","69.11","68.71","69.71"
"3819","MDA","2010","Both sexes","67.77","67.61","67.98"
"3820","WSM","2014","Female","71.49","70.92","72.10"
"3821","BTN","2017","Female","74.72","74.04","75.46"
"3822","DEU","2000","Both sexes","78.11","78.05","78.16"
"3823","HND","2007","Both sexes","70.95","69.92","72.01"
"3824","SWZ","2009","Female","47.46","45.98","49.19"
"3825","SWE","2010","Both sexes","81.30","81.30","81.38"
"3826","COG","2011","Male","61.17","60.37","61.92"
"3827","MDG","2002","Both sexes","59.43","58.81","60.10"
"3828","DOM","2020","Male","70.07","69.42","70.80"
"3829","GIN","2002","Female","55.98","55.23","56.89"
"3830","UZB","2018","Both sexes","71.47","71.25","71.82"
"3831","GRD","2011","Male","69.40","69.23","69.70"
"3832","MDA","2012","Male","65.90","65.74","66.12"
"3833","TGO","2006","Male","55.65","54.89","56.36"
"3834","PRT","2002","Female","80.54","80.53","80.63"
"3835","GTM","2013","Both sexes","71.75","71.45","72.09"
"3836","CZE","2017","Both sexes","78.85","78.82","78.94"
"3837","TLS","2008","Both sexes","66.58","65.75","67.35"
"3838","SWE","2004","Male","78.25","78.25","78.32"
"3839","ALB","2005","Male","71.62","71.29","72.16"
"3840","EGY","2020","Female","72.60","72.30","73.01"
"3841","OMN","2000","Female","75.37","74.85","76.06"
"3842","FJI","2021","Both sexes","65.50","64.67","66.62"
"3843","SVN","2020","Both sexes","80.34","80.24","80.51"
"3844","YEM","2021","Female","68.57","67.67","69.30"
"3845","PRK","2018","Male","69.13","68.40","69.81"
"3846","KOR","2020","Male","80.70","80.63","80.77"
"3847","MEX","2011","Male","72.66","72.50","72.85"
"3848","ISR","2004","Both sexes","79.54","79.52","79.64"
"3849","PAK","2004","Female","63.09","62.40","63.84"
"3850","ALB","2016","Female","79.86","79.63","80.13"
"3851","CHL","2013","Both sexes","79.83","79.80","79.90"
"3852","CHL","2010","Female","81.47","81.46","81.55"
"3853","LBY","2013","Male","72.79","72.35","73.22"
"3854","LKA","2003","Male","69.47","69.38","69.60"
"3855","ETH","2018","Both sexes","68.47","67.66","69.36"
"3856","GNQ","2021","Female","63.21","61.66","64.80"
"3857","CAN","2001","Both sexes","79.31","79.30","79.38"
"3858","LVA","2000","Female","75.63","75.55","75.79"
"3859","FIN","2017","Female","83.92","83.88","84.02"
"3860","KAZ","2012","Female","74.35","74.19","74.60"
"3861","ZMB","2011","Female","60.19","59.32","61.26"
"3862","JAM","2003","Female","75.43","75.21","75.68"
"3863","IDN","2019","Male","69.55","68.85","70.36"
"3864","JAM","2008","Male","67.02","66.79","67.29"
"3865","JPN","2000","Male","78.08","78.02","78.13"
"3866","DEU","2019","Male","78.75","78.68","78.81"
"3867","MUS","2013","Male","70.51","70.34","70.71"
"3868","COM","2016","Female","68.77","67.98","69.54"
"3869","GBR","2019","Female","82.92","82.86","82.97"
"3870","DOM","2007","Female","75.74","75.12","76.42"
"3871","DJI","2000","Female","61.40","60.32","62.47"
"3872","MDG","2001","Male","58.21","57.65","58.94"
"3873","MKD","2006","Male","71.67","71.53","71.89"
"3874","CAF","2016","Male","49.15","48.04","50.49"
"3875","BEL","2002","Male","75.02","75.00","75.10"
"3876","LVA","2008","Female","77.10","77.02","77.23"
"3877","USA","2015","Male","76.48","76.43","76.52"
"3878","MLI","2013","Female","59.92","59.06","60.73"
"3879","JAM","2004","Female","75.46","75.24","75.74"
"3880","IDN","2016","Both sexes","70.78","70.03","71.54"
"3881","PRK","2009","Female","72.60","72.07","73.14"
"3882","NLD","2016","Male","79.80","79.80","79.88"
"3883","SYR","2012","Male","60.34","59.63","61.18"
"3884","GMB","2021","Male","62.22","61.59","63.23"
"3885","HND","2011","Female","71.72","70.93","72.58"
"3886","FRA","2017","Both sexes","82.17","82.17","82.24"
"3887","LCA","2017","Female","80.04","79.68","80.55"
"3888","SEN","2010","Female","67.15","66.69","67.74"
"3889","KWT","2019","Male","80.27","80.18","80.42"
"3890","FJI","2011","Male","65.52","65.17","65.94"
"3891","FIN","2019","Both sexes","81.65","81.61","81.75"
"3892","BDI","2005","Female","53.55","52.63","54.45"
"3893","PAN","2015","Female","81.00","80.84","81.25"
"3894","FRA","2009","Female","84.17","84.11","84.23"
"3895","UKR","2015","Both sexes","72.15","72.12","72.23"
"3896","MLT","2014","Both sexes","81.45","81.31","81.60"
"3897","MNE","2009","Male","72.91","72.75","73.11"
"3898","LCA","2008","Male","72.04","71.75","72.43"
"3899","ROU","2001","Male","67.63","67.52","67.81"
"3900","SSD","2021","Both sexes","58.57","57.18","59.78"
"3901","IND","2017","Both sexes","70.06","69.55","70.59"
"3902","ERI","2021","Female","66.24","65.49","67.15"
"3903","NGA","2018","Female","64.17","63.02","65.10"
"3904","SOM","2005","Female","52.08","50.91","53.32"
"3905","SUR","2005","Both sexes","71.23","70.94","71.61"
"3906","PRI","2001","Male","72.26","72.17","72.39"
"3907","BEL","2011","Male","77.64","77.63","77.72"
"3908","THA","2000","Both sexes","71.01","70.32","71.53"
"3909","CHE","2002","Female","82.81","82.79","82.90"
"3910","GIN","2001","Female","55.54","54.79","56.39"
"3911","STP","2010","Both sexes","68.82","68.26","69.37"
"3912","ARG","2009","Female","79.13","79.12","79.22"
"3913","BGR","2018","Female","78.39","78.31","78.57"
"3914","RUS","2008","Both sexes","67.79","67.78","67.86"
"3915","LKA","2012","Both sexes","75.63","75.60","75.73"
"3916","KEN","2021","Both sexes","66.76","66.23","67.41"
"3917","JPN","2008","Male","79.57","79.52","79.63"
"3918","LTU","2004","Both sexes","71.87","71.82","72.02"
"3919","ECU","2000","Female","75.94","75.59","76.36"
"3920","ALB","2017","Both sexes","77.91","77.65","78.20"
"3921","KEN","2013","Male","60.66","60.05","61.36"
"3922","VCT","2005","Male","70.23","69.93","70.60"
"3923","SYC","2002","Female","76.44","76.23","76.74"
"3924","NIC","2004","Both sexes","75.89","75.65","76.25"
"3925","FRA","2009","Male","77.78","77.72","77.84"
"3926","BFA","2014","Female","62.88","62.18","63.63"
"3927","VCT","2001","Female","74.34","74.11","74.68"
"3928","COD","2009","Both sexes","56.81","55.88","57.69"
"3929","IRQ","2007","Female","72.07","71.38","72.82"
"3930","AFG","2005","Female","57.01","56.03","58.26"
"3931","GNB","2007","Both sexes","53.47","52.64","54.42"
"3932","GMB","2014","Both sexes","63.58","62.84","64.41"
"3933","BHR","2007","Male","71.61","71.48","71.91"
"3934","SLV","2016","Female","78.20","78.05","78.42"
"3935","VCT","2016","Female","75.42","75.17","75.71"
"3936","NER","2011","Female","59.43","58.62","60.40"
"3937","GRC","2003","Female","81.49","81.48","81.57"
"3938","NIC","2016","Female","80.55","80.32","80.79"
"3939","KGZ","2015","Female","75.21","74.98","75.48"
"3940","JPN","2008","Both sexes","82.83","82.78","82.89"
"3941","CRI","2018","Female","82.97","82.89","83.12"
"3942","BGD","2013","Female","73.72","73.27","74.25"
"3943","PAK","2009","Female","64.77","64.05","65.49"
"3944","IND","2012","Female","69.96","69.53","70.55"
"3945","KWT","2005","Both sexes","78.38","78.28","78.53"
"3946","GRD","2019","Male","70.46","70.13","70.83"
"3947","LTU","2016","Male","69.41","69.34","69.53"
"3948","VNM","2004","Both sexes","72.15","71.76","72.62"
"3949","NGA","2016","Both sexes","62.05","60.84","63.34"
"3950","MDG","2009","Male","61.15","60.35","62.01"
"3951","HRV","2021","Both sexes","76.86","76.78","77.00"
"3952","ZMB","2001","Male","44.21","43.07","45.39"
"3953","AFG","2016","Male","59.20","58.33","60.25"
"3954","TKM","2019","Female","72.54","71.82","73.23"
"3955","CHN","2004","Female","74.64","74.34","75.02"
"3956","TJK","2018","Both sexes","73.50","72.97","74.09"
"3957","GBR","2011","Male","78.76","78.70","78.82"
"3958","SGP","2016","Female","85.40","85.37","85.48"
"3959","MDG","2005","Female","61.83","61.21","62.56"
"3960","MLT","2016","Male","79.98","79.86","80.17"
"3961","ROU","2021","Female","76.52","76.49","76.62"
"3962","TJK","2002","Both sexes","66.94","66.29","67.51"
"3963","LBY","2012","Both sexes","73.92","73.46","74.39"
"3964","MOZ","2010","Both sexes","53.33","52.66","54.11"
"3965","GAB","2020","Male","62.68","61.81","63.85"
"3966","SWE","2009","Male","79.22","79.22","79.30"
"3967","ECU","2021","Male","70.95","70.31","71.49"
"3968","CHN","2021","Male","74.95","74.43","75.61"
"3969","TUR","2002","Female","78.43","78.01","79.03"
"3970","STP","2002","Female","65.41","64.83","66.13"
"3971","ARE","2001","Female","78.18","77.85","78.59"
"3972","ROU","2021","Male","69.21","69.18","69.30"
"3973","IND","2005","Both sexes","65.53","65.03","66.06"
"3974","BTN","2002","Male","67.33","66.58","68.07"
"3975","ETH","2010","Both sexes","63.25","62.72","63.90"
"3976","DZA","2009","Both sexes","75.06","74.75","75.39"
"3977","DEU","2009","Male","77.55","77.48","77.61"
"3978","CUB","2010","Female","79.90","79.88","80.01"
"3979","ETH","2005","Male","56.26","55.60","56.87"
"3980","GIN","2018","Both sexes","60.66","59.36","61.77"
"3981","LBN","2009","Male","75.57","75.22","75.99"
"3982","SLE","2002","Male","50.07","49.24","51.22"
"3983","PNG","2004","Both sexes","63.63","62.85","64.53"
"3984","MEX","2019","Male","72.80","72.61","73.02"
"3985","ISL","2019","Both sexes","82.47","82.34","82.70"
"3986","NOR","2003","Female","81.74","81.72","81.82"
"3987","ZWE","2019","Both sexes","59.07","58.14","60.13"
"3988","NIC","2002","Male","72.87","72.55","73.25"
"3989","VNM","2005","Female","76.50","76.14","77.02"
"3990","ARG","2010","Male","72.52","72.50","72.60"
"3991","IRL","2013","Male","78.77","78.75","78.85"
"3992","SVN","2010","Both sexes","79.55","79.46","79.72"
"3993","KWT","2001","Female","80.18","80.11","80.34"
"3994","LVA","2010","Male","67.71","67.64","67.85"
"3995","MYS","2009","Male","71.98","71.96","72.06"
"3996","GRD","2003","Male","67.36","67.15","67.63"
"3997","NGA","2009","Both sexes","59.30","58.19","60.24"
"3998","CHN","2000","Both sexes","70.84","70.45","71.28"
"3999","UZB","2004","Male","60.92","60.42","61.41"
"4000","GNQ","2003","Male","54.84","53.26","56.53"
"4001","TTO","2017","Male","70.73","70.43","71.04"
"4002","ITA","2010","Both sexes","81.90","81.84","81.95"
"4003","CIV","2004","Male","51.35","50.50","52.30"
"4004","EGY","2005","Female","72.20","71.91","72.66"
"4005","SVK","2019","Female","80.90","80.83","81.05"
"4006","COG","2004","Male","55.57","54.59","56.35"
"4007","STP","2006","Male","65.61","65.18","66.24"
"4008","BRN","2010","Male","75.61","75.28","75.95"
"4009","CZE","2013","Both sexes","78.11","78.08","78.20"
"4010","LBY","2018","Female","75.60","74.96","76.24"
"4011","CPV","2006","Male","69.74","69.05","70.48"
"4012","BRN","2021","Both sexes","76.92","76.61","77.35"
"4013","SYC","2017","Both sexes","73.09","72.88","73.39"
"4014","ARE","2018","Female","82.05","81.80","82.43"
"4015","SAU","2008","Female","74.39","74.10","74.71"
"4016","MWI","2007","Female","54.15","52.95","55.07"
"4017","ISL","2010","Female","83.32","83.20","83.50"
"4018","UGA","2014","Both sexes","63.49","62.69","64.23"
"4019","SWE","2003","Male","77.81","77.81","77.89"
"4020","AGO","2000","Both sexes","49.37","48.18","50.41"
"4021","JPN","2016","Female","86.92","86.87","86.97"
"4022","GBR","2001","Both sexes","77.95","77.90","78.01"
"4023","COL","2000","Both sexes","72.54","72.29","72.87"
"4024","AFG","2003","Both sexes","56.09","55.07","57.03"
"4025","GAB","2020","Both sexes","65.13","64.37","66.05"
"4026","USA","2014","Male","76.67","76.62","76.72"
"4027","SWZ","2007","Male","42.24","41.07","43.54"
"4028","CHN","2002","Male","69.14","68.78","69.53"
"4029","LBR","2005","Female","57.90","57.07","58.63"
"4030","SWZ","2017","Male","50.55","49.35","51.89"
"4031","QAT","2012","Male","74.02","73.53","74.51"
"4032","PHL","2017","Male","65.99","65.57","66.42"
"4033","BOL","2019","Female","73.79","73.23","74.51"
"4034","THA","2016","Both sexes","77.00","76.67","77.39"
"4035","BHR","2014","Female","76.43","76.25","76.66"
"4036","BHS","2004","Female","75.11","74.92","75.38"
"4037","LVA","2004","Female","75.92","75.83","76.07"
"4038","BOL","2015","Male","71.05","70.47","71.83"
"4039","PRY","2020","Female","78.23","77.66","78.87"
"4040","DNK","2016","Both sexes","80.71","80.69","80.80"
"4041","ESP","2017","Female","85.21","85.15","85.27"
"4042","MWI","2017","Both sexes","62.55","61.76","63.50"
"4043","TJK","2005","Female","70.15","69.76","70.62"
"4044","COM","2001","Both sexes","62.70","61.87","63.57"
"4045","JOR","2001","Male","74.40","73.77","75.18"
"4046","HUN","2001","Both sexes","72.40","72.37","72.51"
"4047","ZAF","2004","Male","50.64","50.34","51.01"
"4048","NZL","2014","Male","79.46","79.43","79.56"
"4049","LTU","2021","Both sexes","74.13","74.06","74.25"
"4050","TGO","2013","Both sexes","60.71","59.95","61.63"
"4051","DOM","2003","Male","70.62","69.93","71.25"
"4052","AUT","2004","Both sexes","79.11","79.09","79.20"
"4053","ISR","2009","Both sexes","81.13","81.11","81.22"
"4054","JAM","2017","Female","75.43","75.02","75.92"
"4055","COG","2003","Male","54.54","53.78","55.45"
"4056","TON","2011","Both sexes","72.18","71.58","72.77"
"4057","TUN","2011","Female","78.86","78.24","79.80"
"4058","BGR","2006","Female","76.21","76.10","76.37"
"4059","CAN","2000","Both sexes","79.09","79.08","79.16"
"4060","VUT","2020","Female","70.94","70.44","71.44"
"4061","SLB","2008","Male","61.75","60.89","62.64"
"4062","NPL","2005","Female","69.50","69.07","70.01"
"4063","LBR","2013","Both sexes","61.38","60.47","62.59"
"4064","BDI","2019","Male","62.37","61.46","63.23"
"4065","LSO","2017","Male","48.37","47.32","49.70"
"4066","ZWE","2013","Both sexes","56.08","55.21","57.01"
"4067","BLR","2021","Male","68.06","67.51","68.61"
"4068","CPV","2020","Female","78.18","77.75","78.83"
"4069","NER","2005","Male","54.15","53.05","55.20"
"4070","ISL","2007","Female","82.86","82.74","83.05"
"4071","DEU","2015","Male","78.12","78.05","78.18"
"4072","NAM","2017","Female","65.54","64.33","66.82"
"4073","KHM","2007","Male","62.31","61.78","63.00"
"4074","BFA","2012","Male","57.11","56.01","58.19"
"4075","CPV","2003","Male","68.26","67.55","69.02"
"4076","COL","2020","Both sexes","76.17","75.97","76.45"
"4077","UGA","2000","Both sexes","48.89","47.91","49.81"
"4078","JAM","2013","Both sexes","74.22","74.03","74.49"
"4079","BLR","2000","Male","63.19","63.07","63.33"
"4080","SWE","2019","Female","84.24","84.23","84.32"
"4081","KAZ","2003","Male","59.37","59.08","59.76"
"4082","GRC","2001","Both sexes","78.82","78.80","78.91"
"4083","LTU","2019","Female","80.82","80.73","80.99"
"4084","IRL","2013","Female","82.64","82.61","82.73"
"4085","COL","2012","Both sexes","76.94","76.67","77.25"
"4086","RUS","2000","Female","72.14","72.08","72.26"
"4087","BGR","2013","Female","78.42","78.34","78.56"
"4088","LCA","2017","Male","72.49","71.97","73.01"
"4089","MRT","2010","Female","68.34","67.82","69.16"
"4090","ERI","2008","Both sexes","59.62","58.84","60.61"
"4091","TKM","2005","Both sexes","65.29","64.86","65.69"
"4092","MOZ","2012","Male","51.39","50.67","52.18"
"4093","NIC","2018","Female","81.14","80.89","81.40"
"4094","GMB","2001","Both sexes","59.40","58.69","60.30"
"4095","FRA","2015","Male","78.96","78.95","79.04"
"4096","MKD","2004","Male","71.49","71.35","71.69"
"4097","AGO","2016","Female","64.23","63.23","65.39"
"4098","CYP","2006","Female","82.02","81.86","82.25"
"4099","CAF","2003","Male","44.32","43.24","45.45"
"4100","USA","2003","Both sexes","76.99","76.94","77.04"
"4101","BEL","2019","Male","79.50","79.49","79.60"
"4102","MDG","2010","Male","61.44","60.58","62.24"
"4103","FRA","2019","Male","79.77","79.77","79.83"
"4104","SVK","2008","Female","78.78","78.74","78.90"
"4105","IDN","2013","Both sexes","70.05","69.56","70.72"
"4106","KAZ","2002","Female","70.54","70.28","70.85"
"4107","WSM","2021","Male","69.07","68.51","69.78"
"4108","ARM","2001","Female","75.04","74.85","75.31"
"4109","SLE","2010","Both sexes","54.97","54.16","56.01"
"4110","LBY","2015","Both sexes","72.65","71.98","73.21"
"4111","MOZ","2018","Female","61.13","60.19","62.08"
"4112","GBR","2012","Both sexes","80.64","80.58","80.70"
"4113","IND","2001","Male","62.54","62.03","63.23"
"4114","BRN","2018","Both sexes","76.41","76.19","76.74"
"4115","PHL","2019","Both sexes","69.43","68.99","69.89"
"4116","GIN","2000","Female","55.12","54.34","55.95"
"4117","ARE","2014","Both sexes","80.65","80.26","81.08"
"4118","BTN","2018","Both sexes","73.75","73.11","74.55"
"4119","SEN","2004","Female","63.03","62.49","63.60"
"4120","KEN","2010","Female","63.13","62.52","63.74"
"4121","KAZ","2016","Male","67.93","67.72","68.19"
"4122","BGR","2017","Both sexes","74.72","74.64","74.90"
"4123","UZB","2008","Female","67.90","67.53","68.32"
"4124","SAU","2007","Male","71.45","71.20","71.75"
"4125","BEN","2018","Male","61.39","60.49","62.31"
"4126","KHM","2019","Female","72.16","71.46","72.79"
"4127","BHR","2016","Male","75.03","74.86","75.36"
"4128","CHL","2003","Female","80.27","80.24","80.35"
"4129","GMB","2007","Female","62.92","62.14","63.85"
"4130","BRA","2021","Both sexes","72.39","72.23","72.61"
"4131","SLV","2019","Both sexes","74.28","74.09","74.55"
"4132","WSM","2014","Male","68.86","68.31","69.51"
"4133","CAF","2008","Male","46.85","45.83","48.06"
"4134","AUS","2015","Male","80.41","80.33","80.48"
"4135","TJK","2006","Female","70.46","70.03","70.93"
"4136","DOM","2020","Female","77.52","76.96","78.08"
"4137","ROU","2009","Male","69.75","69.69","69.88"
"4138","BOL","2021","Male","62.87","62.34","63.52"
"4139","IRL","2000","Both sexes","76.42","76.38","76.53"
"4140","ESP","2005","Both sexes","80.01","79.95","80.07"
"4141","BOL","2006","Both sexes","69.16","68.62","69.85"
"4142","TJK","2011","Female","72.35","72.04","72.91"
"4143","FIN","2013","Male","77.80","77.78","77.89"
"4144","CYP","2021","Both sexes","81.91","81.68","82.20"
"4145","SRB","2016","Male","73.12","73.08","73.24"
"4146","PAN","2017","Female","81.17","80.95","81.40"
"4147","THA","2019","Female","80.64","80.30","81.09"
"4148","JAM","2013","Female","76.14","76.02","76.37"
"4149","PRY","2009","Male","72.12","71.53","72.92"
"4150","SWE","2016","Female","83.63","83.62","83.71"
"4151","KAZ","2011","Female","73.87","73.71","74.12"
"4152","AUS","2001","Male","77.60","77.59","77.68"
"4153","CIV","2008","Male","54.77","53.85","55.74"
"4154","SLV","2000","Female","75.89","75.57","76.21"
"4155","TZA","2000","Female","53.84","52.86","55.02"
"4156","SLV","2018","Female","79.11","78.95","79.39"
"4157","KGZ","2013","Female","74.70","74.56","74.98"
"4158","GRD","2000","Female","76.45","76.23","76.78"
"4159","IND","2002","Both sexes","64.17","63.62","64.86"
"4160","ZMB","2000","Both sexes","44.53","43.40","45.74"
"4161","KAZ","2016","Both sexes","72.40","72.24","72.63"
"4162","IND","2007","Female","67.67","67.17","68.22"
"4163","BIH","2016","Both sexes","77.13","77.07","77.28"
"4164","CHE","2010","Female","84.18","84.17","84.27"
"4165","PRK","2014","Male","68.11","67.41","68.83"
"4166","AFG","2004","Male","56.33","55.47","57.23"
"4167","QAT","2018","Female","79.62","79.14","80.26"
"4168","BEN","2015","Male","60.25","59.40","61.13"
"4169","ZMB","2003","Female","48.04","46.85","49.36"
"4170","BLZ","2003","Both sexes","71.80","71.60","72.07"
"4171","LVA","2016","Both sexes","74.95","74.86","75.09"
"4172","MLI","2019","Both sexes","61.83","60.95","62.96"
"4173","COD","2018","Male","59.32","58.32","60.49"
"4174","PAN","2002","Both sexes","76.28","76.12","76.59"
"4175","VEN","2006","Female","78.75","78.69","78.87"
"4176","SSD","2010","Female","60.45","59.26","61.98"
"4177","KHM","2004","Both sexes","62.73","62.23","63.35"
"4178","AZE","2017","Female","76.95","76.72","77.26"
"4179","BOL","2018","Male","71.78","71.11","72.63"
"4180","CZE","2012","Female","80.92","80.91","81.02"
"4181","SVN","2020","Male","77.68","77.58","77.85"
"4182","GIN","2008","Both sexes","57.54","56.67","58.45"
"4183","GMB","2016","Male","62.13","61.37","63.01"
"4184","SVN","2019","Male","78.57","78.47","78.76"
"4185","MLT","2010","Female","82.65","82.55","82.86"
"4186","EST","2018","Female","82.30","82.17","82.48"
"4187","JOR","2000","Male","74.08","73.44","74.79"
"4188","FSM","2008","Both sexes","64.49","63.83","65.46"
"4189","COD","2001","Female","54.72","53.89","55.55"
"4190","TJK","2020","Both sexes","70.56","69.89","71.10"
"4191","LSO","2004","Female","45.61","43.70","47.64"
"4192","MAR","2004","Both sexes","71.03","70.26","71.79"
"4193","IND","2019","Both sexes","70.73","70.29","71.27"
"4194","FSM","2001","Female","66.73","66.11","67.48"
"4195","TGO","2016","Male","59.65","58.73","60.75"
"4196","LUX","2014","Female","84.13","84.01","84.30"
"4197","PRK","2000","Both sexes","62.52","58.17","67.43"
"4198","IRQ","2008","Female","72.89","72.08","73.77"
"4199","MLT","2008","Female","82.16","82.06","82.33"
"4200","MKD","2011","Female","77.02","76.92","77.19"
"4201","ATG","2017","Female","77.04","76.77","77.36"
"4202","YEM","2021","Both sexes","65.76","65.11","66.62"
"4203","TCD","2014","Both sexes","57.46","56.48","58.60"
"4204","FIN","2020","Female","84.16","84.12","84.27"
"4205","FJI","2001","Male","64.04","63.74","64.33"
"4206","TON","2018","Female","75.52","74.75","76.21"
"4207","CRI","2011","Both sexes","80.26","80.18","80.40"
"4208","DJI","2015","Male","62.20","61.11","63.54"
"4209","ITA","2011","Female","84.12","84.07","84.18"
"4210","TUN","2021","Both sexes","74.07","73.59","74.70"
"4211","YEM","2013","Male","66.99","66.06","67.99"
"4212","NZL","2009","Female","82.34","82.30","82.44"
"4213","ROU","2007","Both sexes","73.14","73.07","73.27"
"4214","FIN","2002","Both sexes","78.13","78.10","78.23"
"4215","BRA","2016","Female","78.07","77.87","78.31"
"4216","ISR","2019","Female","84.32","84.30","84.41"
"4217","MRT","2013","Female","69.15","68.49","69.89"
"4218","PHL","2014","Female","74.07","73.75","74.45"
"4219","CAF","2019","Female","55.89","54.83","57.11"
"4220","GHA","2015","Both sexes","64.34","63.68","65.13"
"4221","PAN","2004","Both sexes","76.48","76.26","76.80"
"4222","CAN","2017","Male","79.76","79.75","79.84"
"4223","JAM","2008","Both sexes","70.64","70.44","70.90"
"4224","KAZ","2001","Both sexes","64.71","64.41","65.19"
"4225","MKD","2008","Female","76.36","76.26","76.54"
"4226","RUS","2016","Female","76.81","76.81","76.88"
"4227","LBR","2007","Female","59.69","58.93","60.53"
"4228","YEM","2004","Female","66.81","65.95","67.71"
"4229","BEL","2011","Both sexes","80.17","80.16","80.26"
"4230","DEU","2010","Male","77.78","77.71","77.84"
"4231","ARM","2016","Both sexes","74.41","74.25","74.63"
"4232","TZA","2011","Female","63.70","63.05","64.42"
"4233","VCT","2017","Both sexes","73.09","72.82","73.43"
"4234","UGA","2005","Both sexes","54.81","54.18","55.65"
"4235","CYP","2019","Male","80.20","79.94","80.55"
"4236","TON","2002","Male","68.36","68.02","68.82"
"4237","ARG","2003","Male","70.70","70.66","70.80"
"4238","LBN","2007","Both sexes","77.47","77.13","77.95"
"4239","COD","2013","Female","60.78","59.85","61.50"
"4240","COG","2019","Female","63.08","62.38","64.13"
"4241","IRN","2012","Both sexes","77.09","76.97","77.26"
"4242","AGO","2000","Male","46.97","46.14","48.08"
"4243","BEL","2018","Both sexes","81.25","81.23","81.32"
"4244","HRV","2000","Male","71.05","70.83","71.37"
"4245","CMR","2018","Female","63.38","62.45","64.37"
"4246","CAN","2021","Both sexes","81.58","81.53","81.68"
"4247","CHN","2004","Male","69.55","69.24","69.91"
"4248","ESP","2018","Both sexes","82.77","82.77","82.83"
"4249","LTU","2006","Male","65.01","64.94","65.12"
"4250","GTM","2016","Both sexes","72.23","71.94","72.51"
"4251","HRV","2007","Male","72.35","72.30","72.47"
"4252","PNG","2016","Both sexes","66.19","65.48","67.21"
"4253","OMN","2005","Both sexes","73.36","72.85","74.06"
"4254","FRA","2001","Female","82.56","82.50","82.62"
"4255","NAM","2005","Male","50.71","49.86","51.64"
"4256","MEX","2009","Male","72.53","72.37","72.71"
"4257","DJI","2014","Female","65.16","64.08","66.53"
"4258","PAN","2002","Male","73.44","73.24","73.71"
"4259","GBR","2000","Male","75.49","75.49","75.56"
"4260","ERI","2014","Female","65.17","64.29","66.21"
"4261","LBY","2001","Female","75.81","75.44","76.25"
"4262","PRK","2012","Female","73.32","72.76","73.96"
"4263","BGR","2011","Male","70.59","70.47","70.81"
"4264","NZL","2004","Female","81.08","81.06","81.16"
"4265","CHL","2020","Both sexes","79.90","79.88","79.99"
"4266","COD","2017","Male","58.78","57.75","59.85"
"4267","MLT","2014","Male","79.41","79.33","79.59"
"4268","ZMB","2021","Male","58.72","57.71","59.85"
"4269","MMR","2004","Both sexes","61.07","60.30","61.97"
"4270","CMR","2004","Female","54.76","53.83","55.80"
"4271","GNQ","2019","Female","63.05","61.21","65.06"
"4272","EST","2017","Female","82.28","82.17","82.44"
"4273","SUR","2014","Both sexes","73.05","72.77","73.42"
"4274","MNE","2021","Both sexes","74.71","74.51","74.98"
"4275","ATG","2015","Female","77.21","76.96","77.61"
"4276","MDA","2018","Male","68.87","68.65","69.16"
"4277","TUN","2019","Male","75.09","74.15","75.97"
"4278","TJK","2020","Male","68.61","68.10","69.17"
"4279","ISL","2003","Male","78.72","78.62","78.93"
"4280","IRL","2012","Female","82.57","82.55","82.67"
"4281","KHM","2011","Male","64.35","63.80","65.05"
"4282","PRI","2008","Female","81.99","81.90","82.17"
"4283","UZB","2013","Both sexes","68.37","68.13","68.73"
"4284","LSO","2014","Female","51.69","50.25","53.31"
"4285","SOM","2018","Male","52.25","51.14","53.68"
"4286","NAM","2016","Male","58.98","58.04","60.06"
"4287","BLR","2019","Male","69.73","69.69","69.83"
"4288","CZE","2020","Female","81.08","81.04","81.18"
"4289","SWZ","2002","Female","45.07","43.30","47.31"
"4290","LBR","2009","Both sexes","60.05","59.16","60.85"
"4291","CMR","2017","Male","58.83","57.67","59.89"
"4292","EGY","2001","Both sexes","68.85","68.48","69.22"
"4293","SYC","2015","Both sexes","73.16","72.95","73.44"
"4294","ITA","2017","Both sexes","82.52","82.47","82.58"
"4295","AGO","2014","Both sexes","61.14","60.12","62.05"
"4296","NER","2014","Both sexes","59.45","58.50","60.90"
"4297","PSE","2011","Female","74.92","74.69","75.25"
"4298","SWZ","2020","Female","59.47","58.08","60.86"
"4299","ZMB","2021","Both sexes","60.97","60.08","62.07"
"4300","MNG","2017","Female","74.55","74.30","74.89"
"4301","ROU","2003","Male","67.61","67.53","67.78"
"4302","MMR","2020","Male","65.65","64.73","66.55"
"4303","NPL","2014","Male","68.40","67.71","69.27"
"4304","ESP","2019","Both sexes","83.14","83.07","83.20"
"4305","CPV","2020","Both sexes","73.67","73.14","74.23"
"4306","SSD","2016","Male","57.08","55.89","58.42"
"4307","GRD","2015","Male","70.08","69.83","70.36"
"4308","LSO","2021","Both sexes","51.48","50.49","52.57"
"4309","OMN","2018","Female","78.52","78.19","78.93"
"4310","MOZ","2013","Male","51.77","50.98","52.57"
"4311","CPV","2004","Female","76.06","75.51","76.75"
"4312","GRC","2019","Both sexes","80.91","80.89","80.99"
"4313","SLB","2014","Female","67.59","66.89","68.51"
"4314","PHL","2009","Male","65.42","65.02","65.94"
"4315","SDN","2013","Male","66.56","65.39","67.85"
"4316","DOM","2014","Male","70.00","69.35","70.72"
"4317","FJI","2003","Female","68.89","68.60","69.24"
"4318","BOL","2003","Female","68.80","68.32","69.37"
"4319","SLB","2011","Female","67.21","66.43","68.03"
"4320","IND","2001","Both sexes","63.66","62.90","64.32"
"4321","MDV","2020","Both sexes","76.19","75.95","76.45"
"4322","HUN","2004","Both sexes","72.86","72.82","72.95"
"4323","FSM","2015","Female","68.19","67.46","68.95"
"4324","HND","2014","Male","67.40","66.60","68.18"
"4325","BWA","2002","Both sexes","46.95","45.42","48.66"
"4326","COG","2013","Female","61.57","60.79","62.31"
"4327","ARE","2001","Male","78.72","78.36","79.19"
"4328","ARE","2017","Male","80.53","80.08","81.09"
"4329","HND","2009","Both sexes","70.99","70.16","71.83"
"4330","FRA","2008","Both sexes","80.87","80.82","80.93"
"4331","BEN","2002","Female","60.06","59.27","60.87"
"4332","GBR","2010","Both sexes","80.25","80.20","80.31"
"4333","UZB","2000","Female","64.58","64.19","64.97"
"4334","LUX","2010","Female","83.31","83.23","83.47"
"4335","GNQ","2000","Female","55.76","54.32","57.39"
"4336","WSM","2003","Male","68.25","67.67","68.90"
"4337","BWA","2009","Both sexes","56.89","55.49","58.36"
"4338","MUS","2000","Both sexes","71.14","70.96","71.35"
"4339","PAN","2004","Female","79.38","79.17","79.71"
"4340","GBR","2013","Female","82.41","82.35","82.47"
"4341","MLI","2007","Both sexes","57.34","56.57","58.03"
"4342","MRT","2001","Both sexes","63.49","62.88","64.20"
"4343","CYP","2013","Female","83.95","83.77","84.20"
"4344","COM","2012","Female","67.51","66.73","68.59"
"4345","GUY","2008","Male","62.88","62.38","63.60"
"4346","MOZ","2001","Both sexes","51.32","50.48","52.15"
"4347","MNG","2008","Both sexes","66.90","66.50","67.32"
"4348","MNG","2001","Both sexes","63.49","63.01","64.13"
"4349","IDN","2006","Female","69.88","69.48","70.39"
"4350","LKA","2004","Female","71.79","71.64","71.97"
"4351","EST","2007","Female","78.71","78.63","78.87"
"4352","VUT","2000","Both sexes","64.93","64.29","65.67"
"4353","LBY","2021","Male","70.23","69.56","71.02"
"4354","ISL","2008","Both sexes","81.29","81.21","81.46"
"4355","ZWE","2018","Male","56.51","55.66","57.52"
"4356","NPL","2005","Both sexes","68.19","67.69","68.81"
"4357","SLE","2006","Male","51.48","50.39","52.58"
"4358","DJI","2018","Both sexes","65.12","64.17","66.34"
"4359","FRA","2017","Female","84.81","84.80","84.87"
"4360","TJK","2021","Female","73.50","73.00","74.03"
"4361","GRC","2004","Both sexes","79.21","79.20","79.29"
"4362","NLD","2012","Both sexes","80.89","80.88","80.96"
"4363","ISL","2003","Female","82.38","82.30","82.54"
"4364","SLE","2012","Female","57.16","56.23","58.19"
"4365","SLE","2019","Both sexes","60.40","59.05","61.66"
"4366","DOM","2007","Both sexes","72.98","72.11","73.94"
"4367","GNQ","2010","Male","60.36","58.97","62.06"
"4368","TTO","2013","Both sexes","74.32","73.87","74.83"
"4369","POL","2003","Both sexes","74.55","74.53","74.62"
"4370","STP","2000","Both sexes","63.13","62.48","64.04"
"4371","TUN","2019","Both sexes","77.51","76.76","78.46"
"4372","JOR","2012","Female","77.55","77.29","77.96"
"4373","EGY","2013","Female","73.44","73.14","73.72"
"4374","SLV","2000","Both sexes","71.65","71.32","72.01"
"4375","CYP","2001","Male","76.62","76.40","76.89"
"4376","MLI","2003","Both sexes","54.85","53.86","55.71"
"4377","VCT","2012","Female","75.40","75.17","75.70"
"4378","MLT","2013","Female","83.21","83.09","83.39"
"4379","DZA","2008","Male","74.26","73.93","74.68"
"4380","HRV","2017","Female","81.00","80.94","81.15"
"4381","QAT","2001","Female","73.31","72.92","73.81"
"4382","UGA","2020","Female","69.64","68.77","70.55"
"4383","CHE","2005","Both sexes","81.11","81.10","81.20"
"4384","HUN","2011","Both sexes","74.90","74.86","75.00"
"4385","TON","2012","Male","69.64","69.06","70.26"
"4386","IND","2004","Female","66.57","66.08","67.18"
"4387","KHM","2018","Male","66.63","65.85","67.40"
"4388","ETH","2019","Male","67.17","66.36","68.09"
"4389","JPN","2005","Male","78.84","78.79","78.90"
"4390","ARG","2018","Both sexes","76.89","76.88","76.95"
"4391","PRT","2015","Both sexes","80.89","80.88","80.97"
"4392","KHM","2007","Female","67.64","67.15","68.29"
"4393","SVK","2011","Male","72.21","72.15","72.34"
"4394","IRQ","2021","Female","73.91","73.36","74.65"
"4395","LBY","2000","Male","72.37","71.88","72.95"
"4396","PAK","2000","Female","61.89","61.14","62.66"
"4397","GIN","2006","Male","55.87","55.18","56.76"
"4398","CHE","2010","Both sexes","82.20","82.17","82.28"
"4399","ZAF","2017","Both sexes","64.75","64.47","65.09"
"4400","CHE","2016","Male","81.39","81.38","81.48"
"4401","MLT","2021","Male","79.96","79.81","80.18"
"4402","DEU","2018","Both sexes","80.65","80.59","80.70"
"4403","LBR","2003","Both sexes","53.62","52.61","54.68"
"4404","MWI","2021","Both sexes","62.49","61.73","63.23"
"4405","PHL","2017","Both sexes","69.64","69.18","70.12"
"4406","GMB","2018","Male","62.61","61.82","63.65"
"4407","LBN","2002","Male","75.13","74.60","75.75"
"4408","CHL","2020","Female","82.50","82.49","82.59"
"4409","JPN","2014","Both sexes","83.79","83.75","83.84"
"4410","NOR","2015","Male","80.27","80.25","80.36"
"4411","CAN","2006","Female","82.53","82.53","82.59"
"4412","NOR","2015","Both sexes","81.99","81.98","82.08"
"4413","GIN","2019","Both sexes","61.13","60.11","62.21"
"4414","HTI","2008","Male","60.57","59.74","61.49"
"4415","MMR","2006","Male","59.59","58.84","60.34"
"4416","NAM","2006","Female","57.16","56.12","58.31"
"4417","PRK","2018","Both sexes","72.11","71.51","72.84"
"4418","CHN","2009","Female","77.40","77.17","77.72"
"4419","SUR","2001","Both sexes","70.47","70.14","70.92"
"4420","JAM","2019","Both sexes","72.24","71.65","72.90"
"4421","CRI","2000","Male","75.84","75.75","75.98"
"4422","DJI","2012","Female","64.35","63.20","65.58"
"4423","AUS","2010","Both sexes","81.91","81.91","81.99"
"4424","URY","2016","Female","80.46","80.43","80.57"
"4425","FJI","2005","Male","64.96","64.68","65.28"
"4426","MUS","2006","Male","69.06","68.92","69.23"
"4427","TLS","2019","Female","70.08","69.32","71.06"
"4428","MWI","2017","Male","59.63","58.83","60.48"
"4429","LTU","2006","Female","76.95","76.89","77.08"
"4430","POL","2015","Male","73.37","73.36","73.42"
"4431","IND","2006","Male","64.54","64.09","65.13"
"4432","SDN","2006","Both sexes","65.29","64.58","66.00"
"4433","PER","2001","Both sexes","75.96","75.55","76.52"
"4434","SSD","2007","Female","58.67","57.53","60.07"
"4435","SDN","2021","Male","66.25","65.35","67.20"
"4436","BIH","2003","Male","73.34","73.25","73.47"
"4437","FJI","2006","Female","69.56","69.31","69.88"
"4438","SLV","2012","Both sexes","75.27","75.08","75.49"
"4439","MLT","2007","Female","81.84","81.74","82.04"
"4440","KOR","2000","Both sexes","75.86","75.85","75.94"
"4441","GEO","2006","Both sexes","72.02","71.83","72.29"
"4442","SAU","2006","Female","73.41","73.11","73.72"
"4443","TTO","2008","Male","68.63","68.33","69.02"
"4444","CAF","2000","Female","45.44","44.23","46.87"
"4445","GHA","2006","Female","62.33","61.76","63.03"
"4446","LUX","2001","Both sexes","78.62","78.52","78.80"
"4447","TUN","2013","Both sexes","76.61","76.04","77.36"
"4448","ECU","2007","Female","77.66","77.28","78.04"
"4449","JOR","2015","Male","78.71","78.34","79.25"
"4450","MNE","2013","Male","73.89","73.74","74.11"
"4451","DJI","2013","Male","61.55","60.47","62.84"
"4452","BHR","2008","Both sexes","72.89","72.73","73.13"
"4453","BWA","2003","Female","50.04","48.44","52.07"
"4454","UGA","2002","Both sexes","50.65","49.90","51.48"
"4455","JOR","2010","Male","77.11","76.71","77.64"
"4456","QAT","2007","Male","71.29","70.82","71.87"
"4457","NLD","2009","Female","82.43","82.43","82.51"
"4458","ESP","2004","Female","83.25","83.19","83.31"
"4459","BDI","2015","Both sexes","62.71","61.89","63.52"
"4460","MUS","2019","Male","70.83","70.66","71.03"
"4461","LVA","2010","Both sexes","72.88","72.80","73.02"
"4462","RWA","2013","Male","64.27","63.62","65.22"
"4463","ITA","2012","Male","79.44","79.38","79.51"
"4464","COM","2008","Male","64.36","63.42","65.45"
"4465","ALB","2002","Female","78.43","78.12","78.80"
"4466","LAO","2001","Both sexes","58.89","58.12","59.84"
"4467","SOM","2017","Male","51.74","50.53","53.22"
"4468","MKD","2017","Male","74.05","73.91","74.24"
"4469","VUT","2017","Female","70.52","70.16","70.99"
"4470","LAO","2008","Both sexes","63.19","62.53","63.98"
"4471","BIH","2005","Male","73.29","73.21","73.45"
"4472","MLT","2001","Both sexes","78.11","78.02","78.28"
"4473","MRT","2007","Both sexes","67.11","66.49","67.82"
"4474","MOZ","2011","Female","55.87","55.21","56.79"
"4475","SAU","2001","Both sexes","70.80","70.37","71.24"
"4476","GNQ","2014","Female","62.65","61.26","64.35"
"4477","TTO","2017","Both sexes","74.01","73.72","74.26"
"4478","YEM","2018","Both sexes","66.39","65.53","67.32"
"4479","BHR","2018","Both sexes","75.94","75.72","76.25"
"4480","HND","2010","Female","71.82","71.02","72.67"
"4481","PNG","2018","Female","67.74","67.08","68.46"
"4482","BOL","2009","Male","69.27","68.64","69.97"
"4483","SLV","2017","Female","77.97","77.81","78.16"
"4484","LCA","2016","Male","72.48","72.04","73.02"
"4485","BEL","2012","Female","82.57","82.56","82.64"
"4486","MAR","2016","Both sexes","73.41","72.67","74.17"
"4487","MNG","2003","Female","68.79","68.41","69.27"
"4488","WSM","2016","Both sexes","69.92","69.33","70.52"
"4489","MNE","2005","Female","76.32","76.21","76.49"
"4490","ISR","2013","Male","80.13","80.11","80.21"
"4491","CHE","2017","Both sexes","83.14","83.12","83.23"
"4492","LCA","2021","Both sexes","71.11","70.34","71.99"
"4493","CHN","2007","Male","71.29","71.01","71.62"
"4494","TCD","2018","Both sexes","58.96","57.86","60.06"
"4495","PRK","2008","Male","66.72","66.03","67.50"
"4496","BRN","2013","Female","78.33","78.11","78.60"
"4497","PSE","2000","Both sexes","69.89","69.52","70.42"
"4498","COL","2021","Female","77.62","77.33","78.04"
"4499","KGZ","2019","Female","77.14","76.86","77.46"
"4500","NAM","2008","Female","61.82","60.72","62.79"
"4501","UKR","2016","Both sexes","72.63","72.61","72.71"
"4502","TJK","2009","Male","67.55","67.03","68.34"
"4503","ARG","2008","Both sexes","75.69","75.68","75.77"
"4504","EGY","2014","Both sexes","70.46","70.16","70.71"
"4505","FJI","2007","Both sexes","67.10","66.85","67.37"
"4506","SGP","2009","Male","79.26","79.23","79.36"
"4507","YEM","2017","Both sexes","67.68","66.72","68.74"
"4508","SUR","2009","Both sexes","72.62","72.30","72.98"
"4509","ARE","2000","Male","78.58","78.11","79.11"
"4510","HTI","2001","Male","57.50","56.62","58.49"
"4511","MOZ","2010","Female","55.66","54.97","56.48"
"4512","SUR","2002","Both sexes","70.42","70.13","70.81"
"4513","NZL","2013","Male","79.59","79.57","79.70"
"4514","ARG","2020","Male","73.06","73.00","73.19"
"4515","AUS","2012","Both sexes","82.27","82.21","82.34"
"4516","BOL","2002","Female","68.22","67.67","68.76"
"4517","PRK","2014","Female","73.97","73.37","74.60"
"4518","CAF","2000","Male","43.42","42.45","44.53"
"4519","KGZ","2006","Both sexes","67.11","66.78","67.48"
"4520","LVA","2017","Both sexes","74.96","74.83","75.11"
"4521","AUS","2008","Female","83.45","83.45","83.52"
"4522","GNQ","2002","Female","56.57","54.88","58.06"
"4523","MLI","2008","Both sexes","57.78","56.97","58.68"
"4524","GNQ","2021","Male","60.17","58.45","61.84"
"4525","KHM","2020","Female","72.52","71.78","73.33"
"4526","DOM","2009","Male","70.97","70.05","71.77"
"4527","BGD","2020","Both sexes","73.30","72.59","74.04"
"4528","TZA","2003","Both sexes","54.99","54.07","56.01"
"4529","TZA","2007","Male","58.32","57.47","59.10"
"4530","CHE","2009","Male","79.63","79.61","79.72"
"4531","PAK","2010","Female","65.04","64.31","65.80"
"4532","BEN","2011","Female","63.86","63.11","64.59"
"4533","VUT","2009","Male","62.91","62.33","63.48"
"4534","BHR","2020","Male","73.61","73.37","73.91"
"4535","GHA","2000","Male","57.77","57.11","58.45"
"4536","SOM","2018","Female","57.30","56.13","58.33"
"4537","NGA","2017","Both sexes","62.36","61.10","63.48"
"4538","YEM","2001","Female","65.21","64.56","66.04"
"4539","CMR","2006","Male","53.27","52.50","54.44"
"4540","STP","2005","Both sexes","66.27","65.72","66.89"
"4541","LBY","2006","Female","76.04","75.78","76.37"
"4542","PNG","2002","Both sexes","63.43","62.67","64.23"
"4543","UZB","2001","Female","65.00","64.65","65.38"
"4544","WSM","2005","Female","72.08","71.50","72.70"
"4545","TON","2004","Both sexes","71.44","71.02","71.88"
"4546","HND","2004","Male","69.45","68.56","70.44"
"4547","ARG","2005","Female","78.69","78.67","78.77"
"4548","MDG","2019","Both sexes","63.82","62.94","64.86"
"4549","SAU","2021","Both sexes","76.43","76.03","76.93"
"4550","CHE","2013","Both sexes","82.48","82.46","82.55"
"4551","ROU","2000","Female","74.66","74.58","74.82"
"4552","MNE","2003","Female","75.85","75.73","76.06"
"4553","MRT","2013","Both sexes","69.22","68.37","70.22"
"4554","SSD","2006","Male","54.61","53.38","55.64"
"4555","SYC","2020","Female","80.52","80.23","80.84"
"4556","VCT","2003","Both sexes","72.24","71.91","72.60"
"4557","JAM","2012","Both sexes","74.19","73.94","74.46"
"4558","COD","2011","Male","56.20","55.29","57.03"
"4559","WSM","2011","Female","71.92","71.25","72.40"
"4560","TON","2016","Female","75.29","74.75","76.00"
"4561","GRC","2015","Male","78.16","78.16","78.24"
"4562","GIN","2008","Female","58.53","57.74","59.47"
"4563","ROU","2004","Female","75.43","75.33","75.58"
"4564","VUT","2003","Both sexes","65.09","64.54","65.80"
"4565","MYS","2003","Both sexes","73.62","73.59","73.71"
"4566","PNG","2007","Male","63.37","62.59","64.25"
"4567","PSE","2016","Female","76.68","76.43","76.98"
"4568","SYR","2018","Both sexes","64.30","63.62","65.06"
"4569","LSO","2005","Both sexes","42.66","41.17","44.05"
"4570","MNG","2010","Female","71.49","71.18","71.86"
"4571","MOZ","2006","Female","54.30","53.40","55.18"
"4572","MMR","2001","Male","57.41","56.60","58.32"
"4573","TKM","2005","Male","61.39","61.02","61.78"
"4574","MDG","2000","Male","57.71","57.06","58.32"
"4575","GNB","2019","Female","61.44","60.59","62.43"
"4576","HND","2006","Both sexes","70.74","69.89","71.64"
"4577","GNQ","2004","Male","55.46","53.88","57.14"
"4578","TKM","2021","Both sexes","69.12","68.41","70.13"
"4579","TLS","2010","Both sexes","67.00","66.26","67.81"
"4580","SLE","2004","Male","50.69","49.61","51.81"
"4581","HRV","2005","Female","79.02","78.95","79.16"
"4582","TLS","2009","Female","67.68","67.05","68.46"
"4583","VUT","2020","Both sexes","67.10","66.59","67.69"
"4584","CHN","2011","Both sexes","75.04","74.71","75.42"
"4585","WSM","2007","Female","72.19","71.70","72.90"
"4586","JAM","2007","Both sexes","69.59","69.41","69.87"
"4587","SRB","2009","Female","76.61","76.56","76.75"
"4588","LAO","2015","Female","69.26","68.70","70.02"
"4589","DEU","2021","Male","78.15","78.09","78.21"
"4590","HTI","2011","Male","61.24","60.19","62.18"
"4591","PNG","2007","Both sexes","64.08","63.32","65.01"
"4592","PRT","2016","Female","83.77","83.76","83.85"
"4593","GIN","2014","Both sexes","58.61","57.59","59.48"
"4594","UZB","2002","Both sexes","62.19","61.73","62.67"
"4595","TKM","2010","Both sexes","69.12","68.68","69.53"
"4596","BEL","2006","Male","76.48","76.47","76.56"
"4597","VNM","2001","Both sexes","71.98","71.47","72.49"
"4598","MDA","2020","Both sexes","72.15","71.94","72.43"
"4599","TTO","2007","Both sexes","72.39","72.09","72.72"
"4600","QAT","2015","Both sexes","77.79","77.22","78.35"
"4601","WSM","2000","Male","67.69","67.09","68.31"
"4602","SEN","2004","Both sexes","61.57","61.06","62.26"
"4603","SDN","2006","Male","64.12","63.08","65.01"
"4604","MRT","2007","Female","67.03","66.54","67.73"
"4605","CAN","2013","Both sexes","81.56","81.55","81.63"
"4606","MOZ","2007","Male","50.46","49.69","51.42"
"4607","MDV","2015","Male","75.74","75.46","76.08"
"4608","PRK","2010","Male","66.95","66.36","67.73"
"4609","MAR","2020","Male","71.19","70.65","71.82"
"4610","SGP","2008","Both sexes","80.98","80.95","81.08"
"4611","KIR","2003","Female","64.32","63.71","65.14"
"4612","POL","2015","Female","81.15","81.13","81.22"
"4613","KOR","2014","Male","78.81","78.75","78.88"
"4614","URY","2007","Male","71.38","71.28","71.54"
"4615","KEN","2009","Male","58.68","58.11","59.39"
"4616","IRL","2021","Female","83.35","83.31","83.46"
"4617","TLS","2016","Male","66.62","65.79","67.53"
"4618","PRT","2000","Both sexes","76.59","76.57","76.68"
"4619","TKM","2017","Both sexes","68.98","68.42","69.62"
"4620","TUN","2005","Both sexes","75.37","74.71","76.12"
"4621","UGA","2012","Both sexes","61.80","61.10","62.59"
"4622","MMR","2015","Female","70.71","69.99","71.31"
"4623","LCA","2020","Male","71.96","71.41","72.66"
"4624","DEU","2000","Female","80.92","80.86","80.98"
"4625","GAB","2016","Male","61.82","60.93","62.73"
"4626","IRL","2002","Female","80.12","80.09","80.21"
"4627","MNG","2019","Male","66.27","65.81","66.84"
"4628","MOZ","2009","Female","55.65","54.89","56.53"
"4629","BTN","2019","Female","75.13","74.52","75.83"
"4630","USA","2013","Male","76.61","76.57","76.66"
"4631","SAU","2010","Male","74.02","73.82","74.34"
"4632","ARG","2002","Both sexes","74.26","74.24","74.35"
"4633","DZA","2002","Both sexes","73.09","72.67","73.55"
"4634","STP","2000","Male","62.52","61.76","63.41"
"4635","VEN","2007","Female","78.93","78.87","79.04"
"4636","CIV","2015","Female","63.67","62.81","64.56"
"4637","TZA","2018","Female","68.00","67.29","68.70"
"4638","VUT","2009","Both sexes","65.89","65.37","66.45"
"4639","HRV","2021","Female","80.01","79.94","80.14"
"4640","CAN","2008","Female","82.66","82.66","82.74"
"4641","ZAF","2007","Female","54.43","54.08","54.81"
"4642","MKD","2017","Female","77.92","77.82","78.09"
"4643","AFG","2021","Both sexes","59.13","58.35","59.85"
"4644","LKA","2020","Both sexes","80.66","79.19","82.12"
"4645","RUS","2010","Both sexes","68.83","68.82","68.89"
"4646","BFA","2012","Both sexes","59.52","58.74","60.35"
"4647","IRL","2009","Male","77.15","77.13","77.25"
"4648","GBR","2018","Female","82.33","82.27","82.39"
"4649","NGA","2000","Both sexes","54.06","53.14","54.97"
"4650","FJI","2016","Female","69.89","69.37","70.50"
"4651","CUB","2020","Male","75.26","75.21","75.37"
"4652","SUR","2013","Female","76.39","76.13","76.72"
"4653","MOZ","2015","Male","52.97","52.08","54.05"
"4654","PER","2005","Both sexes","77.54","77.14","78.09"
"4655","BRB","2003","Both sexes","74.55","74.39","74.82"
"4656","ZWE","2001","Both sexes","45.43","44.08","47.01"
"4657","UKR","2001","Male","62.19","62.16","62.28"
"4658","COL","2018","Female","80.46","80.24","80.73"
"4659","VEN","2013","Both sexes","74.60","74.53","74.74"
"4660","GNQ","2009","Female","59.81","58.47","61.33"
"4661","ARM","2021","Female","76.87","76.64","77.20"
"4662","LBN","2008","Both sexes","77.53","77.20","78.01"
"4663","LBY","2007","Female","75.98","75.68","76.35"
"4664","BLZ","2017","Both sexes","74.56","74.32","74.86"
"4665","BGR","2013","Both sexes","74.80","74.71","74.96"
"4666","IDN","2014","Male","68.54","67.81","69.22"
"4667","CRI","2013","Male","78.26","78.19","78.40"
"4668","PAK","2011","Both sexes","64.54","63.81","65.55"
"4669","BIH","2018","Both sexes","77.32","77.24","77.47"
"4670","DOM","2011","Male","71.38","70.73","72.14"
"4671","PRY","2004","Male","72.04","71.32","72.73"
"4672","AUT","2008","Male","77.56","77.54","77.64"
"4673","AFG","2019","Female","62.55","61.69","63.51"
"4674","CAN","2009","Male","78.74","78.74","78.82"
"4675","CHN","2000","Male","68.59","68.24","68.96"
"4676","TCD","2008","Female","55.92","55.31","56.76"
"4677","MMR","2017","Both sexes","67.95","67.27","68.73"
"4678","PAK","2016","Both sexes","66.05","65.09","67.30"
"4679","TCD","2017","Both sexes","58.61","57.57","59.95"
"4680","ISL","2001","Both sexes","79.99","79.88","80.17"
"4681","JPN","2013","Both sexes","83.56","83.51","83.61"
"4682","PNG","2017","Female","67.58","66.87","68.24"
"4683","PRK","2003","Female","72.00","71.33","72.70"
"4684","ECU","2005","Male","70.53","70.18","70.99"
"4685","BGD","2001","Female","67.98","67.48","68.64"
"4686","SRB","2007","Male","70.83","70.76","70.97"
"4687","BEN","2006","Female","61.42","60.64","62.29"
"4688","NGA","2017","Male","60.93","59.59","62.24"
"4689","MUS","2009","Both sexes","73.10","72.96","73.30"
"4690","SVN","2016","Male","77.92","77.85","78.08"
"4691","MAR","2014","Both sexes","73.12","72.38","73.96"
"4692","ZMB","2020","Both sexes","61.83","60.87","62.72"
"4693","MUS","2020","Male","70.33","70.09","70.61"
"4694","SUR","2009","Female","75.53","75.26","75.85"
"4695","SWZ","2013","Female","53.20","51.62","54.70"
"4696","JPN","2012","Female","86.27","86.22","86.32"
"4697","PRY","2010","Male","72.07","71.45","72.78"
"4698","IRL","2011","Male","78.31","78.28","78.41"
"4699","ARE","2002","Both sexes","78.35","78.05","78.92"
"4700","BLZ","2006","Male","70.36","70.14","70.63"
"4701","PER","2020","Female","76.70","76.27","77.26"
"4702","PRY","2016","Both sexes","74.86","74.40","75.46"
"4703","ISR","2010","Male","79.60","79.58","79.68"
"4704","MDG","2007","Female","62.80","62.21","63.64"
"4705","ETH","2006","Female","59.28","58.59","59.93"
"4706","EGY","2008","Both sexes","69.77","69.50","70.09"
"4707","GAB","2007","Female","62.33","61.51","63.33"
"4708","LCA","2015","Both sexes","76.39","75.97","76.80"
"4709","BLZ","2012","Both sexes","74.18","73.99","74.44"
"4710","RWA","2004","Both sexes","54.66","53.71","55.46"
"4711","ARM","2020","Both sexes","69.33","69.17","69.56"
"4712","PSE","2020","Male","73.14","72.65","73.65"
"4713","SRB","2010","Both sexes","74.27","74.21","74.40"
"4714","VCT","2019","Male","70.76","70.33","71.12"
"4715","PAN","2020","Male","74.35","74.10","74.59"
"4716","PAN","2009","Female","80.55","80.35","80.78"
"4717","PER","2011","Female","80.23","79.86","80.65"
"4718","AUS","2006","Female","83.27","83.19","83.34"
"4719","CUB","2005","Male","75.24","75.22","75.35"
"4720","AGO","2003","Both sexes","51.74","50.81","52.75"
"4721","LBN","2014","Male","75.63","75.29","75.96"
"4722","SVK","2020","Both sexes","76.87","76.82","76.98"
"4723","GIN","2019","Male","59.80","58.53","60.97"
"4724","NIC","2017","Both sexes","78.51","78.26","78.80"
"4725","FSM","2018","Female","68.70","68.10","69.59"
"4726","SLV","2003","Male","68.89","68.62","69.23"
"4727","ATG","2002","Male","72.73","72.47","73.05"
"4728","MOZ","2012","Both sexes","53.74","52.86","54.36"
"4729","ALB","2020","Both sexes","76.53","76.18","76.86"
"4730","BRB","2012","Female","77.33","77.16","77.54"
"4731","FIN","2006","Male","75.76","75.75","75.85"
"4732","ZAF","2003","Male","51.09","50.74","51.57"
"4733","VUT","2003","Female","68.70","68.16","69.34"
"4734","GTM","2018","Female","75.22","74.94","75.48"
"4735","GMB","2019","Both sexes","64.91","64.18","65.83"
"4736","GRC","2020","Female","82.76","82.75","82.86"
"4737","ATG","2012","Female","77.67","77.42","78.01"
"4738","DJI","2007","Female","62.65","61.44","63.80"
"4739","COL","2006","Both sexes","74.70","74.46","75.03"
"4740","TGO","2009","Both sexes","58.51","57.71","59.31"
"4741","NGA","2008","Female","60.11","59.29","61.01"
"4742","KOR","2008","Male","76.45","76.39","76.52"
"4743","PRI","2002","Both sexes","77.12","77.03","77.27"
"4744","ISL","2015","Female","83.58","83.47","83.78"
"4745","ZAF","2001","Female","57.98","57.64","58.36"
"4746","SSD","2013","Male","56.91","55.70","58.54"
"4747","PER","2018","Female","80.45","79.96","81.01"
"4748","YEM","2015","Both sexes","68.25","67.37","69.42"
"4749","GNB","2010","Both sexes","55.34","54.64","56.38"
"4750","HUN","2010","Both sexes","74.56","74.53","74.65"
"4751","LCA","2012","Male","73.01","72.69","73.42"
"4752","KAZ","2007","Male","60.10","59.83","60.49"
"4753","BIH","2007","Male","73.04","72.98","73.15"
"4754","BLR","2012","Female","77.63","77.59","77.74"
"4755","SGP","2000","Female","80.77","80.75","80.88"
"4756","ALB","2019","Both sexes","77.94","77.69","78.25"
"4757","MDV","2020","Male","74.92","74.67","75.24"
"4758","PRI","2020","Both sexes","79.93","79.82","80.12"
"4759","LBN","2000","Female","77.00","76.61","77.47"
"4760","ATG","2019","Both sexes","75.66",NULL,NULL
"4761","ALB","2014","Male","76.05","75.57","76.58"
"4762","SGP","2017","Female","85.34","85.31","85.44"
"4763","MOZ","2012","Female","56.13","55.49","56.98"
"4764","LSO","2011","Male","46.25","45.25","47.38"
"4765","URY","2016","Male","73.07","73.01","73.17"
"4766","LTU","2007","Both sexes","70.61","70.55","70.73"
"4767","SDN","2016","Both sexes","68.65","67.86","69.82"
"4768","CYP","2009","Female","83.04","82.87","83.25"
"4769","BHR","2006","Female","72.98","72.80","73.21"
"4770","COG","2018","Both sexes","63.06","62.34","64.02"
"4771","ETH","2018","Female","70.18","69.57","70.88"
"4772","SVN","2001","Female","80.08","79.99","80.25"
"4773","ALB","2004","Both sexes","75.43","75.16","75.84"
"4774","OMN","2019","Both sexes","75.29","74.85","75.75"
"4775","NOR","2005","Female","82.29","82.26","82.38"
"4776","GHA","2006","Both sexes","60.35","59.76","61.01"
"4777","BTN","2017","Male","72.52","71.81","73.23"
"4778","BRB","2002","Female","76.73","76.56","76.98"
"4779","ITA","2001","Male","76.70","76.64","76.76"
"4780","LKA","2016","Both sexes","76.77","76.25","77.26"
"4781","MYS","2018","Both sexes","74.53","74.49","74.63"
"4782","TTO","2009","Female","76.01","75.66","76.39"
"4783","NER","2016","Both sexes","59.84","58.62","61.31"
"4784","BHR","2000","Both sexes","69.69","69.54","69.95"
"4785","MEX","2003","Male","72.24","72.08","72.44"
"4786","BGR","2007","Female","76.52","76.45","76.67"
"4787","PRK","2012","Both sexes","70.53","69.90","71.29"
"4788","TZA","2018","Both sexes","66.40","65.63","67.33"
"4789","FSM","2021","Both sexes","65.71","64.84","66.59"
"4790","IRL","2021","Both sexes","81.60","81.56","81.70"
"4791","BWA","2002","Male","45.61","44.01","47.07"
"4792","KOR","2015","Female","85.38","85.32","85.44"
"4793","PRT","2020","Female","83.64","83.63","83.72"
"4794","LBY","2012","Female","75.54","75.16","75.90"
"4795","BLR","2002","Both sexes","67.91","67.83","68.03"
"4796","SLV","2012","Female","78.74","78.59","78.93"
"4797","AFG","2020","Both sexes","60.49","59.76","61.48"
"4798","UKR","2008","Female","73.81","73.77","73.93"
"4799","USA","2008","Male","75.76","75.72","75.81"
"4800","BRA","2003","Male","68.88","68.57","69.19"
"4801","CIV","2008","Female","58.90","57.97","59.78"
"4802","ARG","2013","Male","72.92","72.90","72.99"
"4803","LSO","2021","Male","48.73","47.80","49.70"
"4804","NLD","2008","Male","78.29","78.22","78.37"
"4805","MYS","2011","Both sexes","74.23","73.91","74.53"
"4806","DZA","2003","Female","74.29","73.93","74.79"
"4807","BRN","2005","Both sexes","76.48","76.27","76.73"
"4808","GMB","2018","Female","66.67","65.87","67.66"
"4809","SAU","2007","Both sexes","72.35","72.16","72.68"
"4810","NIC","2009","Male","73.64","73.31","74.03"
"4811","SLE","2007","Both sexes","52.88","51.88","53.78"
"4812","MWI","2004","Male","47.40","46.45","48.56"
"4813","NGA","2015","Female","63.33","62.38","64.42"
"4814","SVK","2009","Both sexes","75.22","75.16","75.33"
"4815","ARG","2006","Female","78.92","78.90","79.00"
"4816","GNQ","2005","Both sexes","56.77","55.23","58.23"
"4817","KGZ","2007","Both sexes","67.79","67.58","68.07"
"4818","COD","2016","Both sexes","60.44","59.56","61.34"
"4819","STP","2005","Male","65.14","64.56","65.67"
"4820","VUT","2011","Both sexes","66.26","65.85","66.80"
"4821","GNB","2001","Both sexes","50.64","49.74","51.53"
"4822","SSD","2012","Female","61.15","59.83","62.64"
"4823","TTO","2006","Female","75.14","74.86","75.51"
"4824","SSD","2001","Female","54.74","53.60","56.18"
"4825","OMN","2020","Both sexes","73.89","73.55","74.29"
"4826","SLV","2021","Male","66.77","66.14","67.39"
"4827","BRA","2010","Female","77.43","77.26","77.67"
"4828","SYC","2007","Male","68.77","68.58","69.01"
"4829","SEN","2001","Female","60.80","60.25","61.39"
"4830","ESP","2015","Both sexes","82.33","82.27","82.39"
"4831","COM","2009","Male","63.61","62.60","64.81"
"4832","MLI","2010","Female","58.90","58.15","59.64"
"4833","MUS","2014","Female","77.40","77.26","77.61"
"4834","ZMB","2007","Both sexes","53.58","52.75","54.53"
"4835","URY","2018","Both sexes","77.04","77.00","77.15"
"4836","CAN","2013","Male","79.62","79.61","79.70"
"4837","USA","2017","Female","80.73","80.68","80.77"
"4838","OMN","2020","Male","72.04","71.65","72.46"
"4839","FJI","2010","Female","69.30","69.00","69.66"
"4840","QAT","2007","Both sexes","71.90","71.45","72.41"
"4841","IDN","2000","Female","68.41","68.05","68.90"
"4842","JPN","2009","Male","79.88","79.83","79.94"
"4843","SSD","2009","Female","59.74","58.73","61.13"
"4844","ETH","2004","Female","56.55","55.90","57.27"
"4845","BLR","2013","Male","67.22","67.17","67.32"
"4846","MUS","2020","Both sexes","73.57","73.34","73.86"
"4847","BRN","2002","Female","77.28","77.13","77.59"
"4848","SGP","2015","Both sexes","82.85","82.82","82.94"
"4849","MYS","2016","Male","72.58","72.55","72.67"
"4850","BFA","2013","Male","57.49","56.58","58.41"
"4851","NER","2007","Both sexes","56.46","55.51","57.62"
"4852","NZL","2017","Male","79.46","79.44","79.55"
"4853","SDN","2000","Female","63.79","62.88","64.73"
"4854","MLI","2014","Female","60.27","59.37","61.20"
"4855","ECU","2021","Both sexes","73.96","73.45","74.55"
"4856","LAO","2017","Male","65.52","64.80","66.45"
"4857","PRY","2008","Female","77.63","77.12","78.23"
"4858","IRN","2002","Male","72.38","72.10","72.70"
"4859","AUS","2008","Male","79.18","79.17","79.25"
"4860","HND","2004","Female","71.36","70.60","72.29"
"4861","CHE","2021","Both sexes","83.33","83.30","83.42"
"4862","PAN","2010","Male","73.88","73.69","74.13"
"4863","MDG","2005","Both sexes","60.67","60.10","61.45"
"4864","GRC","2016","Both sexes","80.71","80.70","80.80"
"4865","JAM","2002","Male","70.93","70.67","71.23"
"4866","QAT","2020","Male","76.58","75.93","77.24"
"4867","BGR","2010","Male","70.19","70.02","70.37"
"4868","HTI","2013","Male","61.81","60.87","62.81"
"4869","SRB","2018","Female","78.30","78.26","78.40"
"4870","HUN","2010","Male","70.63","70.60","70.73"
"4871","SLV","2019","Male","69.48","69.28","69.74"
"4872","PNG","2000","Female","64.30","63.46","65.07"
"4873","AZE","2007","Both sexes","69.26","68.83","69.82"
"4874","GTM","2001","Both sexes","68.64","68.23","69.04"
"4875","SAU","2008","Both sexes","73.00","72.72","73.35"
"4876","CAN","2021","Female","83.81","83.78","83.93"
"4877","BEL","2008","Both sexes","79.56","79.55","79.65"
"4878","RWA","2007","Male","58.94","58.20","59.80"
"4879","PSE","2007","Both sexes","70.81","70.51","71.18"
"4880","PRY","2001","Both sexes","74.99","74.33","75.64"
"4881","EGY","2001","Female","71.63","71.36","72.07"
"4882","AUS","2001","Both sexes","80.13","80.12","80.20"
"4883","MLT","2012","Both sexes","80.94","80.84","81.13"
"4884","BRB","2018","Both sexes","76.28","75.75","76.88"
"4885","DJI","2020","Male","63.36","62.33","64.25"
"4886","CZE","2019","Both sexes","79.14","79.10","79.24"
"4887","URY","2001","Female","78.87","78.81","78.99"
"4888","CRI","2009","Both sexes","80.61","80.53","80.76"
"4889","NIC","2016","Male","75.11","74.84","75.44"
"4890","PSE","2018","Both sexes","75.71","75.44","76.03"
"4891","GEO","2015","Both sexes","72.85","72.73","73.03"
"4892","AZE","2006","Female","70.57","70.22","71.04"
"4893","UKR","2013","Female","76.32","76.30","76.42"
"4894","CAN","2010","Male","79.05","78.99","79.12"
"4895","TUR","2015","Both sexes","76.69","76.32","77.05"
"4896","LBR","2015","Female","60.71","59.87","61.55"
"4897","PER","2004","Male","75.55","75.05","76.16"
"4898","NIC","2005","Female","78.63","78.40","78.92"
"4899","AZE","2003","Female","69.46","68.98","70.00"
"4900","GNQ","2015","Both sexes","61.13","59.69","62.91"
"4901","LTU","2014","Male","69.05","68.98","69.15"
"4902","CMR","2003","Both sexes","53.06","52.20","53.99"
"4903","SEN","2018","Female","69.93","69.36","70.79"
"4904","TJK","2003","Male","65.66","65.06","66.32"
"4905","CRI","2001","Both sexes","78.07","78.01","78.20"
"4906","ISR","2015","Male","79.94","79.92","80.01"
"4907","GIN","2005","Male","55.52","54.82","56.38"
"4908","NOR","2007","Male","78.16","78.14","78.24"
"4909","TTO","2010","Male","70.19","69.87","70.56"
"4910","BIH","2013","Both sexes","77.21","77.13","77.36"
"4911","TLS","2020","Male","67.25","66.43","68.29"
"4912","SWZ","2003","Female","43.83","42.17","46.20"
"4913","TUR","2005","Female","79.81","79.42","80.23"
"4914","KWT","2002","Male","76.90","76.76","77.08"
"4915","MUS","2013","Both sexes","73.80","73.65","74.01"
"4916","TCD","2004","Male","51.10","50.22","52.45"
"4917","UZB","2021","Female","74.11","73.71","74.55"
"4918","YEM","2014","Both sexes","68.72","67.83","69.71"
"4919","LBR","2012","Both sexes","61.08","60.19","62.23"
"4920","MYS","2003","Male","71.46","71.45","71.55"
"4921","NER","2009","Female","58.53","57.54","59.54"
"4922","MNG","2008","Male","62.97","62.57","63.41"
"4923","TUR","2018","Both sexes","77.56","77.26","78.00"
"4924","MLT","2018","Male","80.48","80.37","80.66"
"4925","DOM","2004","Both sexes","72.75","72.20","73.38"
"4926","FJI","2008","Female","69.12","68.88","69.43"
"4927","OMN","2006","Both sexes","73.47","73.04","73.98"
"4928","AGO","2002","Both sexes","51.06","50.02","52.14"
"4929","PSE","2015","Both sexes","74.56","74.24","74.88"
"4930","JPN","2013","Female","86.45","86.40","86.50"
"4931","VUT","2005","Male","62.27","61.64","62.88"
"4932","GHA","2019","Male","63.47","62.57","64.31"
"4933","CIV","2016","Male","59.35","58.38","60.46"
"4934","OMN","2013","Male","71.76","71.36","72.24"
"4935","COD","2011","Female","59.60","58.83","60.33"
"4936","LBN","2006","Both sexes","76.80","76.44","77.25"
"4937","MEX","2016","Male","73.00","72.81","73.23"
"4938","LAO","2011","Male","62.83","62.20","63.58"
"4939","SLV","2007","Female","78.40","78.17","78.70"
"4940","IND","2015","Both sexes","69.38","69.00","69.84"
"4941","SRB","2018","Both sexes","75.88","75.84","75.99"
"4942","GEO","2015","Female","77.25","77.15","77.43"
"4943","BRB","2007","Male","73.25","72.99","73.56"
"4944","NGA","2001","Both sexes","54.47","53.57","55.59"
"4945","LBY","2006","Male","73.18","72.75","73.57"
"4946","MKD","2011","Male","72.94","72.80","73.12"
"4947","SVN","2008","Female","82.15","82.04","82.34"
"4948","SLV","2014","Female","77.97","77.83","78.18"
"4949","BOL","2004","Female","69.29","68.77","69.88"
"4950","LSO","2004","Male","42.23","41.10","43.46"
"4951","TGO","2000","Male","54.25","53.37","55.29"
"4952","LBN","2006","Male","74.62","74.19","75.11"
"4953","MUS","2021","Female","76.91","76.62","77.25"
"4954","SYC","2015","Male","70.08","69.91","70.33"
"4955","IRQ","2017","Male","68.16","67.25","69.15"
"4956","ALB","2007","Male","72.09","71.75","72.51"
"4957","ROU","2017","Female","78.77","78.75","78.86"
"4958","ISL","2003","Both sexes","80.57","80.45","80.76"
"4959","STP","2000","Female","63.73","63.12","64.53"
"4960","BRN","2017","Both sexes","76.41","76.17","76.73"
"4961","ZAF","2004","Female","53.41","53.04","53.74"
"4962","MNE","2003","Male","71.32","71.12","71.54"
"4963","CAF","2008","Female","50.13","48.97","51.36"
"4964","LBY","2005","Female","75.71","75.40","76.16"
"4965","TJK","2018","Male","71.91","71.36","72.51"
"4966","NAM","2005","Both sexes","52.83","51.79","53.85"
"4967","PRK","2008","Both sexes","69.80","69.26","70.59"
"4968","EGY","2005","Male","66.90","66.63","67.25"
"4969","PAK","2020","Male","64.70","63.66","65.92"
"4970","COM","2014","Both sexes","67.07","66.37","68.06"
"4971","LBY","2005","Male","72.37","71.95","72.77"
"4972","MAR","2013","Female","73.72","73.12","74.52"
"4973","NZL","2010","Female","82.71","82.68","82.81"
"4974","CYP","2010","Female","83.27","83.13","83.49"
"4975","SYR","2008","Male","72.11","71.69","72.61"
"4976","MMR","2015","Male","64.30","63.64","65.14"
"4977","DZA","2000","Male","71.19","70.67","71.72"
"4978","NPL","2015","Female","71.39","70.84","71.98"
"4979","NIC","2008","Both sexes","76.36","76.04","76.74"
"4980","URY","2019","Female","80.50","80.44","80.62"
"4981","UKR","2011","Female","75.77","75.74","75.86"
"4982","TLS","2002","Male","63.32","62.61","64.16"
"4983","LBR","2019","Male","62.68","61.37","64.11"
"4984","HUN","2007","Both sexes","73.46","73.42","73.56"
"4985","BRN","2009","Female","78.36","78.12","78.63"
"4986","UKR","2014","Male","65.61","65.58","65.69"
"4987","YEM","2014","Male","66.82","65.82","67.99"
"4988","BHR","2003","Female","71.93","71.78","72.16"
"4989","EGY","2007","Female","72.51","72.17","72.87"
"4990","USA","2002","Male","74.40","74.35","74.45"
"4991","VCT","2021","Female","75.52","75.08","75.91"
"4992","ARM","2001","Male","68.26","68.00","68.56"
"4993","BOL","2010","Both sexes","70.43","69.91","71.13"
"4994","BEL","2008","Female","82.18","82.17","82.26"
"4995","IRN","2000","Male","71.92","71.63","72.33"
"4996","SUR","2015","Female","76.01","75.81","76.33"
"4997","FRA","2000","Both sexes","78.91","78.85","78.97"
"4998","TUN","2016","Male","74.52","73.84","75.50"
"4999","PRT","2012","Male","77.12","77.12","77.20"
"5000","CMR","2008","Female","57.10","56.23","58.08"
"5001","LBR","2018","Male","62.33","61.17","63.62"
"5002","GUY","2021","Female","69.31","68.35","70.51"
"5003","JOR","2011","Both sexes","76.91","76.58","77.28"
"5004","FSM","2002","Both sexes","62.92","62.29","63.64"
"5005","MMR","2010","Female","67.70","67.07","68.48"
"5006","LBY","2016","Female","75.18","74.74","75.82"
"5007","TUR","2013","Both sexes","76.83","76.48","77.24"
"5008","PRY","2021","Male","67.63","66.91","68.33"
"5009","SUR","2007","Female","75.13","74.88","75.41"
"5010","SEN","2012","Both sexes","66.29","65.69","66.88"
"5011","SOM","2013","Female","54.98","53.86","56.12"
"5012","SRB","2017","Both sexes","75.57","75.53","75.67"
"5013","BEL","2010","Male","77.24","77.22","77.32"
"5014","ZMB","2010","Male","55.11","54.30","55.90"
"5015","UZB","2015","Female","71.72","71.53","72.02"
"5016","TZA","2012","Female","64.50","63.91","65.18"
"5017","ECU","2020","Both sexes","72.71","72.31","73.20"
"5018","ZWE","2002","Female","45.70","44.27","47.67"
"5019","FJI","2009","Male","65.51","65.21","65.88"
"5020","PSE","2004","Both sexes","69.48","69.16","69.83"
"5021","SWE","2016","Both sexes","82.01","82.00","82.08"
"5022","VNM","2002","Female","76.29","75.92","76.77"
"5023","CAN","2011","Female","83.30","83.25","83.35"
"5024","GBR","2000","Both sexes","77.86","77.79","77.93"
"5025","TGO","2021","Both sexes","63.86","62.89","64.98"
"5026","MYS","2003","Female","75.95","75.92","76.04"
"5027","LKA","2014","Both sexes","76.18","76.14","76.28"
"5028","MNG","2004","Both sexes","64.84","64.38","65.31"
"5029","GBR","2015","Female","82.34","82.29","82.40"
"5030","AUT","2002","Female","81.44","81.43","81.52"
"5031","FIN","2004","Female","82.04","82.02","82.13"
"5032","SVK","2012","Female","79.66","79.61","79.79"
"5033","SLV","2006","Both sexes","73.70","73.45","74.03"
"5034","HTI","2007","Male","60.27","59.29","61.21"
"5035","DJI","2018","Female","66.88","65.94","68.10"
"5036","VUT","2020","Male","63.92","63.37","64.43"
"5037","KOR","2006","Male","75.60","75.54","75.67"
"5038","MDV","2011","Female","77.02","76.82","77.31"
"5039","SVN","2017","Female","83.50","83.39","83.70"
"5040","IDN","2018","Male","69.36","68.69","70.14"
"5041","BTN","2018","Male","72.69","72.04","73.35"
"5042","KWT","2003","Female","80.37","80.25","80.55"
"5043","TKM","2012","Male","65.91","65.49","66.39"
"5044","BRN","2004","Both sexes","76.30","76.11","76.63"
"5045","PSE","2001","Both sexes","69.33","68.96","69.69"
"5046","CHE","2003","Male","77.86","77.85","77.95"
"5047","BLR","2006","Both sexes","69.31","69.25","69.43"
"5048","CRI","2015","Female","83.28","83.19","83.40"
"5049","MOZ","2002","Male","49.41","48.54","50.24"
"5050","PRI","2018","Female","84.39","84.27","84.58"
"5051","SLB","2020","Male","62.95","62.05","63.90"
"5052","BLR","2005","Male","62.84","62.78","62.99"
"5053","ARG","2001","Both sexes","74.27","74.24","74.35"
"5054","GHA","2007","Female","62.74","62.11","63.42"
"5055","CYP","2012","Male","79.57","79.37","79.83"
"5056","BHS","2018","Male","70.17","69.58","70.84"
"5057","GEO","2018","Female","78.35","78.26","78.53"
"5058","PRT","2021","Both sexes","81.18","81.16","81.27"
"5059","CMR","2005","Female","55.38","54.49","56.17"
"5060","MDA","2000","Male","61.80","61.50","62.14"
"5061","LSO","2020","Male","48.94","47.89","50.21"
"5062","ARM","2002","Female","74.77","74.60","75.09"
"5063","SYC","2000","Both sexes","72.11","71.92","72.35"
"5064","ROU","2011","Male","70.92","70.87","71.03"
"5065","DOM","2000","Female","76.56","76.05","77.11"
"5066","FSM","2011","Female","67.81","67.14","68.48"
"5067","SUR","2019","Both sexes","73.02","72.63","73.42"
"5068","MWI","2008","Male","52.39","51.50","53.26"
"5069","KAZ","2000","Female","70.18","69.84","70.61"
"5070","SGP","2008","Female","83.20","83.18","83.30"
"5071","MAR","2013","Male","72.21","71.45","73.20"
"5072","ARE","2012","Female","80.99","80.74","81.35"
"5073","KAZ","2018","Male","68.86","68.67","69.06"
"5074","IRQ","2010","Both sexes","71.07","70.16","72.02"
"5075","TZA","2017","Male","64.37","63.66","65.34"
"5076","CPV","2016","Female","77.59","77.13","78.07"
"5077","BFA","2002","Male","51.31","50.53","52.37"
"5078","RWA","2016","Both sexes","67.18","66.47","67.94"
"5079","NPL","2007","Both sexes","68.81","68.27","69.40"
"5080","MLT","2017","Male","80.21","80.08","80.41"
"5081","LCA","2004","Female","77.27","77.06","77.53"
"5082","ARG","2016","Male","72.99","72.98","73.07"
"5083","CYP","2020","Both sexes","82.06","81.85","82.41"
"5084","BEN","2003","Male","56.44","55.68","57.27"
"5085","HTI","2010","Female","36.60","36.00","37.36"
"5086","EST","2004","Both sexes","72.26","72.17","72.45"
"5087","VNM","2006","Female","76.57","76.15","77.04"
"5088","CYP","2016","Female","83.77","83.62","84.01"
"5089","LTU","2010","Both sexes","73.08","73.01","73.18"
"5090","NIC","2013","Female","80.15","79.90","80.43"
"5091","BIH","2010","Both sexes","76.98","76.91","77.13"
"5092","JPN","2006","Male","79.27","79.22","79.33"
"5093","FRA","2020","Female","84.60","84.59","84.66"
"5094","BOL","2016","Both sexes","72.22","71.51","72.93"
"5095","TTO","2010","Both sexes","73.32","73.00","73.72"
"5096","KGZ","2004","Male","63.68","63.27","64.16"
"5097","PSE","2009","Male","65.50","65.07","65.92"
"5098","ECU","2018","Female","79.94","79.71","80.29"
"5099","KWT","2021","Both sexes","78.95","78.55","79.60"
"5100","OMN","2007","Both sexes","73.40","73.00","73.92"
"5101","NIC","2013","Both sexes","77.26","77.00","77.56"
"5102","TZA","2000","Both sexes","52.79","51.72","53.74"
"5103","PSE","2003","Female","73.55","73.28","73.89"
"5104","COM","2010","Male","64.99","63.95","66.27"
"5105","ZAF","2014","Female","65.65","65.41","65.97"
"5106","GEO","2021","Male","66.85","66.71","67.08"
"5107","OMN","2015","Both sexes","73.77","73.39","74.19"
"5108","POL","2009","Female","79.83","79.83","79.91"
"5109","ZAF","2016","Both sexes","63.88","63.63","64.25"
"5110","FSM","2015","Male","62.68","61.80","63.51"
"5111","MOZ","2000","Both sexes","50.95","50.03","51.78"
"5112","DEU","2011","Female","82.75","82.69","82.81"
"5113","BDI","2019","Both sexes","64.32","63.45","65.38"
"5114","CRI","2015","Male","77.94","77.86","78.09"
"5115","TTO","2005","Both sexes","71.68","71.38","71.96"
"5116","CZE","2011","Male","74.70","74.66","74.80"
"5117","SDN","2008","Female","67.25","66.49","68.14"
"5118","CHL","2016","Male","77.97","77.95","78.04"
"5119","EST","2009","Male","69.83","69.74","69.99"
"5120","CYP","2015","Male","79.70","79.52","79.99"
"5121","ZAF","2019","Both sexes","65.84","65.50","66.28"
"5122","SYR","2017","Male","51.25","50.55","52.09"
"5123","ECU","2021","Female","77.20","76.66","77.77"
"5124","TKM","2018","Female","72.42","71.80","73.26"
"5125","PNG","2006","Female","64.52","63.75","65.39"
"5126","COG","2010","Female","60.43","59.60","61.38"
"5127","NIC","2012","Both sexes","77.05","76.76","77.42"
"5128","SSD","2003","Male","52.56","51.29","53.77"
"5129","BDI","2019","Female","66.23","65.29","67.26"
"5130","VNM","2009","Male","68.06","67.65","68.58"
"5131","ISR","2002","Male","76.15","76.13","76.25"
"5132","HTI","2003","Female","57.52","56.80","58.36"
"5133","MEX","2000","Female","76.69","76.57","76.90"
"5134","ECU","2011","Male","72.65","72.28","73.09"
"5135","MNG","2006","Female","70.25","69.90","70.62"
"5136","COL","2019","Male","75.33","75.10","75.60"
"5137","ALB","2008","Both sexes","74.99","74.67","75.39"
"5138","SLB","2016","Female","67.92","67.05","68.68"
"5139","HND","2008","Male","70.19","69.27","71.32"
"5140","MWI","2003","Male","46.58","45.40","47.77"
"5141","BDI","2017","Female","65.59","64.88","66.45"
"5142","KEN","2004","Male","54.25","53.45","55.13"
"5143","OMN","2019","Female","78.85","78.41","79.32"
"5144","SSD","2015","Male","57.13","56.02","58.44"
"5145","KAZ","2005","Female","70.95","70.75","71.22"
"5146","LCA","2018","Male","72.50","71.95","73.09"
"5147","CHN","2001","Male","68.86","68.49","69.24"
"5148","PRK","2009","Male","66.80","66.14","67.49"
"5149","LAO","2008","Male","61.05","60.38","61.82"
"5150","GNQ","2013","Female","61.66","60.00","63.14"
"5151","UKR","2007","Male","61.82","61.79","61.89"
"5152","GNQ","2004","Female","56.79","55.14","58.42"
"5153","BIH","2016","Female","79.63","79.57","79.76"
"5154","STP","2006","Female","67.93","67.55","68.44"
"5155","ALB","2011","Female","78.50","77.97","79.09"
"5156","BHR","2018","Male","75.12","74.92","75.40"
"5157","FRA","2021","Male","79.08","79.07","79.15"
"5158","KGZ","2007","Female","72.14","71.92","72.45"
"5159","BRB","2019","Male","74.33","73.77","74.95"
"5160","GHA","2021","Male","63.69","62.90","64.47"
"5161","LAO","2003","Female","62.25","61.61","63.02"
"5162","MAR","2016","Male","72.55","71.79","73.47"
"5163","KIR","2013","Both sexes","61.57","60.74","62.38"
"5164","ZWE","2004","Both sexes","45.15","43.92","46.49"
"5165","TKM","2007","Both sexes","66.17","65.77","66.61"
"5166","LBR","2006","Both sexes","58.56","57.66","59.38"
"5167","PAK","2021","Male","65.08","63.87","66.07"
"5168","SRB","2003","Both sexes","72.45","72.37","72.61"
"5169","CMR","2014","Male","56.63","55.64","57.52"
"5170","USA","2021","Male","73.72","73.68","73.82"
"5171","NZL","2019","Both sexes","81.81","81.78","81.92"
"5172","DEU","2001","Female","81.18","81.11","81.24"
"5173","BGD","2013","Both sexes","72.59","72.08","73.18"
"5174","BFA","2007","Both sexes","56.71","55.72","57.71"
"5175","TCD","2006","Female","54.75","54.04","55.67"
"5176","SEN","2012","Female","67.82","67.34","68.46"
"5177","SLB","2004","Both sexes","63.61","62.71","64.58"
"5178","GNB","2016","Male","55.65","54.58","56.82"
"5179","PRK","2001","Female","65.12","60.83","69.72"
"5180","SGP","2019","Male","81.81","81.80","81.93"
"5181","MDV","2016","Female","79.86","79.67","80.20"
"5182","MRT","2019","Both sexes","70.18","69.32","71.14"
"5183","ITA","2015","Female","84.26","84.20","84.32"
"5184","SEN","2000","Male","57.05","56.41","57.83"
"5185","NZL","2012","Female","82.77","82.75","82.87"
"5186","KWT","2021","Male","77.32","76.78","77.83"
"5187","ISL","2011","Both sexes","81.86","81.75","82.05"
"5188","PSE","2015","Male","72.73","72.45","73.12"
"5189","UZB","2006","Both sexes","64.20","63.77","64.65"
"5190","DJI","2015","Both sexes","63.88","62.87","65.06"
"5191","KEN","2011","Both sexes","61.98","61.40","62.56"
"5192","TZA","2013","Male","62.55","61.77","63.31"
"5193","MDV","2003","Both sexes","71.62","71.31","72.00"
"5194","ZMB","2004","Both sexes","48.77","47.97","49.87"
"5195","AGO","2010","Both sexes","57.96","56.99","58.75"
"5196","CRI","2005","Female","81.99","81.91","82.13"
"5197","BGR","2003","Male","68.85","68.68","69.03"
"5198","HND","2014","Female","71.76","71.17","72.51"
"5199","KEN","2002","Male","53.44","52.53","54.41"
"5200","QAT","2000","Male","69.00","68.47","69.58"
"5201","ATG","2011","Female","77.76","77.52","78.08"
"5202","PNG","2016","Male","65.18","64.35","66.04"
"5203","CRI","2008","Male","77.92","77.86","78.06"
"5204","GRD","2008","Female","76.27","76.09","76.58"
"5205","TGO","2018","Female","65.86","64.96","66.99"
"5206","GAB","2019","Both sexes","64.97","64.13","65.98"
"5207","CUB","2006","Male","76.03","76.00","76.12"
"5208","WSM","2017","Male","68.74","68.14","69.34"
"5209","GIN","2007","Male","56.11","55.27","57.06"
"5210","MOZ","2000","Female","53.04","52.21","53.98"
"5211","NER","2021","Male","59.03","57.77","60.63"
"5212","BTN","2008","Male","70.00","69.50","70.67"
"5213","GRD","2011","Female","75.73","75.52","76.00"
"5214","FIN","2012","Female","83.22","83.20","83.31"
"5215","HUN","2016","Male","72.52","72.48","72.61"
"5216","IRL","2007","Female","81.59","81.55","81.69"
"5217","CYP","2000","Male","76.65","76.43","76.90"
"5218","SLE","2020","Both sexes","60.52","59.14","62.06"
"5219","USA","2000","Female","79.06","79.01","79.11"
"5220","KHM","2020","Both sexes","69.84","69.21","70.69"
"5221","GMB","2020","Male","62.68","61.76","63.51"
"5222","FJI","2002","Female","69.05","68.70","69.34"
"5223","ITA","2019","Female","84.91","84.86","84.97"
"5224","POL","2012","Both sexes","76.63","76.63","76.70"
"5225","MKD","2013","Female","77.53","77.44","77.73"
"5226","DOM","2003","Both sexes","73.23","72.67","73.93"
"5227","LBY","2013","Both sexes","74.22","73.76","74.77"
"5228","BRN","2000","Both sexes","75.51","75.25","75.78"
"5229","COL","2021","Male","71.55","71.09","72.02"
"5230","PNG","2004","Male","62.96","62.20","63.85"
"5231","LCA","2007","Female","78.77","78.51","79.06"
"5232","AUT","2005","Male","76.54","76.53","76.63"
"5233","GHA","2009","Both sexes","61.53","60.98","62.21"
"5234","STP","2018","Both sexes","71.44","70.79","71.97"
"5235","IDN","2013","Female","71.80","71.30","72.43"
"5236","PRK","2006","Male","66.63","66.05","67.21"
"5237","MWI","2018","Both sexes","62.92","62.15","63.56"
"5238","HTI","2000","Female","56.52","55.42","57.24"
"5239","ITA","2009","Female","83.87","83.82","83.93"
"5240","NIC","2007","Both sexes","76.42","76.14","76.79"
"5241","CZE","2016","Male","76.03","75.98","76.13"
"5242","UKR","2005","Male","61.38","61.36","61.45"
"5243","AZE","2011","Both sexes","70.39","70.01","70.91"
"5244","NOR","2000","Both sexes","78.54","78.49","78.63"
"5245","WSM","2013","Male","68.95","68.42","69.59"
"5246","SWE","2021","Male","81.02","80.73","81.39"
"5247","LBY","2004","Both sexes","73.85","73.50","74.30"
"5248","MLI","2008","Female","57.91","57.15","58.80"
"5249","HTI","2015","Male","62.27","61.20","63.19"
"5250","AFG","2009","Both sexes","58.53","57.55","59.45"
"5251","KAZ","2001","Female","70.27","69.97","70.57"
"5252","SWZ","2004","Both sexes","41.87","40.34","43.67"
"5253","UKR","2016","Female","77.28","77.27","77.36"
"5254","BOL","2007","Both sexes","69.47","68.90","70.20"
"5255","TTO","2007","Female","75.43","75.18","75.72"
"5256","FSM","2019","Both sexes","65.94","65.05","66.84"
"5257","WSM","2011","Male","69.16","68.53","69.94"
"5258","ZWE","2016","Both sexes","57.92","57.01","58.86"
"5259","MUS","2017","Both sexes","74.12","73.99","74.31"
"5260","KGZ","2011","Male","65.64","65.39","65.95"
"5261","THA","2003","Both sexes","72.04","71.58","72.57"
"5262","DOM","2021","Female","76.76","76.28","77.38"
"5263","JPN","2005","Both sexes","82.24","82.19","82.29"
"5264","EST","2014","Female","81.49","81.35","81.71"
"5265","BRN","2017","Female","77.70","77.46","78.02"
"5266","ITA","2003","Both sexes","79.82","79.76","79.88"
"5267","BGR","2005","Female","76.13","76.05","76.29"
"5268","MNG","2007","Female","70.82","70.48","71.19"
"5269","UGA","2012","Female","64.62","63.87","65.39"
"5270","EGY","2015","Both sexes","70.06","69.76","70.36"
"5271","ERI","2005","Male","55.02","54.24","55.96"
"5272","LBY","2018","Male","71.54","70.88","72.44"
"5273","COL","2017","Male","75.17","74.92","75.44"
"5274","ITA","2019","Both sexes","82.99","82.93","83.04"
"5275","BGD","2012","Female","73.27","72.82","73.78"
"5276","DEU","2007","Male","77.21","77.15","77.27"
"5277","ITA","2014","Female","84.75","84.70","84.81"
"5278","MDV","2008","Female","76.00","75.83","76.28"
"5279","BIH","2016","Male","74.60","74.51","74.73"
"5280","PAN","2007","Both sexes","76.99","76.80","77.28"
"5281","STP","2016","Female","72.33","71.85","72.92"
"5282","HTI","2009","Male","60.97","60.16","62.17"
"5283","SWZ","2009","Both sexes","45.05","43.83","46.33"
"5284","QAT","2006","Male","70.79","70.33","71.36"
"5285","VNM","2015","Both sexes","73.03","72.65","73.58"
"5286","TTO","2012","Both sexes","74.65","74.35","75.02"
"5287","NPL","2019","Female","73.10","72.40","73.88"
"5288","CZE","2012","Male","74.96","74.93","75.06"
"5289","MDV","2001","Both sexes","70.46","70.10","70.85"
"5290","RUS","2015","Male","65.84","65.84","65.90"
"5291","AGO","2009","Male","55.00","54.16","56.04"
"5292","SOM","2003","Female","51.82","50.85","52.94"
"5293","THA","2018","Both sexes","77.15","76.74","77.64"
"5294","TZA","2017","Both sexes","65.98","65.30","66.93"
"5295","LUX","2007","Male","77.81","77.71","77.98"
"5296","UZB","2016","Male","67.69","67.45","68.03"
"5297","TCD","2016","Male","56.89","55.75","57.96"
"5298","POL","2011","Both sexes","76.56","76.56","76.63"
"5299","MWI","2005","Both sexes","49.35","48.53","50.35"
"5300","KWT","2018","Male","80.78","80.69","80.95"
"5301","FSM","2010","Female","67.71","67.08","68.28"
"5302","ITA","2014","Male","80.29","80.23","80.35"
"5303","ALB","2001","Male","73.07","72.70","73.64"
"5304","IND","2010","Female","69.37","68.82","69.95"
"5305","TLS","2000","Female","63.31","62.54","64.13"
"5306","SAU","2012","Male","76.28","76.01","76.58"
"5307","CHE","2002","Male","77.81","77.79","77.90"
"5308","YEM","2007","Both sexes","66.73","65.87","67.55"
"5309","WSM","2004","Male","68.41","67.69","69.07"
"5310","BLZ","2008","Male","71.11","70.93","71.36"
"5311","OMN","2015","Male","71.66","71.29","72.08"
"5312","BHS","2018","Female","76.49","76.09","77.04"
"5313","PER","2002","Both sexes","76.14","75.71","76.67"
"5314","MEX","2006","Male","72.94","72.78","73.17"
"5315","DOM","2004","Female","75.54","75.12","76.01"
"5316","MYS","2005","Female","76.29","76.28","76.38"
"5317","JAM","2014","Both sexes","73.24","73.04","73.48"
"5318","STP","2005","Female","67.38","66.81","67.90"
"5319","GIN","2010","Male","57.00","56.12","57.84"
"5320","BEL","2021","Both sexes","81.51","81.47","81.61"
"5321","LUX","2017","Male","80.74","80.62","80.91"
"5322","GNQ","2012","Both sexes","60.11","58.75","61.64"
"5323","LCA","2010","Both sexes","76.01","75.75","76.33"
"5324","MNG","2018","Both sexes","70.48","70.03","70.82"
"5325","UKR","2013","Male","66.57","66.55","66.66"
"5326","CHL","2005","Female","80.74","80.72","80.82"
"5327","NIC","2014","Both sexes","77.52","77.29","77.81"
"5328","LCA","2009","Both sexes","75.84","75.56","76.16"
"5329","COG","2008","Male","59.47","58.72","60.32"
"5330","MLI","2000","Female","52.92","52.07","53.92"
"5331","BGD","2016","Male","72.31","71.73","73.18"
"5332","CHL","2018","Female","83.29","83.27","83.38"
"5333","ERI","2012","Both sexes","61.35","60.43","62.36"
"5334","IDN","2007","Male","67.07","66.47","67.62"
"5335","SGP","2004","Male","77.98","77.95","78.06"
"5336","MNG","2006","Male","61.77","61.26","62.24"
"5337","BEN","2009","Male","58.80","57.98","59.67"
"5338","TUN","2016","Female","79.43","78.83","80.21"
"5339","IDN","2016","Female","72.57","71.94","73.36"
"5340","MUS","2015","Both sexes","74.13","74.00","74.34"
"5341","LSO","2011","Female","52.35","51.18","53.61"
"5342","MKD","2002","Female","75.48","75.37","75.68"
"5343","CIV","2014","Male","57.82","56.79","58.78"
"5344","KEN","2009","Female","62.31","61.67","63.15"
"5345","JOR","2009","Both sexes","76.35","76.00","76.84"
"5346","MUS","2006","Female","75.88","75.73","76.12"
"5347","MDG","2003","Female","60.83","60.19","61.50"
"5348","POL","2001","Both sexes","74.10","74.08","74.18"
"5349","BOL","2001","Male","65.68","65.02","66.35"
"5350","UGA","2004","Male","51.07","50.38","51.94"
"5351","BRA","2007","Both sexes","73.58","73.37","73.84"
"5352","ESP","2009","Both sexes","81.33","81.27","81.39"
"5353","COL","2004","Male","70.62","70.31","71.02"
"5354","GTM","2015","Both sexes","72.05","71.72","72.35"
"5355","AFG","2009","Male","58.10","57.29","59.24"
"5356","ARM","2008","Male","68.40","68.21","68.64"
"5357","LVA","2014","Female","79.30","79.20","79.46"
"5358","BEN","2010","Both sexes","61.30","60.56","62.25"
"5359","TON","2009","Male","66.71","66.22","67.32"
"5360","GNB","2000","Female","52.47","51.51","53.45"
"5361","BRA","2015","Both sexes","74.71","74.54","74.95"
"5362","VCT","2020","Male","70.33","69.84","70.90"
"5363","SYC","2013","Female","76.74","76.56","76.99"
"5364","SWZ","2011","Both sexes","48.08","46.87","49.77"
"5365","BLZ","2001","Male","67.73","67.53","68.00"
"5366","PHL","2002","Female","73.50","73.22","73.94"
"5367","BGR","2012","Female","77.79","77.71","77.93"
"5368","MDA","2021","Both sexes","69.56","69.23","69.93"
"5369","CRI","2009","Male","78.25","78.19","78.40"
"5370","NER","2019","Male","59.64","58.19","61.12"
"5371","ARE","2011","Male","80.06","79.67","80.54"
"5372","HUN","2005","Female","77.01","76.98","77.10"
"5373","COM","2006","Female","65.55","64.81","66.38"
"5374","OMN","2007","Male","70.95","70.52","71.49"
"5375","ZAF","2016","Male","60.56","60.22","60.87"
"5376","MYS","2015","Female","76.44","76.41","76.52"
"5377","BOL","2003","Both sexes","67.74","67.29","68.40"
"5378","MYS","2014","Both sexes","74.65","74.63","74.74"
"5379","KWT","2016","Both sexes","82.55","82.46","82.68"
"5380","TZA","2003","Male","54.06","52.95","55.03"
"5381","COL","2009","Female","78.94","78.73","79.21"
"5382","BGR","2004","Both sexes","72.48","72.37","72.65"
"5383","BRB","2000","Female","76.74","76.54","76.98"
"5384","BHR","2012","Female","75.44","75.30","75.62"
"5385","AGO","2007","Male","53.30","52.41","54.24"
"5386","CZE","2018","Female","81.74","81.70","81.85"
"5387","MDV","2006","Male","71.96","71.68","72.29"
"5388","ZAF","2005","Both sexes","52.03","51.69","52.40"
"5389","SRB","2001","Male","69.59","69.47","69.77"
"5390","PSE","2006","Both sexes","69.23","68.94","69.66"
"5391","CPV","2001","Male","67.97","67.34","68.72"
"5392","GTM","2000","Female","71.40","71.02","71.82"
"5393","RWA","2003","Both sexes","52.48","51.67","53.31"
"5394","LTU","2009","Both sexes","72.78","72.72","72.89"
"5395","EST","2014","Male","72.27","72.17","72.46"
"5396","COM","2006","Male","63.57","62.70","64.81"
"5397","UZB","2007","Female","67.31","66.92","67.76"
"5398","IDN","2021","Both sexes","68.26","67.49","69.05"
"5399","TON","2017","Both sexes","72.72","72.07","73.47"
"5400","FIN","2000","Both sexes","77.59","77.56","77.69"
"5401","FIN","2020","Both sexes","81.54","81.51","81.63"
"5402","DOM","2015","Female","76.97","76.52","77.45"
"5403","LTU","2020","Male","69.98","69.92","70.10"
"5404","ATG","2014","Male","73.65","73.41","73.98"
"5405","TUN","2007","Both sexes","75.75","75.10","76.47"
"5406","UZB","2019","Both sexes","72.27","71.98","72.59"
"5407","ZMB","2018","Female","63.60","62.48","64.78"
"5408","USA","2004","Female","79.70","79.65","79.75"
"5409","VCT","2001","Both sexes","71.90","71.64","72.25"
"5410","MUS","2002","Male","68.40","68.28","68.58"
"5411","NAM","2000","Both sexes","53.02","51.87","54.28"
"5412","CHE","2006","Male","79.00","78.98","79.09"
"5413","BLZ","2017","Male","71.93","71.74","72.26"
"5414","TTO","2011","Both sexes","74.01","73.70","74.42"
"5415","UKR","2010","Both sexes","70.15","70.12","70.24"
"5416","LVA","2013","Both sexes","74.13","74.05","74.27"
"5417","NAM","2011","Both sexes","60.88","59.99","61.79"
"5418","DOM","2016","Male","70.02","69.30","70.67"
"5419","TGO","2020","Female","66.68","65.90","67.38"
"5420","BIH","2010","Female","79.51","79.41","79.67"
"5421","FJI","2007","Male","65.07","64.81","65.39"
"5422","NPL","2018","Female","72.86","72.17","73.59"
"5423","CUB","2007","Female","80.07","80.04","80.17"
"5424","NLD","2000","Both sexes","78.01","78.00","78.09"
"5425","IRN","2019","Male","76.36","76.24","76.55"
"5426","RWA","2014","Male","64.63","63.85","65.50"
"5427","CMR","2007","Female","56.35","55.56","57.25"
"5428","FIN","2009","Female","82.94","82.92","83.04"
"5429","VEN","2008","Both sexes","74.28","74.21","74.39"
"5430","QAT","2009","Both sexes","72.77","72.40","73.37"
"5431","LBN","2019","Male","76.92","76.35","77.44"
"5432","FSM","2013","Female","68.04","67.31","68.90"
"5433","MOZ","2008","Female","55.37","54.49","56.16"
"5434","BWA","2006","Male","52.19","50.99","53.46"
"5435","SDN","2018","Female","70.33","69.48","71.23"
"5436","DEU","2013","Both sexes","80.29","80.23","80.34"
"5437","EST","2020","Female","82.53","82.41","82.75"
"5438","YEM","2002","Female","65.74","65.03","66.56"
"5439","COM","2003","Both sexes","63.63","62.81","64.51"
"5440","ISR","2005","Female","81.61","81.59","81.70"
"5441","PRI","2009","Male","74.64","74.55","74.80"
"5442","DZA","2016","Both sexes","76.28","76.01","76.63"
"5443","GRC","2002","Female","81.39","81.38","81.48"
"5444","CYP","2002","Both sexes","79.00","78.80","79.29"
"5445","BLZ","2004","Male","69.47","69.26","69.75"
"5446","LKA","2006","Both sexes","73.36","73.12","73.66"
"5447","CZE","2019","Female","81.93","81.88","82.05"
"5448","POL","2021","Male","71.55","71.53","71.63"
"5449","BRN","2007","Male","75.30","75.06","75.58"
"5450","BRA","2002","Female","75.55","75.31","75.83"
"5451","LVA","2010","Female","77.75","77.67","77.91"
"5452","SLE","2012","Both sexes","56.37","55.50","57.56"
"5453","QAT","2016","Male","77.88","77.24","78.50"
"5454","RUS","2019","Both sexes","73.22","73.16","73.27"
"5455","COD","2014","Male","57.60","56.64","58.66"
"5456","JOR","2013","Male","77.91","77.50","78.37"
"5457","URY","2011","Male","72.65","72.56","72.79"
"5458","WSM","2017","Female","71.32","70.86","72.06"
"5459","LKA","2001","Male","68.42","68.30","68.58"
"5460","GEO","2013","Female","76.93","76.81","77.11"
"5461","COL","2019","Female","80.55","80.36","80.82"
"5462","DZA","2016","Female","76.83","76.58","77.14"
"5463","CHN","2020","Male","74.59","74.03","75.26"
"5464","HUN","2004","Female","77.00","76.96","77.11"
"5465","COG","2021","Male","62.54","61.77","63.45"
"5466","IRL","2017","Both sexes","81.60","81.56","81.70"
"5467","HUN","2017","Female","79.13","79.10","79.23"
"5468","MRT","2015","Female","69.47","68.79","70.41"
"5469","BLZ","2006","Female","75.10","74.95","75.30"
"5470","LCA","2001","Female","76.46","76.24","76.76"
"5471","COD","2015","Female","61.90","61.19","62.81"
"5472","PSE","2000","Male","66.74","66.35","67.19"
"5473","TJK","2016","Male","71.06","70.58","71.61"
"5474","BHS","2005","Both sexes","72.66","72.43","72.99"
"5475","CRI","2020","Female","82.80","82.71","82.93"
"5476","KIR","2008","Female","64.64","63.83","65.38"
"5477","ZWE","2008","Female","49.09","47.95","50.02"
"5478","SSD","2012","Both sexes","59.31","58.04","60.55"
"5479","MLI","2011","Both sexes","59.05","58.39","59.96"
"5480","SDN","2001","Both sexes","62.98","62.00","64.06"
"5481","POL","2009","Both sexes","75.64","75.64","75.71"
"5482","TZA","2009","Female","62.07","61.40","62.82"
"5483","CHL","2002","Female","80.24","80.22","80.32"
"5484","IRL","2019","Both sexes","81.94","81.90","82.06"
"5485","LSO","2000","Both sexes","47.38","45.86","48.85"
"5486","LSO","2001","Female","51.05","49.53","52.74"
"5487","ISR","2011","Male","79.81","79.79","79.91"
"5488","CPV","2010","Female","77.40","77.03","77.95"
"5489","MUS","2017","Female","77.42","77.27","77.63"
"5490","GBR","2014","Female","82.65","82.59","82.70"
"5491","IDN","2008","Male","67.23","66.65","67.88"
"5492","PNG","2012","Female","66.34","65.75","67.12"
"5493","BLZ","2000","Female","73.73","73.54","73.98"
"5494","GAB","2017","Male","62.07","61.24","63.20"
"5495","STP","2020","Both sexes","71.25","70.71","71.77"
"5496","PRK","2010","Both sexes","70.02","69.29","70.75"
"5497","FRA","2004","Male","76.59","76.59","76.65"
"5498","ZMB","2011","Both sexes","58.02","57.06","58.96"
"5499","NPL","2003","Both sexes","67.36","66.91","68.05"
"5500","MMR","2019","Male","65.69","64.90","66.55"
"5501","TJK","2003","Both sexes","67.57","67.06","68.28"
"5502","DJI","2000","Male","57.70","56.58","58.84"
"5503","ATG","2013","Both sexes","75.72","75.46","76.01"
"5504","GIN","2009","Female","58.98","58.30","59.78"
"5505","FRA","2013","Male","78.78","78.72","78.84"
"5506","TUN","2012","Male","74.17","73.43","74.97"
"5507","SSD","2000","Female","53.85","52.58","55.13"
"5508","BOL","2007","Male","68.61","67.82","69.39"
"5509","KGZ","2017","Male","69.13","68.89","69.47"
"5510","GRD","2003","Female","76.61","76.35","76.89"
"5511","ISR","2006","Female","81.88","81.86","81.97"
"5512","BIH","2000","Both sexes","75.46","75.12","75.91"
"5513","TON","2015","Both sexes","72.46","71.82","73.18"
"5514","VNM","2020","Both sexes","74.78","74.25","75.41"
"5515","ZAF","2001","Male","53.29","52.94","53.67"
"5516","NOR","2002","Male","76.32","76.30","76.42"
"5517","ZWE","2017","Female","60.18","59.28","61.15"
"5518","PHL","2008","Female","74.00","73.73","74.41"
"5519","UGA","2009","Female","61.51","60.70","62.30"
"5520","LKA","2013","Male","72.53","72.49","72.64"
"5521","ALB","2008","Female","77.66","77.35","78.03"
"5522","TUR","2009","Both sexes","76.35","75.93","76.85"
"5523","BRN","2006","Male","75.23","74.98","75.52"
"5524","TON","2008","Both sexes","72.00","71.53","72.68"
"5525","COD","2019","Male","59.67","58.75","60.71"
"5526","ISR","2016","Both sexes","82.22","82.21","82.30"
"5527","RUS","2010","Male","62.98","62.97","63.03"
"5528","MDV","2009","Male","72.92","72.61","73.22"
"5529","PNG","2008","Male","63.59","62.68","64.46"
"5530","CIV","2020","Female","66.08","65.18","67.07"
"5531","SAU","2005","Male","70.90","70.61","71.20"
"5532","GNB","2015","Both sexes","57.58","56.73","58.52"
"5533","NIC","2020","Both sexes","75.04","74.74","75.35"
"5534","MDA","2015","Both sexes","71.15","70.97","71.37"
"5535","USA","2010","Male","76.37","76.33","76.42"
"5536","ISL","2013","Both sexes","82.07","81.95","82.27"
"5537","DOM","2001","Female","76.59","76.00","77.18"
"5538","COL","2018","Male","75.16","74.87","75.44"
"5539","KIR","2009","Both sexes","61.32","60.59","62.30"
"5540","FSM","2015","Both sexes","65.33","64.66","66.34"
"5541","PAK","2006","Female","63.83","63.24","64.46"
"5542","SWZ","2019","Both sexes","55.75","54.44","57.30"
"5543","ATG","2000","Female","76.61","76.35","76.93"
"5544","ARG","2008","Female","79.11","79.09","79.20"
"5545","MWI","2013","Both sexes","60.55","59.83","61.26"
"5546","DEU","2007","Both sexes","79.79","79.73","79.85"
"5547","SYR","2001","Female","73.07","72.80","73.51"
"5548","NER","2006","Male","55.13","53.93","56.33"
"5549","DNK","2010","Female","81.10","81.09","81.19"
"5550","RUS","2009","Male","62.67","62.67","62.73"
"5551","ZAF","2021","Male","58.90","58.53","59.41"
"5552","GHA","2017","Female","67.78","67.02","68.72"
"5553","GMB","2014","Female","65.58","64.76","66.48"
"5554","MRT","2018","Male","69.88","69.06","70.75"
"5555","EST","2002","Female","76.85","76.78","77.00"
"5556","DJI","2011","Both sexes","62.34","61.17","63.70"
"5557","BTN","2007","Both sexes","70.48","69.89","71.19"
"5558","LSO","2002","Female","51.13","49.45","52.83"
"5559","MMR","2013","Male","63.34","62.74","64.12"
"5560","FSM","2004","Female","67.08","66.48","67.75"
"5561","BGR","2009","Both sexes","73.58","73.46","73.75"
"5562","COG","2016","Female","62.89","62.05","63.71"
"5563","THA","2016","Female","80.52","80.13","80.91"
"5564","MOZ","2005","Female","54.01","53.32","54.93"
"5565","GAB","2004","Female","60.03","59.03","60.96"
"5566","MDV","2013","Both sexes","76.30","76.08","76.61"
"5567","ISL","2013","Female","83.52","83.41","83.75"
"5568","OMN","2016","Both sexes","73.72","73.37","74.16"
"5569","MOZ","2002","Both sexes","51.47","50.67","52.29"
"5570","MAR","2004","Female","71.74","71.17","72.56"
"5571","PAK","2013","Male","64.33","63.25","65.43"
"5572","NGA","2005","Female","58.23","57.25","59.07"
"5573","KWT","2016","Male","80.56","80.49","80.69"
"5574","PHL","2013","Both sexes","69.45","69.06","69.90"
"5575","MMR","2008","Male","55.57","54.81","56.22"
"5576","EGY","2016","Female","73.46","73.19","73.74"
"5577","GMB","2013","Female","65.47","64.65","66.23"
"5578","BHS","2002","Male","68.29","67.97","68.63"
"5579","BFA","2000","Both sexes","51.89","51.11","52.87"
"5580","GNB","2020","Female","60.96","60.17","61.90"
"5581","BLR","2000","Female","74.58","74.50","74.73"
"5582","MAR","2021","Both sexes","72.62","72.09","73.21"
"5583","RUS","2000","Both sexes","65.16","65.11","65.26"
"5584","LBR","2003","Female","55.40","54.56","56.48"
"5585","GHA","2020","Female","68.90","68.14","69.71"
"5586","SLV","2001","Male","67.78","67.50","68.14"
"5587","GRD","2020","Female","78.17","77.89","78.56"
"5588","PRK","2012","Male","67.49","66.87","68.09"
"5589","GEO","2002","Both sexes","69.89","69.66","70.17"
"5590","BGR","2000","Male","68.41","68.25","68.60"
"5591","GEO","2021","Female","75.60","75.49","75.78"
"5592","NAM","2009","Male","56.33","55.42","57.17"
"5593","KEN","2016","Both sexes","65.03","64.37","65.81"
"5594","BHS","2008","Female","76.37","76.15","76.64"
"5595","CAF","2006","Both sexes","46.70","45.80","47.98"
"5596","CPV","2007","Female","76.79","76.36","77.35"
"5597","SVN","2001","Male","72.20","72.10","72.34"
"5598","MDA","2010","Female","72.52","72.39","72.77"
"5599","SRB","2004","Female","75.36","75.28","75.50"
"5600","QAT","2004","Both sexes","70.84","70.46","71.34"
"5601","BHS","2003","Both sexes","72.01","71.76","72.32"
"5602","LBN","2007","Male","75.47","75.08","75.92"
"5603","GHA","2013","Both sexes","63.59","62.89","64.25"
"5604","VUT","2015","Both sexes","66.79","66.36","67.30"
"5605","PHL","2012","Male","65.75","65.33","66.18"
"5606","BHS","2021","Male","67.33","66.68","68.01"
"5607","AUS","2009","Female","83.86","83.85","83.93"
"5608","MLI","2003","Male","55.01","54.01","56.07"
"5609","SLE","2011","Both sexes","55.66","54.75","56.67"
"5610","KGZ","2009","Both sexes","68.89","68.62","69.25"
"5611","MAR","2003","Female","71.59","70.83","72.31"
"5612","SSD","2015","Female","61.42","60.24","62.77"
"5613","NZL","2000","Male","76.00","75.97","76.10"
"5614","NZL","2021","Male","80.36","80.32","80.48"
"5615","RUS","2003","Male","58.45","58.44","58.51"
"5616","GUY","2012","Both sexes","66.17","65.63","66.77"
"5617","MUS","2015","Male","70.91","70.77","71.11"
"5618","SOM","2006","Female","52.20","50.87","53.25"
"5619","COD","2020","Male","59.73","58.67","60.92"
"5620","CUB","2011","Male","76.64","76.60","76.74"
"5621","TZA","2013","Female","65.55","64.89","66.29"
"5622","SSD","2008","Female","59.28","58.30","60.48"
"5623","ARM","2017","Female","79.14","79.00","79.38"
"5624","URY","2001","Both sexes","74.93","74.85","75.07"
"5625","GIN","2014","Female","59.83","59.06","60.67"
"5626","MNG","2018","Female","75.05","74.78","75.41"
"5627","BRA","2000","Female","74.98","74.76","75.27"
"5628","SWE","2020","Both sexes","82.08","82.07","82.17"
"5629","VCT","2003","Male","69.89","69.63","70.29"
"5630","ERI","2013","Female","64.75","64.02","65.67"
"5631","TTO","2000","Both sexes","70.42","70.09","70.87"
"5632","BLR","2017","Female","79.15","79.12","79.26"
"5633","VCT","2004","Both sexes","72.37","72.09","72.75"
"5634","GMB","2007","Both sexes","61.12","60.39","61.97"
"5635","PHL","2000","Both sexes","69.97","69.61","70.35"
"5636","CZE","2007","Both sexes","76.87","76.84","76.96"
"5637","LSO","2009","Both sexes","47.42","46.31","48.86"
"5638","TLS","2010","Male","65.92","65.02","66.93"
"5639","LBN","2015","Male","75.88","75.47","76.35"
"5640","LCA","2012","Female","79.88","79.58","80.22"
"5641","SVK","2006","Male","70.41","70.37","70.51"
"5642","MNE","2019","Both sexes","76.84","76.67","77.09"
"5643","TZA","2018","Male","64.79","63.99","65.71"
"5644","MNE","2003","Both sexes","73.62","73.49","73.85"
"5645","BHS","2011","Female","75.94","75.70","76.25"
"5646","ZAF","2015","Male","60.01","59.77","60.32"
"5647","PRT","2019","Female","84.15","84.13","84.24"
"5648","ARE","2007","Male","80.45","80.00","80.92"
"5649","HND","2006","Female","71.69","70.88","72.43"
"5650","PRI","2001","Both sexes","76.24","76.15","76.39"
"5651","LBN","2008","Female","79.48","79.22","79.89"
"5652","EGY","2003","Female","71.53","71.18","71.90"
"5653","TCD","2002","Male","50.31","49.20","51.25"
"5654","HND","2001","Female","70.96","70.10","71.67"
"5655","SGP","2008","Male","78.67","78.65","78.76"
"5656","MMR","2001","Both sexes","59.78","58.99","60.62"
"5657","SLV","2001","Both sexes","71.72","71.46","72.04"
"5658","CMR","2016","Female","61.60","60.48","62.59"
"5659","AGO","2020","Female","64.93","63.95","65.99"
"5660","ESP","2007","Both sexes","80.68","80.61","80.74"
"5661","CHE","2009","Female","83.99","83.97","84.08"
"5662","SDN","2011","Male","65.78","64.66","66.76"
"5663","LBR","2002","Male","52.26","51.09","53.36"
"5664","CUB","2009","Female","80.02","79.98","80.13"
"5665","MRT","2009","Male","68.34","67.59","69.18"
"5666","HUN","2020","Female","79.03","78.99","79.12"
"5667","LTU","2015","Female","79.53","79.46","79.65"
"5668","KEN","2013","Female","65.65","65.06","66.34"
"5669","SSD","2013","Female","61.19","60.06","62.72"
"5670","WSM","2010","Male","69.07","68.48","69.73"
"5671","LCA","2008","Both sexes","75.53","75.20","75.91"
"5672","RUS","2021","Female","74.34","74.28","74.40"
"5673","CRI","2016","Male","77.57","77.49","77.71"
"5674","CZE","2005","Female","79.09","79.06","79.19"
"5675","MUS","2010","Female","76.93","76.77","77.14"
"5676","SLB","2016","Both sexes","65.29","64.32","66.29"
"5677","AFG","2011","Both sexes","59.55","58.46","60.76"
"5678","LSO","2016","Both sexes","49.95","48.80","51.35"
"5679","KOR","2000","Female","79.35","79.27","79.43"
"5680","COG","2016","Male","62.23","61.32","63.25"
"5681","CYP","2008","Male","78.47","78.28","78.76"
"5682","ALB","2012","Female","79.56","79.19","79.98"
"5683","BTN","2000","Male","65.73","65.10","66.57"
"5684","CZE","2017","Male","75.98","75.94","76.07"
"5685","BHR","2019","Both sexes","76.03","75.82","76.39"
"5686","DJI","2010","Both sexes","62.01","60.81","63.43"
"5687","AUS","2016","Male","80.69","80.62","80.76"
"5688","PHL","2016","Female","73.31","72.99","73.75"
"5689","GIN","2016","Male","58.47","57.45","59.66"
"5690","TCD","2019","Both sexes","59.37","58.10","60.60"
"5691","HTI","2019","Female","64.16","63.15","65.23"
"5692","IND","2005","Female","67.00","66.45","67.54"
"5693","GUY","2009","Male","63.20","62.69","63.86"
"5694","CZE","2021","Male","74.01","73.97","74.11"
"5695","TJK","2008","Male","67.21","66.64","67.85"
"5696","JOR","2021","Male","74.57","74.09","75.13"
"5697","GHA","2012","Female","65.75","65.06","66.54"
"5698","BTN","2004","Both sexes","68.89","68.23","69.60"
"5699","NAM","2009","Female","62.68","61.59","63.83"
"5700","ZAF","2009","Both sexes","55.27","54.92","55.61"
"5701","DEU","2019","Both sexes","80.97","80.91","81.03"
"5702","SWE","2004","Female","82.37","82.36","82.44"
"5703","GBR","2008","Male","77.55","77.49","77.61"
"5704","DOM","2005","Female","75.60","75.14","76.19"
"5705","CRI","2000","Female","80.60","80.53","80.76"
"5706","BFA","2005","Female","56.81","56.01","57.62"
"5707","MNG","2002","Male","60.38","59.93","60.98"
"5708","GIN","2018","Male","59.39","58.41","60.57"
"5709","ZAF","2020","Male","61.88","61.45","62.34"
"5710","KOR","2011","Male","77.50","77.44","77.56"
"5711","SLV","2013","Both sexes","74.79","74.61","75.01"
"5712","CHN","2015","Both sexes","76.51","76.23","77.00"
"5713","AFG","2005","Male","56.60","55.71","57.59"
"5714","GIN","2012","Female","60.09","59.33","60.95"
"5715","PRT","2018","Female","83.91","83.89","83.99"
"5716","SSD","2004","Both sexes","55.24","53.90","56.49"
"5717","CHE","2010","Male","80.03","80.02","80.12"
"5718","KEN","2003","Female","56.06","54.89","57.20"
"5719","EST","2004","Female","77.87","77.80","78.05"
"5720","BHR","2007","Both sexes","72.39","72.23","72.64"
"5721","UZB","2005","Male","60.64","60.21","61.06"
"5722","LAO","2007","Male","60.49","59.78","61.33"
"5723","DOM","2014","Both sexes","73.26","72.56","73.82"
"5724","SOM","2014","Male","50.81","49.48","52.29"
"5725","GRC","2012","Male","77.90","77.89","77.97"
"5726","VNM","2001","Male","67.74","67.33","68.30"
"5727","TCD","2005","Female","54.36","53.59","55.19"
"5728","BOL","2018","Both sexes","72.69","72.00","73.56"
"5729","BOL","2004","Male","67.28","66.58","67.90"
"5730","JAM","2005","Female","74.86","74.68","75.13"
"5731","PRT","2014","Both sexes","80.90","80.89","80.97"
"5732","ESP","2018","Female","85.32","85.32","85.38"
"5733","CIV","2017","Male","59.97","58.86","61.06"
"5734","GBR","2005","Both sexes","78.91","78.86","78.97"
"5735","BOL","2011","Both sexes","70.72","70.17","71.44"
"5736","SYC","2006","Male","68.43","68.23","68.72"
"5737","PER","2017","Female","80.84","80.35","81.36"
"5738","CHE","2017","Male","81.24","81.22","81.33"
"5739","SGP","2007","Both sexes","80.58","80.56","80.68"
"5740","GAB","2009","Male","59.58","58.68","60.51"
"5741","HUN","2012","Female","78.53","78.50","78.64"
"5742","ZWE","2009","Male","48.75","47.94","49.77"
"5743","COL","2003","Female","76.99","76.77","77.31"
"5744","ARE","2007","Female","81.12","80.85","81.59"
"5745","PRI","2018","Male","76.96","76.87","77.12"
"5746","UKR","2019","Male","67.99","67.27","68.84"
"5747","TUR","2002","Male","71.12","70.72","71.64"
"5748","MEX","2011","Female","78.18","78.08","78.37"
"5749","GTM","2011","Both sexes","71.55","71.22","71.93"
"5750","URY","2005","Female","79.38","79.31","79.52"
"5751","SWE","2008","Female","82.81","82.81","82.89"
"5752","COG","2009","Female","59.98","59.27","60.66"
"5753","ARM","2005","Female","75.60","75.45","75.86"
"5754","SYC","2021","Male","72.57","72.25","73.02"
"5755","BTN","2012","Male","71.45","70.89","72.04"
"5756","KIR","2011","Both sexes","61.40","60.64","62.45"
"5757","QAT","2021","Male","76.03","75.48","76.67"
"5758","PRY","2018","Both sexes","75.22","74.69","75.78"
"5759","HND","2002","Female","71.11","70.34","72.04"
"5760","AGO","2014","Female","63.67","62.83","64.73"
"5761","ECU","2008","Both sexes","74.41","74.01","74.80"
"5762","CMR","2020","Female","64.39","63.56","65.29"
"5763","TKM","2017","Male","65.63","64.93","66.40"
"5764","ZWE","2011","Female","55.19","54.32","56.32"
"5765","ZAF","2008","Male","51.78","51.44","52.18"
"5766","COL","2003","Male","70.19","69.90","70.46"
"5767","NER","2002","Female","52.31","51.32","53.26"
"5768","SVK","2018","Both sexes","77.20","77.14","77.31"
"5769","PER","2006","Male","76.61","76.17","77.16"
"5770","TON","2013","Both sexes","72.31","71.80","73.00"
"5771","SLE","2002","Female","52.47","51.46","53.48"
"5772","ESP","2019","Female","85.66","85.66","85.72"
"5773","BDI","2021","Female","65.95","65.07","66.89"
"5774","FIN","2001","Female","81.31","81.28","81.40"
"5775","KIR","2021","Male","57.78","56.83","58.85"
"5776","IND","2008","Female","68.13","67.60","68.66"
"5777","STP","2004","Both sexes","65.71","65.25","66.46"
"5778","CHE","2020","Female","84.60","84.58","84.68"
"5779","RUS","2012","Both sexes","70.19","70.18","70.25"
"5780","LBR","2007","Both sexes","59.31","58.45","60.25"
"5781","BLR","2011","Female","76.71","76.66","76.81"
"5782","IND","2008","Male","64.88","64.33","65.48"
"5783","BLZ","2019","Female","77.38","77.13","77.75"
"5784","IDN","2019","Both sexes","71.40","70.87","72.19"
"5785","ECU","2004","Both sexes","73.97","73.59","74.33"
"5786","MDA","2001","Male","62.30","62.07","62.57"
"5787","NLD","2017","Female","83.01","82.99","83.08"
"5788","JAM","2002","Female","75.13","74.92","75.40"
"5789","MDA","2015","Male","67.17","67.02","67.43"
"5790","BFA","2015","Female","63.34","62.74","64.31"
"5791","JOR","2002","Both sexes","72.93","72.46","73.52"
"5792","MYS","2015","Male","72.49","72.46","72.59"
"5793","KHM","2018","Female","71.98","71.37","72.66"
"5794","SDN","2009","Male","65.20","64.37","66.37"
"5795","CHN","2017","Female","80.09","79.69","80.68"
"5796","MEX","2010","Male","72.23","72.08","72.45"
"5797","AGO","2001","Both sexes","50.06","49.02","51.15"
"5798","BDI","2002","Male","44.33","43.51","45.15"
"5799","ZMB","2017","Female","63.42","62.43","64.61"
"5800","UKR","2017","Both sexes","73.00","72.60","73.41"
"5801","ESP","2002","Female","82.81","82.81","82.88"
"5802","TGO","2002","Both sexes","56.22","55.48","57.14"
"5803","ECU","2012","Both sexes","75.81","75.47","76.21"
"5804","COM","2016","Both sexes","67.70","66.77","68.66"
"5805","VUT","2002","Male","62.11","61.35","62.93"
"5806","FSM","2007","Both sexes","64.37","63.69","65.06"
"5807","BLZ","2000","Male","67.06","66.86","67.40"
"5808","BRN","2007","Both sexes","76.66","76.43","76.97"
"5809","CHL","2012","Both sexes","79.58","79.56","79.67"
"5810","PAN","2015","Both sexes","78.14","77.95","78.43"
"5811","BHR","2008","Male","72.09","71.94","72.35"
"5812","UZB","2021","Both sexes","72.19","71.76","72.72"
"5813","MDG","2020","Female","64.29","63.44","65.35"
"5814","BRN","2006","Both sexes","76.58","76.38","76.86"
"5815","BGD","2011","Male","69.66","69.26","70.20"
"5816","MLI","2001","Female","53.47","52.60","54.29"
"5817","VNM","2018","Both sexes","73.56","73.08","74.26"
"5818","JAM","2017","Male","69.42","68.71","70.29"
"5819","HND","2001","Male","68.99","68.04","70.13"
"5820","SEN","2013","Male","64.97","64.43","65.63"
"5821","GNB","2010","Female","57.44","56.55","58.30"
"5822","VEN","2000","Female","77.65","77.54","77.78"
"5823","PER","2013","Both sexes","79.48","78.97","80.07"
"5824","MAR","2017","Female","74.41","73.81","75.07"
"5825","AFG","2017","Both sexes","60.88","59.99","61.71"
"5826","KHM","2007","Both sexes","65.08","64.48","65.72"
"5827","MKD","2015","Male","73.43","73.27","73.58"
"5828","HND","2012","Female","71.36","70.73","72.08"
"5829","MUS","2018","Both sexes","74.03","73.87","74.23"
"5830","GEO","2017","Female","78.02","77.92","78.18"
"5831","SYC","2012","Male","70.01","69.83","70.25"
"5832","LTU","2017","Female","80.13","80.06","80.27"
"5833","NAM","2019","Both sexes","63.49","62.55","64.37"
"5834","TLS","2007","Both sexes","66.33","65.71","67.13"
"5835","ROU","2000","Male","67.70","67.58","67.85"
"5836","AUS","2009","Both sexes","81.75","81.74","81.83"
"5837","BWA","2009","Female","58.62","57.20","60.00"
"5838","VEN","2018","Both sexes","72.82","72.38","73.30"
"5839","MDA","2020","Male","68.26","68.04","68.57"
"5840","AZE","2021","Both sexes","72.91","72.51","73.38"
"5841","VUT","2015","Male","63.81","63.23","64.33"
"5842","LTU","2006","Both sexes","70.89","70.83","70.99"
"5843","BHS","2014","Male","69.55","69.27","69.93"
"5844","KOR","2012","Female","84.28","84.21","84.35"
"5845","SSD","2011","Male","57.01","55.93","58.44"
"5846","SYC","2009","Both sexes","72.85","72.62","73.07"
"5847","OMN","2002","Both sexes","72.46","71.95","73.24"
"5848","COG","2020","Male","62.70","62.01","63.52"
"5849","EGY","2006","Male","66.93","66.59","67.31"
"5850","KOR","2016","Female","85.66","85.66","85.73"
"5851","SOM","2008","Both sexes","50.31","49.23","51.48"
"5852","COM","2004","Male","63.18","62.13","64.28"
"5853","ARE","2009","Female","81.38","81.11","81.74"
"5854","MNE","2015","Both sexes","76.86","76.72","77.05"
"5855","TLS","2000","Male","62.47","61.66","63.32"
"5856","SSD","2020","Both sexes","58.95","57.73","60.23"
"5857","BRN","2016","Female","77.72","77.54","78.01"
"5858","SYR","2021","Both sexes","72.44","71.82","73.29"
"5859","MKD","2002","Male","70.49","70.37","70.66"
"5860","SYC","2015","Female","76.67","76.47","76.94"
"5861","GTM","2009","Female","74.11","73.85","74.48"
"5862","ROU","2009","Female","77.24","77.21","77.36"
"5863","AUT","2008","Female","82.79","82.76","82.86"
"5864","GBR","2009","Male","78.02","77.96","78.08"
"5865","BGR","2001","Female","75.31","75.21","75.48"
"5866","PRY","2015","Both sexes","75.17","74.71","75.81"
"5867","IND","2011","Male","66.09","65.66","66.65"
"5868","AFG","2010","Female","59.51","58.49","60.64"
"5869","AFG","2018","Both sexes","60.49","59.66","61.50"
"5870","VCT","2009","Male","71.56","71.21","71.94"
"5871","KOR","2009","Both sexes","80.36","80.30","80.43"
"5872","SYR","2006","Both sexes","73.38","73.01","73.87"
"5873","OMN","2012","Both sexes","73.60","73.32","74.01"
"5874","SLB","2021","Male","62.55","61.71","63.44"
"5875","SUR","2018","Female","76.11","75.87","76.42"
"5876","ITA","2021","Both sexes","82.20","82.20","82.26"
"5877","CHE","2001","Male","77.29","77.27","77.38"
"5878","FSM","2000","Female","66.47","65.89","67.13"
"5879","MLI","2019","Female","62.41","61.36","63.47"
"5880","COL","2014","Female","80.00","79.78","80.27"
"5881","MAR","2000","Male","69.29","68.51","70.34"
"5882","TJK","2004","Male","66.10","65.49","66.82"
"5883","NIC","2009","Female","79.26","78.99","79.59"
"5884","VCT","2006","Female","75.39","75.13","75.72"
"5885","ATG","2004","Male","73.15","72.91","73.53"
"5886","ALB","2003","Both sexes","74.94","74.59","75.38"
"5887","GUY","2007","Male","62.88","62.33","63.51"
"5888","UZB","2011","Both sexes","67.18","66.89","67.47"
"5889","LBN","2020","Female","80.39","79.96","80.85"
"5890","LBY","2017","Female","75.36","74.88","75.98"
"5891","TTO","2018","Female","77.45","77.22","77.71"
"5892","NPL","2008","Female","70.48","70.04","71.07"
"5893","COM","2019","Female","69.43","68.67","70.24"
"5894","MKD","2000","Both sexes","72.95","72.84","73.17"
"5895","LUX","2008","Female","82.79","82.70","82.94"
"5896","NAM","2020","Both sexes","63.75","62.75","64.62"
"5897","RWA","2006","Male","57.37","56.61","58.16"
"5898","SVN","2009","Female","82.24","82.15","82.42"
"5899","LUX","2009","Male","78.52","78.43","78.68"
"5900","CHN","2013","Both sexes","75.84","75.51","76.28"
"5901","MYS","2016","Both sexes","74.42","74.40","74.51"
"5902","ISL","2010","Both sexes","81.68","81.57","81.86"
"5903","BTN","2007","Male","69.64","69.04","70.45"
"5904","USA","2017","Both sexes","78.50","78.45","78.55"
"5905","MRT","2003","Female","64.74","64.13","65.34"
"5906","LCA","2016","Both sexes","76.20","75.80","76.60"
"5907","MWI","2020","Male","60.67","59.92","61.46"
"5908","SWZ","2021","Both sexes","54.59","53.49","55.87"
"5909","PAN","2011","Male","74.49","74.25","74.78"
"5910","PAN","2015","Male","75.40","75.14","75.68"
"5911","ZAF","2002","Female","56.05","55.74","56.39"
"5912","THA","2013","Male","73.23","72.75","73.74"
"5913","MRT","2009","Both sexes","68.08","67.50","68.83"
"5914","SOM","2012","Male","47.72","46.34","49.18"
"5915","PRY","2011","Both sexes","74.93","74.42","75.53"
"5916","TUR","2013","Male","73.80","73.41","74.24"
"5917","TUR","2009","Male","73.33","72.87","73.88"
"5918","VNM","2011","Female","77.09","76.63","77.60"
"5919","ARG","2005","Male","71.78","71.75","71.87"
"5920","NPL","2006","Male","67.19","66.76","67.88"
"5921","KHM","2014","Male","65.57","64.97","66.21"
"5922","CYP","2020","Male","80.05","79.71","80.38"
"5923","KGZ","2006","Female","71.15","70.86","71.47"
"5924","COG","2015","Male","61.88","61.04","62.79"
"5925","ISL","2013","Male","80.59","80.48","80.78"
"5926","CAF","2017","Female","54.69","53.43","55.86"
"5927","BTN","2001","Female","67.66","66.96","68.37"
"5928","MNG","2009","Female","71.21","70.93","71.57"
"5929","CAF","2001","Both sexes","44.47","43.37","45.52"
"5930","PER","2001","Male","74.29","73.82","74.91"
"5931","LUX","2006","Female","82.29","82.19","82.46"
"5932","TUR","2014","Both sexes","76.75","76.38","77.12"
"5933","KAZ","2018","Both sexes","73.17","73.01","73.39"
"5934","MRT","2008","Male","67.93","67.28","68.80"
"5935","FJI","2020","Both sexes","67.71","66.89","68.58"
"5936","CHL","2014","Both sexes","79.94","79.91","80.02"
"5937","SWZ","2010","Both sexes","46.39","45.07","47.59"
"5938","GEO","2000","Both sexes","71.07","70.73","71.59"
"5939","MOZ","2002","Female","53.59","52.83","54.49"
"5940","BRA","2017","Male","71.54","71.37","71.80"
"5941","SLB","2006","Both sexes","63.79","63.04","64.65"
"5942","DNK","2004","Male","75.43","75.40","75.53"
"5943","ECU","2016","Male","74.83","74.49","75.26"
"5944","CAF","2002","Male","43.87","42.97","44.85"
"5945","ZMB","2006","Female","53.34","52.27","54.54"
"5946","KWT","2009","Male","77.49","77.40","77.68"
"5947","SSD","2006","Both sexes","56.35","55.23","57.58"
"5948","GTM","2003","Both sexes","69.39","69.02","69.81"
"5949","VEN","2015","Female","78.28","78.22","78.39"
"5950","JPN","2006","Female","85.75","85.70","85.80"
"5951","ROU","2019","Male","71.78","71.74","71.86"
"5952","FRA","2004","Both sexes","80.00","79.94","80.06"
"5953","VCT","2017","Female","75.50","75.28","75.80"
"5954","RUS","2015","Both sexes","71.30","71.29","71.36"
"5955","FSM","2011","Male","62.24","61.48","62.96"
"5956","PSE","2015","Female","76.37","76.17","76.70"
"5957","DEU","2001","Both sexes","78.44","78.38","78.50"
"5958","SOM","2006","Both sexes","49.83","48.54","51.33"
"5959","JOR","2007","Male","76.56","76.01","77.16"
"5960","GTM","2006","Both sexes","69.86","69.52","70.18"
"5961","CAN","2017","Both sexes","81.71","81.71","81.78"
"5962","SYR","2019","Both sexes","69.17","68.49","69.90"
"5963","PER","2016","Female","81.84","81.34","82.37"
"5964","ZMB","2012","Male","56.35","55.61","57.27"
"5965","NAM","2007","Male","53.97","53.04","55.00"
"5966","FIN","2015","Female","83.86","83.84","83.95"
"5967","BFA","2012","Female","61.82","61.12","62.60"
"5968","CRI","2010","Male","76.96","76.87","77.12"
"5969","PER","2006","Both sexes","78.11","77.63","78.49"
"5970","SLB","2004","Female","66.38","65.59","67.21"
"5971","LAO","2009","Both sexes","63.80","63.22","64.63"
"5972","MWI","2011","Male","55.72","54.98","56.56"
"5973","TUR","2012","Female","79.73","79.34","80.17"
"5974","COL","2017","Both sexes","77.79","77.60","78.06"
"5975","IDN","2009","Both sexes","69.02","68.56","69.58"
"5976","BWA","2019","Male","62.74","61.66","64.04"
"5977","BHR","2001","Male","69.61","69.41","69.91"
"5978","AUT","2013","Both sexes","80.91","80.89","80.99"
"5979","TUR","2013","Female","79.73","79.45","80.16"
"5980","POL","2011","Female","80.67","80.66","80.75"
"5981","MUS","2015","Female","77.46","77.31","77.69"
"5982","BFA","2014","Both sexes","60.46","59.63","61.33"
"5983","VNM","2010","Both sexes","72.49","72.15","72.95"
"5984","VNM","2001","Female","76.19","75.78","76.73"
"5985","GRC","2004","Female","81.67","81.66","81.75"
"5986","CRI","2011","Male","77.89","77.81","78.05"
"5987","IRQ","2010","Female","73.67","72.88","74.48"
"5988","MDV","2004","Both sexes","71.35","71.10","71.68"
"5989","AGO","2001","Female","52.53","51.56","53.53"
"5990","HRV","2016","Female","81.34","81.27","81.48"
"5991","MAR","2012","Both sexes","72.78","72.08","73.53"
"5992","VEN","2012","Male","70.17","70.09","70.29"
"5993","POL","2008","Female","79.72","79.72","79.81"
"5994","CIV","2020","Male","61.00","59.87","61.97"
"5995","KGZ","2007","Male","63.60","63.25","63.89"
"5996","MDG","2018","Both sexes","63.71","62.90","64.79"
"5997","ISL","2007","Male","79.42","79.31","79.61"
"5998","HND","2018","Both sexes","71.31","70.49","72.19"
"5999","KEN","2018","Male","63.63","62.96","64.45"
"6000","MRT","2003","Both sexes","64.84","64.13","65.55"
"6001","PRK","2013","Female","73.64","72.96","74.38"
"6002","TCD","2021","Both sexes","59.09","57.89","60.39"
"6003","BHS","2020","Male","69.21","68.53","69.94"
"6004","ARM","2000","Male","68.25","68.01","68.58"
"6005","SYR","2015","Male","52.85","51.84","53.76"
"6006","MNE","2019","Female","79.73","79.57","79.93"
"6007","THA","2018","Male","73.64","73.15","74.22"
"6008","LBY","2019","Both sexes","73.54","72.97","74.25"
"6009","COL","2006","Male","71.59","71.26","71.99"
"6010","MLI","2012","Male","58.84","57.95","59.73"
"6011","MDG","2020","Both sexes","63.08","62.23","64.05"
"6012","IRN","2012","Female","78.90","78.76","79.08"
"6013","IDN","2017","Female","72.81","72.21","73.60"
"6014","COL","2016","Male","74.87","74.66","75.22"
"6015","FJI","2015","Female","69.94","69.36","70.64"
"6016","TZA","2002","Male","53.25","52.52","54.32"
"6017","FJI","2018","Male","65.81","65.02","66.99"
"6018","MDA","2008","Both sexes","67.81","67.67","68.04"
"6019","KHM","2017","Female","71.78","71.24","72.45"
"6020","PAN","2019","Both sexes","78.97","78.77","79.20"
"6021","BTN","2011","Male","71.13","70.54","71.92"
"6022","THA","2010","Both sexes","75.29","74.89","75.80"
"6023","NOR","2016","Female","83.70","83.68","83.80"
"6024","AZE","2005","Female","70.32","69.86","70.82"
"6025","SWE","2015","Both sexes","81.74","81.73","81.82"
"6026","MLI","2021","Both sexes","61.67","60.85","62.75"
"6027","IRN","2021","Female","76.40","76.28","76.62"
"6028","ECU","2012","Female","78.60","78.30","78.94"
"6029","ZMB","2004","Male","47.39","46.52","48.49"
"6030","BWA","2016","Both sexes","62.99","61.92","64.09"
"6031","YEM","2002","Male","62.54","61.54","63.53"
"6032","BEN","2014","Both sexes","62.37","61.50","63.31"
"6033","IRQ","2005","Female","72.27","71.47","73.21"
"6034","AUT","2015","Male","78.61","78.59","78.69"
"6035","SLV","2013","Male","70.96","70.75","71.21"
"6036","ARE","2014","Female","81.38","81.10","81.74"
"6037","LBR","2017","Female","63.32","62.23","64.32"
"6038","MKD","2001","Female","75.94","75.80","76.12"
"6039","KOR","2003","Male","73.97","73.97","74.04"
"6040","VUT","2008","Male","62.70","62.09","63.37"
"6041","MLI","2021","Male","61.08","60.17","62.11"
"6042","MMR","2011","Male","62.19","61.59","63.00"
"6043","PNG","2015","Male","65.01","64.26","65.92"
"6044","PRI","2002","Female","80.82","80.75","80.95"
"6045","RWA","2001","Female","49.93","48.90","50.97"
"6046","SUR","2007","Both sexes","72.07","71.77","72.44"
"6047","ARE","2002","Female","78.24","77.93","78.60"
"6048","PHL","2015","Both sexes","69.52","69.20","69.92"
"6049","IND","2000","Male","62.18","61.63","62.84"
"6050","DEU","2017","Male","78.51","78.45","78.56"
"6051","USA","2014","Both sexes","78.80","78.75","78.85"
"6052","GNQ","2008","Both sexes","59.27","57.79","60.69"
"6053","IRN","2017","Both sexes","77.48","77.38","77.63"
"6054","LKA","2013","Female","79.08","79.04","79.18"
"6055","FIN","2005","Male","75.61","75.58","75.70"
"6056","URY","2020","Female","81.17","81.09","81.32"
"6057","SVK","2010","Male","71.67","71.63","71.78"
"6058","TGO","2002","Male","54.46","53.65","55.31"
"6059","AUT","2000","Male","75.10","75.07","75.18"
"6060","JAM","2003","Both sexes","73.46","73.25","73.77"
"6061","BRB","2004","Both sexes","74.62","74.39","74.87"
"6062","LUX","2020","Male","80.85","80.72","81.06"
"6063","BHR","2017","Male","74.92","74.71","75.23"
"6064","DNK","2008","Both sexes","78.64","78.61","78.73"
"6065","BEN","2021","Male","61.72","60.81","63.02"
"6066","RWA","2000","Male","45.37","44.40","46.29"
"6067","TUN","2015","Female","79.30","78.70","80.00"
"6068","IRL","2010","Male","78.53","78.50","78.63"
"6069","MYS","2001","Male","71.28","71.24","71.38"
"6070","MLT","2020","Male","80.20","80.06","80.42"
"6071","MDV","2003","Female","73.04","72.75","73.37"
"6072","LCA","2002","Female","76.69","76.50","76.98"
"6073","EGY","2009","Female","72.57","72.37","72.84"
"6074","VNM","2011","Male","68.25","67.83","68.69"
"6075","SRB","2019","Male","73.26","73.21","73.36"
"6076","BRB","2012","Male","75.05","74.80","75.35"
"6077","CRI","2000","Both sexes","78.17","78.07","78.30"
"6078","RUS","2019","Male","68.17","68.11","68.22"
"6079","UZB","2009","Male","63.90","63.53","64.41"
"6080","CAF","2019","Male","50.31","49.23","51.49"
"6081","SDN","2008","Male","64.97","64.08","66.06"
"6082","BRA","2001","Both sexes","71.80","71.55","72.15"
"6083","NZL","2006","Both sexes","79.89","79.86","79.99"
"6084","FRA","2011","Both sexes","81.58","81.52","81.64"
"6085","BIH","2007","Both sexes","76.26","76.19","76.41"
"6086","LCA","2006","Male","71.69","71.36","72.02"
"6087","MDV","2012","Male","74.27","74.00","74.59"
"6088","BEL","2013","Both sexes","80.32","80.31","80.39"
"6089","SVN","2015","Male","77.56","77.47","77.71"
"6090","SAU","2014","Both sexes","77.22","76.97","77.51"
"6091","URY","2004","Female","79.10","79.01","79.24"
"6092","BOL","2008","Male","68.91","68.35","69.66"
"6093","MLI","2012","Female","59.72","58.99","60.59"
"6094","SLE","2001","Male","49.62","48.66","50.93"
"6095","COL","2015","Female","79.99","79.78","80.27"
"6096","HTI","2009","Female","60.61","59.84","61.39"
"6097","ERI","2009","Female","63.29","62.49","64.09"
"6098","SLE","2021","Female","61.89","60.91","63.01"
"6099","LCA","2001","Male","70.28","69.98","70.56"
"6100","HTI","2012","Male","61.58","60.67","62.69"
"6101","IND","2015","Male","67.90","67.50","68.44"
"6102","NZL","2012","Both sexes","81.09","81.06","81.18"
"6103","MWI","2009","Male","53.66","53.07","54.33"
"6104","VCT","2002","Both sexes","72.01","71.76","72.36"
"6105","OMN","2005","Female","77.33","76.87","77.90"
"6106","MAR","2013","Both sexes","72.97","72.34","73.76"
"6107","KEN","2019","Both sexes","66.50","65.75","67.20"
"6108","GRD","2009","Both sexes","70.94","70.72","71.23"
"6109","BIH","2001","Female","78.48","77.98","78.99"
"6110","NZL","2011","Female","82.37","82.35","82.47"
"6111","DEU","2006","Female","82.07","82.01","82.13"
"6112","FJI","2015","Male","65.80","65.19","66.57"
"6113","DNK","2000","Both sexes","76.93","76.91","77.02"
"6114","CAN","2016","Both sexes","81.74","81.74","81.81"
"6115","LKA","2005","Both sexes","73.48","73.33","73.68"
"6116","ROU","2012","Male","70.81","70.76","70.92"
"6117","TZA","2001","Both sexes","53.52","52.71","54.32"
"6118","VEN","2014","Male","69.98","69.90","70.11"
"6119","KHM","2002","Both sexes","60.99","60.43","61.56"
"6120","POL","2016","Both sexes","77.67","77.66","77.74"
"6121","GRD","2020","Both sexes","75.35","74.98","75.77"
"6122","GRD","2013","Female","75.59","75.39","75.87"
"6123","BFA","2013","Female","62.34","61.60","63.15"
"6124","MMR","2017","Male","64.76","63.90","65.64"
"6125","SDN","2007","Male","64.63","63.76","65.58"
"6126","COM","2015","Female","68.48","67.85","69.37"
"6127","LUX","2007","Both sexes","80.26","80.16","80.45"
"6128","UKR","2021","Both sexes","70.91","69.86","71.92"
"6129","GTM","2020","Both sexes","70.96","70.59","71.28"
"6130","TKM","2007","Female","70.17","69.80","70.65"
"6131","SYR","2021","Male","70.56","69.77","71.28"
"6132","NER","2014","Male","58.56","57.36","59.98"
"6133","UGA","2006","Both sexes","55.99","55.36","56.75"
"6134","ARM","2007","Male","68.60","68.41","68.86"
"6135","SYR","2020","Female","74.54","73.96","75.35"
"6136","DZA","2001","Female","73.97","73.63","74.51"
"6137","CRI","2016","Female","82.71","82.63","82.86"
"6138","ARG","2015","Male","73.33","73.32","73.42"
"6139","SUR","2006","Both sexes","71.69","71.41","72.00"
"6140","CIV","2006","Both sexes","54.92","54.18","55.70"
"6141","KAZ","2003","Both sexes","64.78","64.45","65.16"
"6142","BEN","2000","Female","59.38","58.65","60.19"
"6143","GBR","2004","Both sexes","78.68","78.61","78.74"
"6144","NZL","2011","Male","79.08","79.06","79.18"
"6145","MNG","2002","Both sexes","63.99","63.56","64.50"
"6146","FJI","2010","Male","65.48","65.12","65.88"
"6147","HUN","2005","Both sexes","72.85","72.81","72.94"
"6148","IRL","2004","Both sexes","78.39","78.37","78.50"
"6149","MDA","2003","Male","62.41","62.24","62.64"
"6150","GNQ","2015","Male","59.99","58.14","61.49"
"6151","NPL","2000","Male","64.22","63.60","64.97"
"6152","KWT","2015","Female","84.90","84.80","85.05"
"6153","ARG","2000","Male","70.59","70.57","70.68"
"6154","ISL","2002","Both sexes","80.30","80.22","80.50"
"6155","TTO","2008","Both sexes","72.04","71.75","72.37"
"6156","PRK","2015","Both sexes","71.41","70.83","72.04"
"6157","MEX","2002","Male","72.18","72.00","72.42"
"6158","CRI","2012","Male","78.11","78.04","78.25"
"6159","SEN","2016","Male","66.14","65.54","66.89"
"6160","BHS","2007","Female","76.36","76.17","76.70"
"6161","VNM","2008","Male","68.03","67.63","68.47"
"6162","PAK","2014","Female","66.23","65.22","67.09"
"6163","CUB","2016","Male","75.93","75.90","76.03"
"6164","AZE","2007","Male","66.63","66.08","67.26"
"6165","MWI","2001","Female","46.07","44.95","47.40"
"6166","EST","2021","Both sexes","77.13","76.99","77.31"
"6167","GBR","2003","Male","75.98","75.91","76.04"
"6168","CHL","2010","Both sexes","78.83","78.81","78.92"
"6169","NER","2003","Female","53.26","52.46","54.20"
"6170","TON","2007","Female","74.87","74.40","75.50"
"6171","KWT","2021","Female","81.75","81.43","82.17"
"6172","MDG","2016","Male","62.45","61.55","63.52"
"6173","HND","2017","Male","70.00","69.35","70.81"
"6174","ITA","2006","Male","78.31","78.25","78.37"
"6175","GMB","2010","Both sexes","62.36","61.63","63.14"
"6176","AUT","2013","Male","78.42","78.41","78.49"
"6177","GTM","2006","Male","66.49","66.08","66.91"
"6178","TGO","2015","Both sexes","61.52","60.64","62.63"
"6179","PER","2016","Male","78.48","77.93","79.05"
"6180","LVA","2019","Female","79.97","79.87","80.13"
"6181","RUS","2011","Female","75.55","75.53","75.63"
"6182","ATG","2015","Male","73.79","73.52","74.10"
"6183","ITA","2010","Female","84.22","84.16","84.28"
"6184","ETH","2002","Male","53.20","52.52","53.96"
"6185","CHL","2005","Male","75.19","75.17","75.27"
"6186","LKA","2003","Both sexes","73.37","73.29","73.50"
"6187","LVA","2020","Female","79.86","79.76","80.02"
"6188","NOR","2000","Male","75.86","75.84","75.96"
"6189","QAT","2001","Male","68.99","68.51","69.51"
"6190","PNG","2001","Female","64.27","63.64","64.97"
"6191","FJI","2002","Male","64.71","64.44","65.06"
"6192","MOZ","2021","Female","60.55","59.57","61.51"
"6193","BGD","2004","Female","69.34","68.87","69.81"
"6194","EGY","2013","Both sexes","70.47","70.24","70.81"
"6195","MNE","2017","Male","74.22","74.07","74.43"
"6196","CUB","2019","Both sexes","77.66","77.63","77.76"
"6197","SLE","2010","Male","54.17","53.33","55.16"
"6198","TJK","2000","Male","63.38","62.72","64.18"
"6199","NAM","2004","Both sexes","51.65","50.43","52.85"
"6200","PNG","2018","Both sexes","66.52","65.72","67.43"
"6201","IDN","2010","Both sexes","69.24","68.71","69.76"
"6202","BHR","2000","Female","71.27","71.11","71.51"
"6203","KWT","2009","Female","81.50","81.42","81.66"
"6204","GAB","2015","Male","61.58","60.75","62.40"
"6205","OMN","2009","Both sexes","73.06","72.63","73.60"
"6206","ZWE","2011","Male","51.27","50.44","52.08"
"6207","BEL","2014","Male","78.53","78.52","78.61"
"6208","GMB","2006","Male","59.17","58.41","60.14"
"6209","CAN","2002","Female","81.70","81.64","81.77"
"6210","DEU","2004","Female","81.59","81.53","81.65"
"6211","CZE","2009","Male","74.19","74.16","74.27"
"6212","MMR","2014","Male","63.94","63.13","64.76"
"6213","SVN","2017","Male","78.00","77.91","78.17"
"6214","SLE","2019","Female","61.30","60.32","62.43"
"6215","MDG","2005","Male","59.55","58.90","60.27"
"6216","AGO","2013","Both sexes","60.22","59.51","61.31"
"6217","GEO","2007","Both sexes","72.55","72.36","72.84"
"6218","SLB","2009","Female","66.86","66.10","67.59"
"6219","CPV","2015","Male","71.88","71.29","72.66"
"6220","COG","2017","Both sexes","62.84","62.01","63.86"
"6221","SLV","2020","Male","67.13","66.69","67.65"
"6222","DEU","2012","Female","82.84","82.79","82.90"
"6223","HND","2020","Both sexes","70.33","69.83","70.92"
"6224","NGA","2012","Female","62.11","61.38","63.06"
"6225","ATG","2009","Male","72.89","72.67","73.23"
"6226","IRL","2012","Male","78.40","78.37","78.50"
"6227","ZAF","2013","Male","58.85","58.56","59.17"
"6228","CHN","2004","Both sexes","71.93","71.66","72.29"
"6229","SVK","2021","Male","71.13","71.08","71.26"
"6230","ZMB","2011","Male","55.67","54.78","56.56"
"6231","MYS","2013","Male","73.06","72.82","73.37"
"6232","JPN","2021","Female","87.16","87.15","87.22"
"6233","COD","2006","Male","54.02","53.23","54.92"
"6234","STP","2021","Female","72.81","72.37","73.36"
"6235","KHM","2015","Both sexes","68.67","68.13","69.32"
"6236","PNG","2001","Both sexes","63.37","62.61","64.18"
"6237","SVN","2021","Male","77.54","77.44","77.71"
"6238","UKR","2006","Male","62.19","62.16","62.26"
"6239","ISL","2019","Female","83.90",NULL,NULL
"6240","CHE","2019","Both sexes","83.48","83.46","83.56"
"6241","CAN","2012","Both sexes","81.49","81.49","81.56"
"6242","AUS","2021","Male","81.31","81.28","81.40"
"6243","LBN","2014","Both sexes","78.23","77.88","78.58"
"6244","FIN","2011","Female","83.33","83.31","83.41"
"6245","POL","2017","Both sexes","77.56","77.56","77.63"
"6246","PNG","2020","Female","67.84","67.15","68.49"
"6247","NGA","2003","Female","56.86","55.79","57.80"
"6248","TJK","2005","Both sexes","68.16","67.62","68.69"
"6249","GNQ","2009","Male","59.57","58.07","61.39"
"6250","VEN","2020","Male","68.02","67.27","68.87"
"6251","KWT","2000","Both sexes","77.58","77.46","77.75"
"6252","CPV","2015","Female","77.72","77.38","78.28"
"6253","CYP","2006","Both sexes","79.84","79.63","80.12"
"6254","PRI","2020","Female","83.65","83.53","83.81"
"6255","PAK","2020","Both sexes","65.85","64.89","66.83"
"6256","TUR","2018","Male","75.01","74.60","75.59"
"6257","PRT","2004","Both sexes","78.12","78.11","78.21"
"6258","ERI","2017","Both sexes","63.17","62.30","64.17"
"6259","URY","2014","Both sexes","77.15","77.12","77.25"
"6260","ALB","2014","Female","80.13","79.79","80.58"
"6261","NZL","2014","Both sexes","81.19","81.16","81.29"
"6262","ZAF","2006","Male","50.36","50.06","50.75"
"6263","ETH","2008","Female","62.32","61.80","62.83"
"6264","TLS","2020","Female","70.72","70.02","71.38"
"6265","IRN","2004","Male","72.74","72.47","73.06"
"6266","ITA","2017","Male","80.39","80.34","80.45"
"6267","CMR","2002","Both sexes","52.90","52.02","53.89"
"6268","NIC","2010","Both sexes","77.07","76.77","77.35"
"6269","VUT","2021","Both sexes","66.35","65.66","67.12"
"6270","LKA","2014","Male","72.99","72.95","73.09"
"6271","ERI","2017","Male","60.36","59.46","61.32"
"6272","CMR","2003","Male","51.90","51.06","52.65"
"6273","IDN","2012","Male","68.07","67.44","68.73"
"6274","FIN","2012","Both sexes","80.38","80.35","80.46"
"6275","MLI","2015","Female","60.63","59.87","61.62"
"6276","COD","2008","Both sexes","56.32","55.45","57.23"
"6277","PAN","2017","Both sexes","78.33","78.15","78.60"
"6278","ZWE","2014","Female","58.89","58.02","59.95"
"6279","GNB","2005","Female","54.39","53.42","55.35"
"6280","AZE","2020","Male","67.52","67.15","67.94"
"6281","DNK","2019","Female","83.06","83.03","83.16"
"6282","TGO","2012","Female","62.61","62.00","63.47"
"6283","MYS","2005","Both sexes","74.06","74.05","74.14"
"6284","NPL","2021","Male","68.27","67.48","68.94"
"6285","LUX","2021","Both sexes","82.78","82.64","82.98"
"6286","TKM","2020","Male","64.89","64.14","65.74"
"6287","AUT","2003","Female","81.22","81.21","81.30"
"6288","GTM","2011","Male","68.60","68.23","68.96"
"6289","MLT","2004","Male","76.67","76.57","76.84"
"6290","VCT","2015","Both sexes","72.79","72.53","73.08"
"6291","PRT","2014","Female","83.86","83.85","83.93"
"6292","PER","2014","Male","78.47","77.97","79.04"
"6293","CPV","2014","Male","71.74","71.18","72.51"
"6294","POL","2004","Male","70.54","70.54","70.60"
"6295","HRV","2018","Both sexes","78.34","78.28","78.46"
"6296","AZE","2005","Both sexes","67.45","67.04","67.97"
"6297","TGO","2019","Both sexes","63.65","62.77","64.53"
"6298","BLZ","2011","Male","71.36","71.14","71.69"
"6299","BDI","2002","Female","49.29","48.46","50.28"
"6300","PRI","2003","Female","80.85","80.77","81.01"
"6301","COG","2006","Both sexes","57.53","56.78","58.46"
"6302","ZWE","2001","Female","46.16","44.62","47.98"
"6303","SWZ","2011","Female","51.13","49.74","52.80"
"6304","AUS","2005","Male","78.53","78.52","78.61"
"6305","MDV","2018","Male","77.21","76.91","77.57"
"6306","MRT","2015","Male","69.48","68.73","70.54"
"6307","SEN","2006","Male","61.50","60.92","62.20"
"6308","SDN","2011","Both sexes","67.07","66.14","68.07"
"6309","CAF","2013","Female","51.72","50.65","53.12"
"6310","DNK","2005","Male","75.96","75.92","76.05"
"6311","ITA","2006","Both sexes","81.06","81.00","81.13"
"6312","NIC","2001","Male","73.06","72.76","73.41"
"6313","ATG","2006","Female","77.65","77.45","77.91"
"6314","PAN","2018","Female","81.64","81.45","81.87"
"6315","NIC","2011","Female","79.73","79.52","80.07"
"6316","MNE","2012","Female","78.53","78.42","78.70"
"6317","CPV","2013","Female","77.87","77.55","78.35"
"6318","GAB","2005","Both sexes","59.69","58.91","60.39"
"6319","BRB","2016","Both sexes","76.32","75.92","76.84"
"6320","UKR","2008","Male","62.20","62.18","62.27"
"6321","DEU","2019","Female","83.19","83.12","83.25"
"6322","TTO","2004","Female","74.30","74.00","74.64"
"6323","ARM","2018","Male","70.97","70.82","71.19"
"6324","GTM","2008","Both sexes","71.01","70.68","71.44"
"6325","TJK","2010","Male","68.11","67.52","68.73"
"6326","USA","2013","Both sexes","78.76","78.71","78.81"
"6327","LVA","2017","Female","79.53","79.43","79.69"
"6328","NIC","2015","Male","75.62","75.31","75.95"
"6329","SYC","2016","Female","76.60","76.41","76.86"
"6330","LBY","2018","Both sexes","73.53","72.91","74.29"
"6331","ERI","2002","Female","60.24","59.52","61.30"
"6332","LUX","2006","Both sexes","79.91","79.82","80.08"
"6333","MDG","2013","Male","62.06","61.16","63.16"
"6334","PAK","2020","Female","67.03","66.10","67.86"
"6335","ARG","2019","Both sexes","77.02","77.01","77.09"
"6336","SDN","2002","Both sexes","63.22","62.44","64.28"
"6337","BHS","2015","Both sexes","72.92","72.60","73.29"
"6338","CHL","2021","Male","76.69","76.63","76.81"
"6339","NLD","2007","Female","82.10","82.09","82.17"
"6340","KHM","2010","Both sexes","66.74","66.22","67.33"
"6341","LCA","2005","Both sexes","74.35","74.05","74.64"
"6342","NER","2007","Female","57.10","56.05","58.14"
"6343","BEN","2000","Male","55.40","54.70","56.44"
"6344","HTI","2006","Male","59.76","58.76","60.77"
"6345","NGA","2021","Female","64.78","63.68","65.98"
"6346","TUN","2002","Female","77.44","76.89","77.97"
"6347","JAM","2010","Male","71.92","71.68","72.21"
"6348","SUR","2006","Male","68.84","68.49","69.16"
"6349","TZA","2001","Male","52.51","51.63","53.47"
"6350","GEO","2011","Male","67.58","67.43","67.78"
"6351","LBR","2009","Female","60.41","59.39","61.25"
"6352","JPN","2002","Female","85.34","85.29","85.39"
"6353","DZA","2020","Female","75.16","74.73","75.61"
"6354","UGA","2019","Male","62.82","62.04","63.62"
"6355","DJI","2010","Female","63.62","62.53","64.96"
"6356","NER","2009","Male","57.12","56.18","58.32"
"6357","BHS","2015","Male","69.80","69.45","70.20"
"6358","MWI","2020","Both sexes","63.46","62.57","64.29"
"6359","SDN","2016","Female","69.79","69.01","70.69"
"6360","PAN","2010","Both sexes","76.99","76.81","77.28"
"6361","JOR","2001","Female","72.15","71.73","72.71"
"6362","KAZ","2004","Both sexes","65.12","64.83","65.47"
"6363","GAB","2001","Both sexes","57.71","56.97","58.71"
"6364","THA","2004","Male","68.70","68.18","69.24"
"6365","KOR","2011","Both sexes","80.95","80.89","81.02"
"6366","BGR","2016","Both sexes","74.77","74.66","74.95"
"6367","VNM","2007","Male","67.99","67.66","68.37"
"6368","WSM","2014","Both sexes","70.13","69.52","70.72"
"6369","SDN","2004","Female","65.39","64.45","66.29"
"6370","ZAF","2000","Male","54.15","53.88","54.62"
"6371","VNM","2015","Male","68.71","68.27","69.32"
"6372","IRQ","2016","Male","67.54","66.54","68.40"
"6373","FIN","2013","Both sexes","80.68","80.65","80.78"
"6374","BTN","2019","Male","72.87","72.19","73.50"
"6375","GRD","2012","Both sexes","72.68","72.45","72.97"
"6376","CMR","2007","Male","53.68","52.85","54.57"
"6377","CIV","2007","Female","57.97","57.14","58.94"
"6378","HRV","2002","Male","71.32","71.26","71.44"
"6379","GMB","2017","Both sexes","64.32","63.55","65.22"
"6380","GRD","2015","Female","75.57","75.33","75.84"
"6381","SAU","2020","Female","77.92","77.47","78.45"
"6382","IDN","2004","Male","65.20","64.64","65.70"
"6383","KEN","2005","Female","57.78","56.94","58.58"
"6384","CRI","2003","Female","81.02","80.91","81.14"
"6385","CMR","2004","Male","52.38","51.46","53.26"
"6386","ALB","2021","Both sexes","76.39","76.06","76.87"
"6387","ISR","2017","Both sexes","82.38","82.37","82.46"
"6388","MNE","2017","Both sexes","77.15","77.03","77.34"
"6389","KOR","2006","Both sexes","78.97","78.90","79.04"
"6390","IRQ","2014","Both sexes","70.23","69.36","71.03"
"6391","COD","2012","Female","60.14","59.34","61.03"
"6392","NAM","2018","Female","66.22","65.33","67.48"
"6393","LBY","2019","Male","71.47","70.81","72.25"
"6394","TZA","2016","Female","67.25","66.56","67.93"
"6395","JAM","2007","Female","74.15","73.96","74.39"
"6396","ECU","2009","Both sexes","74.93","74.56","75.38"
"6397","MAR","2010","Male","71.69","70.86","72.73"
"6398","BLZ","2005","Female","75.12","74.98","75.32"
"6399","ATG","2002","Both sexes","74.99","74.74","75.25"
"6400","MDV","2009","Both sexes","74.43","74.20","74.76"
"6401","NER","2001","Both sexes","50.90","49.82","51.97"
"6402","LSO","2012","Male","46.32","45.32","47.42"
"6403","LBR","2002","Female","55.11","54.24","56.20"
"6404","TUN","2001","Male","72.07","71.52","72.65"
"6405","CYP","2008","Female","82.73","82.60","82.93"
"6406","VEN","2011","Male","70.59","70.52","70.70"
"6407","HUN","2009","Female","78.15","78.11","78.24"
"6408","ESP","2004","Both sexes","80.00","79.93","80.06"
"6409","SUR","2007","Male","69.15","68.87","69.51"
"6410","SWE","2011","Male","79.68","79.60","79.75"
"6411","ARE","2003","Both sexes","78.56","78.18","79.11"
"6412","SGP","2000","Male","76.26","76.23","76.35"
"6413","CRI","2020","Both sexes","79.99","79.91","80.14"
"6414","GHA","2008","Male","59.02","58.44","59.72"
"6415","JPN","2002","Both sexes","82.10","82.05","82.16"
"6416","GBR","2009","Female","81.97","81.91","82.02"
"6417","MLI","2017","Both sexes","61.02","60.25","62.01"
"6418","RWA","2007","Both sexes","60.83","60.01","61.59"
"6419","GNQ","2021","Both sexes","61.61","60.06","63.29"
"6420","BRA","2019","Female","78.73","78.54","78.97"
"6421","GNQ","2000","Both sexes","54.03","52.64","55.22"
"6422","TJK","2012","Female","72.89","72.53","73.38"
"6423","EST","2021","Male","72.83","72.71","73.01"
"6424","AUS","2012","Male","80.36","80.29","80.44"
"6425","SDN","2015","Male","67.13","66.18","68.06"
"6426","ITA","2003","Female","82.45","82.39","82.50"
"6427","MRT","2017","Both sexes","69.81","68.98","70.64"
"6428","KWT","2013","Female","84.44","84.35","84.59"
"6429","MDG","2009","Both sexes","62.25","61.65","63.00"
"6430","CUB","2000","Female","78.96","78.92","79.07"
"6431","SVK","2021","Both sexes","74.51","74.45","74.62"
"6432","TKM","2000","Both sexes","65.57","65.00","66.20"
"6433","KWT","2012","Both sexes","81.34","81.24","81.51"
"6434","SWE","2000","Male","77.28","77.27","77.36"
"6435","SRB","2008","Both sexes","73.83","73.79","73.96"
"6436","ARE","2019","Male","80.98","80.45","81.68"
"6437","GUY","2019","Male","65.58","64.65","66.65"
"6438","ISR","2005","Male","77.69","77.67","77.79"
"6439","MDG","2012","Both sexes","62.96","62.31","63.89"
"6440","SEN","2011","Female","67.54","67.03","68.08"
"6441","SOM","2009","Both sexes","50.67","49.32","51.91"
"6442","FRA","2008","Male","77.60","77.54","77.66"
"6443","MYS","2007","Male","72.49","72.47","72.57"
"6444","BEN","2004","Both sexes","58.87","58.01","59.76"
"6445","CZE","2005","Both sexes","76.00","75.97","76.10"
"6446","URY","2017","Female","80.80","80.75","80.90"
"6447","SVN","2002","Both sexes","76.50","76.42","76.66"
"6448","FIN","2010","Both sexes","79.87","79.84","79.95"
"6449","THA","2010","Male","72.14","71.68","72.64"
"6450","SLV","2018","Male","69.84","69.60","70.14"
"6451","LKA","2006","Female","77.65","77.40","78.01"
"6452","POL","2008","Male","71.17","71.16","71.23"
"6453","HRV","2016","Both sexes","78.29","78.23","78.42"
"6454","AGO","2011","Male","56.61","55.68","57.72"
"6455","SLB","2007","Female","66.44","65.67","67.33"
"6456","SVK","2003","Both sexes","73.78","73.73","73.90"
"6457","BOL","2006","Male","68.20","67.54","68.88"
"6458","MMR","2018","Female","71.79","71.16","72.68"
"6459","AZE","2021","Male","70.50","70.15","70.96"
"6460","MEX","2002","Female","76.99","76.85","77.18"
"6461","NZL","2002","Male","76.43","76.40","76.54"
"6462","COM","2012","Both sexes","66.40","65.45","67.50"
"6463","KEN","2005","Both sexes","56.40","55.76","57.23"
"6464","SVK","2014","Male","73.25","73.20","73.37"
"6465","EGY","2004","Male","66.50","66.09","66.89"
"6466","KAZ","2020","Female","75.34","75.20","75.57"
"6467","BRN","2015","Male","75.24","74.98","75.53"
"6468","KWT","2018","Both sexes","82.94","82.85","83.08"
"6469","MMR","2019","Female","72.04","71.25","72.83"
"6470","TON","2012","Both sexes","72.24","71.73","72.94"
"6471","GHA","2011","Male","60.27","59.77","60.96"
"6472","MEX","2008","Male","72.53","72.39","72.73"
"6473","JAM","2020","Male","70.10","69.08","71.08"
"6474","RUS","2018","Female","77.58","77.52","77.63"
"6475","EST","2003","Female","77.15","77.05","77.30"
"6476","COG","2002","Both sexes","53.81","52.78","54.69"
"6477","STP","2015","Both sexes","70.56","70.09","71.25"
"6478","LAO","2014","Male","64.24","63.26","65.10"
"6479","POL","2001","Female","78.24","78.22","78.33"
"6480","SEN","2018","Both sexes","68.44","67.78","69.23"
"6481","MNE","2005","Male","71.57","71.40","71.80"
"6482","ALB","2009","Both sexes","75.56","75.10","76.01"
"6483","NAM","2001","Male","50.46","49.44","51.59"
"6484","MOZ","2010","Male","51.05","50.43","51.90"
"6485","MDA","2017","Female","76.63","76.46","76.82"
"6486","LBR","2019","Female","64.20","63.01","65.46"
"6487","SDN","2015","Both sexes","68.33","67.20","69.39"
"6488","BIH","2008","Female","79.63","79.55","79.80"
"6489","BLR","2014","Male","67.78","67.74","67.88"
"6490","BDI","2008","Both sexes","57.79","56.97","58.71"
"6491","SWE","2017","Both sexes","82.08","82.07","82.17"
"6492","BLR","2002","Female","74.03","73.97","74.18"
"6493","IRL","2007","Both sexes","79.36","79.33","79.46"
"6494","BGR","2014","Male","71.02","70.88","71.20"
"6495","HND","2003","Male","69.28","68.50","70.21"
"6496","CUB","2010","Both sexes","77.83","77.79","77.94"
"6497","LSO","2016","Male","47.38","46.32","48.61"
"6498","SWZ","2020","Male","52.80","51.61","53.90"
"6499","UGA","2013","Both sexes","62.72","62.10","63.56"
"6500","TUN","2012","Female","79.01","78.37","79.79"
"6501","LBN","2004","Male","75.47","75.07","76.07"
"6502","BOL","2000","Male","65.06","64.52","65.71"
"6503","SWE","2012","Male","79.72","79.72","79.80"
"6504","SWE","2013","Female","83.31","83.31","83.39"
"6505","VEN","2013","Female","78.96","78.90","79.11"
"6506","DEU","2016","Female","83.00","82.93","83.06"
"6507","GEO","2005","Female","76.01","75.81","76.28"
"6508","TKM","2006","Male","61.91","61.50","62.33"
"6509","JAM","2006","Female","76.38","76.19","76.65"
"6510","SVN","2006","Both sexes","78.04","77.94","78.20"
"6511","CPV","2012","Both sexes","74.46","74.00","75.07"
"6512","IND","2013","Female","70.20","69.77","70.74"
"6513","TTO","2011","Female","76.95","76.65","77.31"
"6514","MYS","2021","Female","75.32","75.18","75.61"
"6515","FRA","2018","Female","85.04","85.03","85.11"
"6516","DNK","2015","Male","78.80","78.78","78.89"
"6517","EGY","2010","Female","72.57","72.34","72.85"
"6518","FSM","2014","Female","68.14","67.43","68.86"
"6519","LCA","2010","Male","72.41","72.08","72.75"
"6520","KOR","2008","Female","83.12","83.05","83.18"
"6521","KGZ","2012","Male","66.04","65.76","66.39"
"6522","NZL","2007","Female","81.99","81.96","82.08"
"6523","NZL","2016","Both sexes","81.73","81.71","81.81"
"6524","GAB","2015","Female","66.88","65.96","68.09"
"6525","SVN","2000","Male","72.17","72.06","72.32"
"6526","BGD","2009","Female","71.60","71.22","72.07"
"6527","OMN","2011","Both sexes","73.22","72.85","73.62"
"6528","KGZ","2004","Both sexes","66.99","66.62","67.33"
"6529","ATG","2001","Male","72.36","72.11","72.73"
"6530","ETH","2015","Male","65.42","64.70","66.18"
"6531","TLS","2005","Female","66.46","65.81","67.15"
"6532","CIV","2019","Male","61.19","60.07","62.60"
"6533","MOZ","2004","Both sexes","51.82","50.92","52.63"
"6534","NLD","2004","Male","76.82","76.82","76.90"
"6535","LBY","2011","Both sexes","71.44","71.05","71.88"
"6536","JAM","2010","Both sexes","73.96","73.75","74.22"
"6537","MMR","2012","Female","69.17","68.61","69.90"
"6538","UKR","2014","Both sexes","70.89","70.86","70.97"
"6539","NZL","2005","Male","77.86","77.83","77.96"
"6540","SEN","2006","Both sexes","63.07","62.59","63.71"
"6541","TUR","2003","Male","71.59","71.00","72.11"
"6542","MDA","2006","Male","62.62","62.48","62.89"
"6543","SLE","2001","Both sexes","50.95","49.96","51.96"
"6544","FRA","2000","Female","82.52","82.46","82.57"
"6545","ESP","2013","Male","79.73","79.67","79.79"
"6546","EGY","2008","Female","72.51","72.25","72.77"
"6547","ECU","2009","Female","78.12","77.86","78.54"
"6548","KIR","2001","Male","56.98","56.21","58.01"
"6549","CHN","2014","Female","79.41","79.07","79.83"
"6550","AGO","2010","Female","60.07","59.31","60.80"
"6551","HND","2021","Both sexes","68.96","68.37","69.62"
"6552","VUT","2016","Female","70.49","70.08","70.93"
"6553","GHA","2016","Male","62.17","61.43","62.90"
"6554","HRV","2004","Male","72.04","71.98","72.16"
"6555","BIH","2014","Both sexes","77.18","77.10","77.35"
"6556","TON","2015","Female","75.21","74.64","76.05"
"6557","ROU","2018","Female","78.87","78.84","78.97"
"6558","UKR","2001","Both sexes","67.71","67.65","67.84"
"6559","CIV","2005","Female","55.92","54.92","57.05"
"6560","DJI","2000","Both sexes","59.52","58.47","60.61"
"6561","BIH","2015","Both sexes","77.00","76.93","77.13"
"6562","DJI","2004","Both sexes","59.75","58.65","61.19"
"6563","GAB","2018","Male","62.28","61.26","63.48"
"6564","MDA","2003","Female","69.99","69.84","70.25"
"6565","HRV","2008","Female","79.63","79.58","79.77"
"6566","TON","2012","Female","75.05","74.50","75.74"
"6567","HUN","2006","Male","69.12","69.08","69.21"
"6568","AZE","2010","Female","72.42","72.03","72.83"
"6569","TLS","2018","Male","66.89","66.04","68.04"
"6570","JOR","2006","Male","76.26","75.77","76.75"
"6571","MYS","2002","Both sexes","73.78","73.74","73.87"
"6572","TUR","2012","Both sexes","76.84","76.50","77.27"
"6573","TTO","2006","Male","69.22","68.95","69.58"
"6574","BLR","2001","Both sexes","68.38","68.30","68.52"
"6575","PAK","2018","Female","67.50","66.70","68.50"
"6576","BDI","2004","Both sexes","49.43","48.66","50.20"
"6577","TJK","2012","Both sexes","70.97","70.49","71.45"
"6578","NLD","2009","Male","78.52","78.51","78.60"
"6579","MEX","2010","Both sexes","74.95","74.82","75.14"
"6580","DJI","2006","Female","62.07","60.93","63.31"
"6581","QAT","2010","Male","72.62","72.16","73.18"
"6582","THA","2017","Female","80.79","80.51","81.22"
"6583","IDN","2002","Female","68.93","68.46","69.40"
"6584","GAB","2013","Male","60.92","60.06","61.89"
"6585","IRL","2018","Male","80.00","79.95","80.12"
"6586","GUY","2019","Both sexes","68.73","67.97","69.49"
"6587","BIH","2021","Both sexes","74.85","74.51","75.45"
"6588","OMN","2011","Male","71.01","70.63","71.48"
"6589","ETH","2007","Both sexes","59.73","59.18","60.30"
"6590","HND","2004","Both sexes","70.34","69.54","71.41"
"6591","KEN","2012","Both sexes","62.62","62.04","63.26"
"6592","MLT","2011","Both sexes","80.72","80.63","80.90"
"6593","FJI","2016","Male","65.74","65.06","66.60"
"6594","QAT","2019","Male","78.49","77.96","79.18"
"6595","CUB","2019","Female","80.12","80.08","80.22"
"6596","TUR","2006","Male","72.85","72.44","73.34"
"6597","IRL","2020","Female","83.47","83.43","83.57"
"6598","MDA","2018","Female","76.81","76.60","77.05"
"6599","LKA","2013","Both sexes","75.82","75.78","75.92"
"6600","NAM","2020","Male","60.30","59.38","61.18"
"6601","KOR","2010","Male","77.07","77.00","77.13"
"6602","BRA","2004","Female","76.03","75.81","76.33"
"6603","PAK","2005","Male","61.50","60.66","62.26"
"6604","AUS","2013","Both sexes","82.46","82.46","82.53"
"6605","TZA","2015","Female","66.80","66.15","67.51"
"6606","GAB","2003","Both sexes","58.22","57.39","59.07"
"6607","CHL","2019","Both sexes","81.03","81.00","81.12"
"6608","IRQ","2020","Male","67.09","66.43","67.81"
"6609","HND","2003","Female","71.22","70.43","71.96"
"6610","GNB","2006","Male","50.60","49.85","51.64"
"6611","UGA","2002","Female","52.51","51.48","53.49"
"6612","GRD","2007","Both sexes","71.03","70.85","71.36"
"6613","GAB","2009","Both sexes","61.23","60.48","62.18"
"6614","ATG","2012","Both sexes","75.66","75.44","76.00"
"6615","ECU","2015","Female","79.66","79.37","80.03"
"6616","BTN","2005","Female","70.18","69.60","70.87"
"6617","GBR","2006","Female","81.24","81.18","81.31"
"6618","GIN","2021","Female","62.48","61.49","63.61"
"6619","GHA","2013","Female","66.20","65.58","66.84"
"6620","AGO","2011","Both sexes","58.75","57.81","59.66"
"6621","COL","2011","Both sexes","76.69","76.41","77.02"
"6622","GNB","2014","Both sexes","57.18","56.19","58.12"
"6623","PAK","2005","Both sexes","61.99","61.35","62.83"
"6624","CMR","2006","Both sexes","54.53","53.67","55.41"
"6625","PSE","2009","Female","73.76","73.52","74.10"
"6626","KAZ","2007","Both sexes","65.80","65.57","66.17"
"6627","SGP","2015","Male","80.75","80.73","80.84"
"6628","CHN","2009","Both sexes","74.39","74.09","74.74"
"6629","SSD","2012","Male","57.46","56.19","58.67"
"6630","SLV","2000","Male","67.29","66.98","67.69"
"6631","ALB","2010","Male","74.20","73.80","74.71"
"6632","SLB","2020","Both sexes","65.39","64.63","66.42"
"6633","NER","2020","Both sexes","60.39","59.21","61.55"
"6634","IND","2003","Both sexes","64.58","64.09","65.27"
"6635","ITA","2004","Both sexes","80.53","80.47","80.59"
"6636","GUY","2009","Both sexes","66.09","65.58","66.59"
"6637","ISR","2004","Female","81.65","81.63","81.74"
"6638","PSE","2003","Male","66.03","65.70","66.50"
"6639","STP","2012","Female","70.85","70.49","71.52"
"6640","MAR","2000","Female","71.11","70.50","71.91"
"6641","CAN","2002","Male","77.03","77.02","77.10"
"6642","FJI","2004","Female","69.41","69.12","69.72"
"6643","IRN","2018","Female","79.31","79.20","79.47"
"6644","PNG","2011","Male","64.12","63.41","64.90"
"6645","COM","2017","Both sexes","67.83","66.92","68.81"
"6646","HUN","2013","Female","78.90","78.87","79.01"
"6647","LBR","2020","Both sexes","63.46","62.49","64.72"
"6648","MNE","2017","Female","79.98","79.88","80.19"
"6649","BRN","2018","Male","75.17","74.88","75.52"
"6650","HUN","2014","Male","72.21","72.17","72.32"
"6651","SVK","2017","Female","80.38","80.34","80.51"
"6652","MLI","2016","Both sexes","60.64","59.78","61.65"
"6653","AZE","2017","Male","72.22","71.87","72.58"
"6654","ARM","2009","Male","68.59","68.45","68.83"
"6655","DZA","2019","Female","77.08","76.77","77.48"
"6656","RUS","2001","Both sexes","65.10","65.05","65.19"
"6657","SVN","2019","Female","84.04","83.89","84.26"
"6658","AUS","2018","Male","81.16","81.09","81.23"
"6659","GTM","2014","Both sexes","71.98","71.71","72.31"
"6660","SGP","2014","Male","80.46","80.43","80.55"
"6661","MDG","2007","Both sexes","61.67","60.90","62.51"
"6662","AUT","2001","Male","75.58","75.56","75.67"
"6663","SRB","2007","Both sexes","73.58","73.49","73.71"
"6664","SGP","2001","Male","76.85","76.82","76.95"
"6665","MOZ","2018","Both sexes","57.94","57.03","59.12"
"6666","HRV","2010","Male","73.56","73.51","73.68"
"6667","ARG","2008","Male","72.22","72.21","72.31"
"6668","MNG","2011","Both sexes","67.30","66.99","67.69"
"6669","PRT","2014","Male","77.76","77.75","77.83"
"6670","ZMB","2013","Female","61.37","60.44","62.49"
"6671","VCT","2017","Male","70.97","70.70","71.30"
"6672","KHM","2021","Both sexes","68.92","68.30","69.78"
"6673","STP","2015","Male","69.16","68.61","69.79"
"6674","CAN","2003","Female","81.89","81.88","81.95"
"6675","ZAF","2009","Male","52.96","52.70","53.37"
"6676","URY","2005","Male","71.77","71.68","71.92"
"6677","IND","2021","Both sexes","67.31","66.89","67.84"
"6678","AZE","2008","Female","71.51","71.15","71.95"
"6679","BDI","2002","Both sexes","46.77","45.89","47.79"
"6680","MMR","2020","Both sexes","68.87","68.28","69.66"
"6681","CUB","2001","Male","74.82","74.77","74.92"
"6682","CUB","2017","Female","80.00","79.97","80.10"
"6683","GRC","2017","Female","82.86","82.84","82.94"
"6684","ERI","2012","Male","58.36","57.40","59.56"
"6685","DJI","2009","Both sexes","61.71","60.58","62.98"
"6686","IRN","2013","Male","75.66","75.56","75.83"
"6687","CUB","2020","Female","80.10","80.05","80.22"
"6688","DNK","2004","Female","79.89","79.87","79.98"
"6689","MNE","2009","Female","77.80","77.70","78.00"
"6690","LSO","2015","Both sexes","48.84","47.73","50.09"
"6691","DZA","2006","Both sexes","74.35","73.96","74.78"
"6692","SYC","2014","Male","70.16","69.98","70.41"
"6693","AUS","2019","Female","84.57","84.56","84.64"
"6694","SLB","2013","Both sexes","64.85","63.93","65.66"
"6695","IDN","2000","Male","65.99","65.50","66.54"
"6696","NOR","2003","Both sexes","79.40","79.37","79.49"
"6697","RUS","2017","Male","67.30","67.25","67.35"
"6698","VCT","2008","Female","75.78","75.51","76.04"
"6699","MKD","2013","Both sexes","75.43","75.33","75.61"
"6700","PRT","2016","Male","77.85","77.84","77.93"
"6701","TTO","2021","Both sexes","71.71","70.80","72.67"
"6702","LSO","2014","Both sexes","48.68","47.27","49.88"
"6703","POL","2006","Both sexes","75.12","75.05","75.18"
"6704","SWZ","2015","Male","49.12","47.85","50.54"
"6705","EGY","2021","Female","71.71","71.17","72.18"
"6706","PAK","2003","Male","61.64","60.88","62.54"
"6707","ITA","2012","Female","84.06","84.00","84.12"
"6708","ATG","2011","Male","73.24","73.00","73.53"
"6709","WSM","2013","Female","71.62","71.03","72.24"
"6710","GBR","2021","Male","78.27","78.27","78.35"
"6711","SVK","2016","Both sexes","77.15","77.09","77.26"
"6712","BWA","2019","Female","66.95","65.68","68.32"
"6713","TUN","2014","Both sexes","76.70","75.98","77.46"
"6714","KWT","2012","Female","83.89","83.81","84.05"
"6715","FJI","2017","Male","65.82","65.01","66.77"
"6716","UKR","2019","Female","77.81","77.26","78.58"
"6717","PRY","2000","Male","72.31","71.69","73.01"
"6718","URY","2015","Male","73.31","73.27","73.42"
"6719","MDG","2008","Female","63.13","62.40","63.92"
"6720","IRL","2011","Both sexes","80.39","80.36","80.48"
"6721","KWT","2003","Both sexes","78.76","78.66","78.94"
"6722","JPN","2013","Male","80.56","80.51","80.61"
"6723","SSD","2000","Male","49.83","48.71","51.20"
"6724","COM","2008","Female","66.34","65.44","67.48"
"6725","MOZ","2001","Male","49.24","48.47","50.15"
"6726","KOR","2017","Female","85.98","85.98","86.05"
"6727","ARM","2017","Both sexes","75.18","75.05","75.39"
"6728","NLD","2021","Male","79.58","79.56","79.67"
"6729","ATG","2017","Male","73.88","73.64","74.19"
"6730","SVK","2010","Both sexes","75.45","75.39","75.56"
"6731","MAR","2015","Female","74.08","73.48","74.70"
"6732","IRL","2021","Male","79.87","79.83","79.97"
"6733","BLR","2011","Both sexes","70.57","70.54","70.67"
"6734","NLD","2018","Both sexes","81.90","81.88","81.97"
"6735","COL","2003","Both sexes","73.54","73.25","73.88"
"6736","ESP","2012","Male","79.16","79.10","79.22"
"6737","ISL","2017","Female","83.75",NULL,NULL
"6738","KHM","2011","Both sexes","67.25","66.73","67.77"
"6739","ARM","2003","Both sexes","71.71","71.52","71.99"
"6740","NLD","2011","Female","82.62","82.61","82.70"
"6741","IRQ","2009","Male","67.72","66.78","68.75"
"6742","ROU","2019","Both sexes","75.46","75.42","75.57"
"6743","NZL","2013","Female","83.08","83.06","83.16"
"6744","GNB","2010","Male","53.17","52.31","54.11"
"6745","STP","2017","Female","72.74","72.23","73.32"
"6746","AGO","2008","Male","54.20","53.24","55.24"
"6747","TJK","2014","Both sexes","72.02","71.60","72.52"
"6748","ROU","2010","Male","70.06","70.01","70.17"
"6749","AZE","2016","Both sexes","73.97","73.63","74.40"
"6750","LVA","2012","Female","78.62","78.54","78.78"
"6751","CZE","2004","Male","72.49","72.46","72.58"
"6752","SYC","2004","Female","76.49","76.30","76.72"
"6753","NAM","2002","Both sexes","51.74","50.66","52.85"
"6754","PRY","2017","Male","72.65","72.05","73.34"
"6755","BIH","2017","Both sexes","77.25","77.17","77.41"
"6756","POL","2007","Female","79.51","79.50","79.60"
"6757","SLE","2009","Female","55.04","54.11","55.95"
"6758","SLE","2019","Male","59.50","58.31","60.86"
"6759","SRB","2021","Female","75.62","75.59","75.73"
"6760","SGP","2002","Male","77.14","77.12","77.23"
"6761","FSM","2006","Female","67.27","66.62","67.93"
"6762","DEU","2018","Female","82.86","82.81","82.92"
"6763","PER","2009","Male","76.61","76.18","77.24"
"6764","BIH","2015","Female","79.41","79.31","79.56"
"6765","ESP","2003","Male","76.17","76.11","76.24"
"6766","POL","2002","Both sexes","74.45","74.45","74.53"
"6767","VCT","2006","Male","70.68","70.35","71.04"
"6768","LBN","2020","Male","74.88","74.39","75.50"
"6769","KHM","2005","Female","66.00","65.45","66.60"
"6770","NPL","2001","Female","67.32","66.91","67.85"
"6771","FIN","2010","Male","76.68","76.66","76.76"
"6772","SYR","2019","Female","73.49","72.90","74.17"
"6773","KHM","2017","Male","66.36","65.71","67.24"
"6774","BLR","2021","Both sexes","73.12","72.67","73.71"
"6775","ISL","2011","Male","80.24","80.12","80.44"
"6776","SOM","2010","Female","52.17","50.99","53.43"
"6777","COD","2017","Both sexes","60.84","59.89","61.71"
"6778","MUS","2021","Male","70.14","69.71","70.65"
"6779","ERI","2013","Both sexes","61.72","60.83","62.46"
"6780","SVN","2007","Both sexes","78.21","78.12","78.38"
"6781","KAZ","2013","Male","65.87","65.66","66.17"
"6782","BDI","2012","Both sexes","61.17","60.61","62.03"
"6783","CAN","2020","Female","83.32","83.31","83.40"
"6784","TLS","2003","Female","65.17","64.54","65.73"
"6785","JPN","2014","Female","86.63","86.58","86.68"
"6786","COL","2007","Both sexes","75.20","74.90","75.55"
"6787","CHN","2005","Male","70.02","69.74","70.38"
"6788","KOR","2003","Female","80.74","80.67","80.81"
"6789","HRV","2013","Male","74.64","74.57","74.78"
"6790","HUN","2019","Male","72.98","72.94","73.08"
"6791","FRA","2016","Male","79.24","79.21","79.32"
"6792","VNM","2012","Female","77.21","76.82","77.84"
"6793","YEM","2017","Male","65.12","64.22","66.16"
"6794","NZL","2015","Female","82.85","82.82","82.94"
"6795","TLS","2001","Both sexes","63.42","62.67","64.37"
"6796","ROU","2017","Male","71.52","71.48","71.63"
"6797","SRB","2010","Female","76.84","76.78","76.99"
"6798","URY","2019","Both sexes","77.01","76.97","77.13"
"6799","GTM","2015","Male","69.28","68.96","69.67"
"6800","MKD","2002","Both sexes","72.91","72.79","73.11"
"6801","DJI","2021","Female","66.73","65.88","67.64"
"6802","PHL","2001","Male","65.93","65.52","66.39"
"6803","GUY","2014","Male","63.34","62.66","64.04"
"6804","PRK","2020","Male","69.33","68.83","70.11"
"6805","PRT","2016","Both sexes","80.90","80.89","80.98"
"6806","SGP","2014","Female","84.71","84.67","84.80"
"6807","LAO","2006","Male","59.89","59.15","60.68"
"6808","ARM","2011","Male","68.88","68.69","69.16"
"6809","UZB","2006","Female","66.75","66.28","67.19"
"6810","SGP","2006","Both sexes","80.98","80.96","81.08"
"6811","VEN","2010","Female","78.86","78.80","78.98"
"6812","CZE","2015","Female","81.32","81.28","81.43"
"6813","NER","2015","Female","60.57","59.50","61.68"
"6814","ALB","2012","Both sexes","77.34","77.03","77.84"
"6815","FSM","2001","Male","61.14","60.45","61.90"
"6816","ESP","2015","Male","79.66","79.60","79.73"
"6817","VCT","2016","Both sexes","72.98","72.74","73.24"
"6818","LTU","2012","Both sexes","73.84","73.77","73.95"
"6819","DEU","2002","Male","75.62","75.56","75.68"
"6820","COM","2011","Both sexes","65.80","64.92","66.81"
"6821","OMN","2019","Male","73.09","72.71","73.65"
"6822","ZAF","2018","Male","61.98","61.67","62.35"
"6823","ISR","2015","Both sexes","81.91","81.91","81.99"
"6824","FIN","2004","Male","75.31","75.28","75.40"
"6825","HRV","2000","Female","78.33","78.18","78.57"
"6826","SVN","2007","Female","81.74","81.61","81.92"
"6827","BHS","2016","Male","69.74","69.30","70.19"
"6828","NLD","2014","Female","83.02","83.00","83.09"
"6829","MDA","2009","Both sexes","68.03","67.91","68.26"
"6830","ARE","2016","Female","81.63","81.36","81.94"
"6831","CHE","2004","Male","78.43","78.41","78.51"
"6832","EST","2004","Male","66.60","66.54","66.76"
"6833","MRT","2004","Female","65.30","64.65","65.90"
"6834","ALB","2000","Female","77.06","76.78","77.41"
"6835","CYP","2021","Male","79.87","79.60","80.21"
"6836","ZMB","2019","Male","59.43","58.38","60.61"
"6837","COL","2021","Both sexes","74.53","74.08","75.07"
"6838","KAZ","2012","Male","64.82","64.61","65.08"
"6839","SUR","2021","Male","66.96","65.90","68.05"
"6840","ARM","2010","Male","68.71","68.53","68.93"
"6841","BGD","2011","Female","72.62","72.22","73.09"
"6842","VEN","2016","Both sexes","72.39","72.26","72.57"
"6843","CZE","2003","Female","78.47","78.44","78.56"
"6844","CRI","2017","Male","77.76","77.68","77.89"
"6845","COM","2015","Both sexes","67.43","66.56","68.34"
"6846","TGO","2013","Female","63.21","62.37","64.22"
"6847","BWA","2000","Male","45.49","44.05","47.11"
"6848","SUR","2010","Both sexes","72.80","72.52","73.13"
"6849","MKD","2010","Female","77.01","76.89","77.21"
"6850","MDG","2018","Male","62.72","61.73","63.97"
"6851","NGA","2021","Both sexes","63.40","62.37","64.65"
"6852","COM","2005","Male","63.40","62.45","64.50"
"6853","BGD","2004","Both sexes","67.37","66.92","67.93"
"6854","DZA","2009","Male","74.53","74.17","74.98"
"6855","LAO","2010","Male","62.20","61.52","63.06"
"6856","LTU","2005","Both sexes","71.10","71.03","71.22"
"6857","ARE","2006","Male","80.09","79.75","80.58"
"6858","UZB","2000","Male","58.91","58.43","59.42"
"6859","CZE","2008","Both sexes","77.15","77.13","77.25"
"6860","UGA","2008","Female","60.31","59.59","61.19"
"6861","SLV","2010","Male","70.57","70.38","70.81"
"6862","ETH","2004","Male","55.14","54.48","55.91"
"6863","KAZ","2009","Male","63.45","63.16","63.77"
"6864","VNM","2000","Female","76.07","75.61","76.56"
"6865","RWA","2007","Female","62.52","61.87","63.29"
"6866","MDA","2011","Female","74.22","74.08","74.41"
"6867","CAF","2010","Male","47.60","46.22","48.78"
"6868","BOL","2013","Female","72.22","71.66","72.98"
"6869","TUR","2004","Both sexes","75.83","75.44","76.33"
"6870","BEL","2001","Male","74.89","74.87","74.97"
"6871","GRD","2005","Female","76.62","76.41","76.94"
"6872","MUS","2017","Male","70.93","70.75","71.14"
"6873","PRK","2004","Both sexes","69.50","68.82","70.24"
"6874","FSM","2009","Both sexes","64.68","64.03","65.45"
"6875","CPV","2008","Male","70.46","69.81","71.28"
"6876","MMR","2010","Both sexes","64.64","64.14","65.44"
"6877","OMN","2017","Female","77.82","77.42","78.23"
"6878","SWZ","2012","Female","52.31","50.94","54.35"
"6879","AGO","2018","Male","60.09","59.08","61.19"
"6880","MLT","2015","Male","79.71","79.62","79.92"
"6881","OMN","2003","Female","76.56","76.14","77.16"
"6882","AFG","2001","Male","53.28","52.30","54.37"
"6883","ALB","2019","Male","76.17","75.80","76.56"
"6884","DZA","2002","Male","71.99","71.45","72.48"
"6885","BFA","2003","Female","55.08","54.45","55.95"
"6886","MEX","2021","Male","67.20","66.99","67.46"
"6887","SWZ","2000","Both sexes","46.78","45.18","48.90"
"6888","COD","2000","Male","50.86","49.99","51.76"
"6889","SLV","2019","Female","78.73","78.55","78.96"
"6890","PRK","2020","Both sexes","72.38","71.74","73.07"
"6891","TUN","2011","Male","74.00","73.17","74.93"
"6892","ARG","2000","Both sexes","74.29","74.27","74.37"
"6893","SLB","2019","Male","63.37","62.49","64.36"
"6894","KIR","2005","Both sexes","61.02","60.24","61.80"
"6895","NGA","2020","Male","61.32","60.13","62.73"
"6896","NPL","2012","Male","68.06","67.33","68.84"
"6897","URY","2012","Both sexes","76.41","76.34","76.53"
"6898","OMN","2003","Both sexes","72.75","72.18","73.39"
"6899","ARG","2015","Both sexes","76.53","76.51","76.61"
"6900","HTI","2015","Female","62.80","61.98","63.73"
"6901","CAN","2019","Both sexes","82.02","82.01","82.09"
"6902","RWA","2018","Female","69.46","68.72","70.38"
"6903","KHM","2013","Male","65.23","64.59","65.92"
"6904","LBY","2009","Both sexes","74.13","73.81","74.50"
"6905","USA","2011","Male","76.47","76.42","76.51"
"6906","CAF","2011","Both sexes","49.47","48.27","50.68"
"6907","CAF","2021","Both sexes","52.31","51.06","53.36"
"6908","TLS","2000","Both sexes","62.87","62.14","63.89"
"6909","ZMB","2014","Male","57.84","56.87","58.96"
"6910","TKM","2016","Female","72.39","71.97","72.92"
"6911","CHL","2004","Male","74.71","74.67","74.79"
"6912","ROU","2006","Male","69.16","69.07","69.30"
"6913","POL","2002","Male","70.27","70.26","70.33"
"6914","COG","2012","Both sexes","61.22","60.39","62.11"
"6915","SDN","2005","Male","63.72","62.80","64.82"
"6916","HTI","2018","Male","63.05","61.98","64.33"
"6917","VUT","2005","Both sexes","65.24","64.55","65.96"
"6918","CRI","2004","Female","81.05","80.97","81.17"
"6919","ECU","2018","Both sexes","77.47","77.16","77.87"
"6920","VEN","2006","Male","70.83","70.75","70.94"
"6921","SLV","2003","Both sexes","73.05","72.80","73.37"
"6922","MYS","2015","Both sexes","74.28","74.25","74.37"
"6923","UGA","2015","Male","60.70","60.03","61.42"
"6924","BRA","2020","Female","77.65","77.49","77.85"
"6925","BGD","2014","Male","71.59","70.97","72.16"
"6926","IRL","2016","Male","79.60","79.56","79.70"
"6927","BTN","2021","Male","73.93","73.25","74.75"
"6928","NZL","2021","Both sexes","82.20","82.17","82.31"
"6929","MLI","2013","Both sexes","59.38","58.53","60.31"
"6930","NLD","2018","Male","80.44","80.37","80.52"
"6931","ZMB","2002","Both sexes","45.80","44.48","46.98"
"6932","IRL","2014","Male","79.13","79.10","79.22"
"6933","MEX","2004","Male","72.69","72.55","72.91"
"6934","YEM","2004","Male","63.56","62.69","64.67"
"6935","NIC","2001","Female","78.84","78.52","79.28"
"6936","MKD","2009","Female","76.71","76.63","76.91"
"6937","DOM","2019","Male","70.87","70.03","71.73"
"6938","BHR","2004","Both sexes","70.93","70.77","71.19"
"6939","CUB","2019","Male","75.30","75.25","75.40"
"6940","CRI","2017","Both sexes","80.20","80.13","80.33"
"6941","ZMB","2002","Female","46.52","45.34","48.00"
"6942","BLZ","2005","Male","69.94","69.77","70.20"
"6943","BOL","2019","Both sexes","72.92","72.13","73.59"
"6944","LVA","2006","Female","75.90","75.82","76.03"
"6945","BRB","2014","Female","77.33","77.10","77.65"
"6946","ZWE","2010","Female","52.80","51.77","53.80"
"6947","SVN","2012","Male","76.87","76.81","77.05"
"6948","EST","2007","Male","67.45","67.35","67.59"
"6949","MRT","2006","Male","66.92","66.25","67.74"
"6950","MUS","2001","Both sexes","71.44","71.30","71.66"
"6951","BEN","2006","Male","57.61","56.80","58.45"
"6952","TTO","2011","Male","71.00","70.72","71.38"
"6953","GMB","2011","Female","64.79","64.07","65.55"
"6954","GBR","2002","Female","80.29","80.22","80.35"
"6955","POL","2003","Male","70.42","70.41","70.48"
"6956","ARE","2005","Male","79.57","79.19","80.11"
"6957","FRA","2007","Male","77.40","77.34","77.47"
"6958","EGY","2016","Male","68.04","67.76","68.39"
"6959","AFG","2007","Both sexes","57.25","56.29","58.42"
"6960","NER","2012","Both sexes","58.92","57.81","60.04"
"6961","ERI","2001","Both sexes","56.20","55.31","57.33"
"6962","POL","2018","Both sexes","77.56","77.56","77.63"
"6963","BEN","2014","Female","64.77","64.04","65.43"
"6964","JPN","2001","Both sexes","81.84","81.79","81.89"
"6965","PRY","2021","Both sexes","70.27","69.61","70.96"
"6966","SEN","2017","Female","69.61","68.91","70.40"
"6967","TLS","2018","Both sexes","68.37","67.60","69.52"
"6968","BWA","2018","Both sexes","64.53","63.36","65.82"
"6969","JPN","2021","Male","81.71","81.65","81.77"
"6970","KOR","2014","Both sexes","82.16","82.09","82.23"
"6971","FIN","2013","Female","83.51","83.48","83.61"
"6972","PNG","2008","Female","65.24","64.53","65.95"
"6973","DZA","2004","Both sexes","73.76","73.29","74.29"
"6974","KHM","2009","Both sexes","66.29","65.77","66.94"
"6975","SOM","2021","Female","56.33","55.27","57.47"
"6976","FRA","2012","Both sexes","81.58","81.51","81.64"
"6977","LSO","2003","Female","48.06","46.52","49.88"
"6978","QAT","2013","Female","77.80","77.30","78.40"
"6979","SVK","2015","Both sexes","76.60","76.54","76.71"
"6980","TCD","2016","Both sexes","58.32","57.16","59.33"
"6981","VCT","2019","Female","75.82","75.49","76.15"
"6982","MUS","2007","Male","69.26","69.12","69.44"
"6983","MLI","2005","Male","56.43","55.59","57.39"
"6984","GHA","2018","Male","62.98","62.01","63.86"
"6985","BLZ","2015","Male","71.51","71.31","71.77"
"6986","DJI","2001","Female","61.28","60.27","62.36"
"6987","GAB","2006","Both sexes","60.30","59.51","61.29"
"6988","CMR","2010","Male","55.40","54.34","56.26"
"6989","ISR","2006","Both sexes","79.96","79.94","80.05"
"6990","IND","2008","Both sexes","66.43","65.99","66.95"
"6991","SWE","2014","Male","80.19","80.18","80.26"
"6992","FJI","2019","Male","65.78","65.02","66.72"
"6993","GRD","2006","Female","76.59","76.35","76.89"
"6994","ALB","2003","Female","77.80","77.56","78.17"
"6995","CZE","2016","Female","81.77","81.74","81.87"
"6996","KIR","2018","Male","56.86","56.08","57.92"
"6997","QAT","2002","Both sexes","70.33","69.91","70.81"
"6998","MWI","2010","Both sexes","56.87","56.15","58.00"
"6999","LBY","2016","Male","70.24","69.73","70.97"
"7000","AUT","2019","Male","79.45","79.43","79.54"
"7001","FJI","2017","Both sexes","67.87","67.06","68.84"
"7002","IRL","2001","Both sexes","77.04","77.00","77.16"
"7003","TTO","2012","Male","71.76","71.44","72.13"
"7004","SLE","2017","Both sexes","59.16","58.06","60.08"
"7005","LVA","2015","Female","79.33","79.23","79.47"
"7006","JOR","2012","Male","77.52","77.11","77.96"
"7007","MDG","2009","Female","63.37","62.79","64.08"
"7008","SVK","2021","Female","78.01","77.96","78.13"
"7009","GAB","2002","Both sexes","58.06","57.12","58.91"
"7010","NIC","2002","Both sexes","75.92","75.59","76.23"
"7011","SRB","2019","Both sexes","75.92","75.88","76.02"
"7012","ISL","2012","Male","80.44","80.31","80.62"
"7013","FIN","2003","Female","81.62","81.61","81.71"
"7014","GNB","2007","Male","51.35","50.52","52.38"
"7015","MEX","2001","Male","72.16","72.00","72.38"
"7016","THA","2009","Both sexes","75.05","74.69","75.48"
"7017","SYR","2002","Female","73.34","72.93","73.70"
"7018","ALB","2009","Male","73.30","72.90","73.82"
"7019","SLE","2008","Both sexes","53.55","52.74","54.43"
"7020","BRN","2019","Both sexes","76.68","76.33","77.09"
"7021","BLR","2002","Male","62.17","62.07","62.30"
"7022","KOR","2021","Male","80.71","80.68","80.81"
"7023","KOR","2018","Male","80.03","79.97","80.10"
"7024","DZA","2012","Both sexes","75.64","75.36","75.96"
"7025","THA","2014","Both sexes","76.76","76.38","77.21"
"7026","TUN","2021","Male","71.51","70.89","72.20"
"7027","SUR","2010","Male","69.77","69.46","70.11"
"7028","GHA","2021","Both sexes","66.10","65.29","66.90"
"7029","MNE","2004","Male","71.40","71.23","71.63"
"7030","IRQ","2013","Both sexes","71.23","70.49","72.11"
"7031","POL","2006","Female","79.41","79.40","79.48"
"7032","UKR","2004","Both sexes","67.43","67.38","67.52"
"7033","DZA","2016","Male","75.95","75.60","76.35"
"7034","TZA","2008","Female","61.50","60.77","62.33"
"7035","BGR","2020","Male","69.91","69.75","70.10"
"7036","ARE","2001","Both sexes","78.28","77.83","78.67"
"7037","TCD","2018","Female","60.46","59.35","61.51"
"7038","UKR","2000","Both sexes","67.55","67.50","67.67"
"7039","BEN","2004","Female","60.79","60.12","61.53"
"7040","IRN","2004","Both sexes","74.57","74.35","74.86"
"7041","SGP","2010","Male","79.41","79.39","79.52"
"7042","CAF","2006","Female","48.21","46.94","49.35"
"7043","SUR","2018","Both sexes","73.09","72.80","73.49"
"7044","KIR","2005","Male","57.62","56.87","58.53"
"7045","BRN","2018","Female","77.70","77.48","78.01"
"7046","MAR","2018","Both sexes","73.61","73.00","74.34"
"7047","WSM","2002","Male","68.09","67.41","68.78"
"7048","FIN","2000","Female","80.91","80.90","81.00"
"7049","SGP","2010","Both sexes","81.76","81.73","81.85"
"7050","PRY","2014","Male","72.64","72.03","73.38"
"7051","VEN","2004","Both sexes","74.41","74.33","74.54"
"7052","WSM","2000","Female","71.71","71.09","72.50"
"7053","TJK","2003","Female","69.55","69.20","70.18"
"7054","CUB","2012","Both sexes","78.42","78.38","78.52"
"7055","HUN","2019","Both sexes","76.34","76.30","76.43"
"7056","CHL","2017","Both sexes","80.66","80.65","80.74"
"7057","HTI","2007","Female","59.54","58.74","60.40"
"7058","NLD","2003","Female","80.72","80.65","80.79"
"7059","SLB","2001","Both sexes","63.45","62.62","64.35"
"7060","JAM","2012","Female","75.96","75.82","76.20"
"7061","CRI","2008","Both sexes","80.29","80.22","80.45"
"7062","VCT","2011","Male","71.16","70.84","71.53"
"7063","LTU","2007","Male","64.40","64.35","64.51"
"7064","BHR","2005","Male","70.58","70.46","70.84"
"7065","YEM","2003","Male","63.04","62.21","63.98"
"7066","SWZ","2020","Both sexes","55.97","54.79","57.39"
"7067","DOM","2016","Both sexes","73.33","72.66","73.90"
"7068","COM","2016","Male","66.65","65.62","67.69"
"7069","USA","2020","Both sexes","76.89","76.84","76.94"
"7070","DJI","2001","Male","57.75","56.41","58.77"
"7071","UKR","2015","Female","76.95","76.92","77.04"
"7072","PRY","2007","Female","77.58","76.87","78.20"
"7073","PAK","2021","Female","66.93","66.03","67.85"
"7074","PRI","2011","Both sexes","78.60","78.51","78.74"
"7075","ECU","2010","Male","72.17","71.71","72.63"
"7076","TGO","2008","Male","56.02","55.24","56.94"
"7077","JOR","2006","Female","73.20","72.85","73.58"
"7078","KOR","2021","Female","86.66","86.62","86.76"
"7079","FIN","2018","Male","78.83","78.81","78.93"
"7080","SYC","2008","Both sexes","72.66","72.46","72.92"
"7081","KGZ","2016","Female","76.12","75.90","76.35"
"7082","SGP","2013","Both sexes","82.37","82.34","82.47"
"7083","PAK","2014","Both sexes","65.39","64.35","66.46"
"7084","SSD","2005","Male","54.22","53.11","55.48"
"7085","TZA","2003","Female","55.92","54.99","56.86"
"7086","UKR","2009","Male","64.24","64.22","64.32"
"7087","COM","2021","Male","66.30","65.53","67.15"
"7088","KHM","2016","Male","66.12","65.32","66.95"
"7089","PNG","2006","Both sexes","63.77","63.15","64.52"
"7090","SGP","2011","Both sexes","81.96","81.94","82.06"
"7091","KIR","2012","Female","64.73","63.99","65.65"
"7092","MLT","2019","Both sexes","82.15","81.99","82.39"
"7093","GBR","2015","Both sexes","80.66","80.60","80.72"
"7094","PRY","2013","Male","72.44","71.88","73.01"
"7095","IRN","2018","Both sexes","77.69","77.58","77.88"
"7096","ESP","2008","Female","83.95","83.95","84.01"
"7097","ZMB","2012","Female","60.83","60.03","61.96"
"7098","NOR","2021","Female","84.25","84.22","84.35"
"7099","BDI","2017","Both sexes","63.68","62.94","64.50"
"7100","PRI","2005","Female","81.29","81.19","81.48"
"7101","GRC","2010","Female","82.61","82.61","82.69"
"7102","BEL","2012","Male","77.51","77.50","77.58"
"7103","TGO","2011","Male","57.77","57.01","58.60"
"7104","BFA","2017","Female","64.25","63.51","65.27"
"7105","COM","2008","Both sexes","65.34","64.20","66.33"
"7106","NAM","2014","Male","58.79","57.83","59.81"
"7107","SGP","2012","Both sexes","82.22","82.18","82.31"
"7108","MDA","2018","Both sexes","72.90","72.66","73.13"
"7109","NIC","2014","Female","80.16","79.97","80.43"
"7110","SEN","2004","Male","60.06","59.56","60.62"
"7111","PER","2009","Female","79.65","79.28","80.14"
"7112","NLD","2005","Female","81.37","81.37","81.45"
"7113","GNB","2018","Both sexes","58.60","57.66","59.86"
"7114","VUT","2008","Both sexes","65.69","65.12","66.32"
"7115","PNG","2003","Male","62.85","62.00","63.70"
"7116","VUT","2010","Female","69.62","69.14","70.12"
"7117","RWA","2021","Both sexes","67.54","67.02","68.31"
"7118","WSM","2018","Male","68.86","68.27","69.44"
"7119","ATG","2000","Both sexes","74.39","74.12","74.69"
"7120","VNM","2011","Both sexes","72.61","72.23","73.06"
"7121","AGO","2010","Male","55.86","54.89","56.83"
"7122","GNB","2019","Both sexes","58.98","57.93","59.99"
"7123","MDV","2001","Male","69.49","69.18","69.88"
"7124","BRB","2018","Female","77.54","77.13","78.02"
"7125","SYR","2005","Male","72.14","71.68","72.61"
"7126","CUB","2003","Female","79.37","79.34","79.46"
"7127","TCD","2001","Female","53.14","52.22","53.91"
"7128","ARG","2012","Female","79.44","79.42","79.51"
"7129","ECU","2010","Both sexes","75.15","74.80","75.64"
"7130","BIH","2013","Male","74.63","74.57","74.78"
"7131","HRV","2002","Both sexes","75.01","74.95","75.13"
"7132","ETH","2012","Male","63.53","62.88","64.31"
"7133","KWT","2018","Female","86.52","86.43","86.67"
"7134","ARM","2013","Male","69.93","69.74","70.16"
"7135","GUY","2012","Male","63.05","62.46","63.74"
"7136","GRD","2004","Both sexes","70.41","70.18","70.70"
"7137","VEN","2014","Female","78.36","78.33","78.47"
"7138","MYS","2016","Female","76.66","76.64","76.75"
"7139","AUT","2009","Both sexes","80.12","80.11","80.20"
"7140","JOR","2017","Male","79.34","78.84","79.95"
"7141","BEL","2000","Female","80.74","80.73","80.82"
"7142","GRD","2015","Both sexes","72.55","72.29","72.90"
"7143","LBR","2011","Both sexes","60.73","59.81","61.71"
"7144","IRN","2006","Both sexes","75.20","74.98","75.48"
"7145","UGA","2008","Both sexes","57.97","57.24","58.84"
"7146","IRL","2016","Female","83.19","83.14","83.29"
"7147","HUN","2014","Female","79.13","79.10","79.23"
"7148","MKD","2014","Female","77.30","77.19","77.50"
"7149","BGR","2006","Both sexes","72.62","72.51","72.79"
"7150","BRB","2009","Both sexes","75.91","75.75","76.15"
"7151","MOZ","2017","Male","54.21","53.41","55.26"
"7152","ATG","2011","Both sexes","75.62","75.36","75.97"
"7153","GMB","2012","Male","61.23","60.44","62.04"
"7154","GHA","2016","Both sexes","64.71","63.94","65.44"
"7155","COD","2001","Both sexes","53.00","52.20","53.92"
"7156","COM","2018","Female","69.33","68.70","70.22"
"7157","AZE","2017","Both sexes","74.63","74.35","74.99"
"7158","CMR","2019","Both sexes","62.03","60.94","63.01"
"7159","TTO","2019","Both sexes","74.09","73.59","74.73"
"7160","PAK","2001","Both sexes","61.68","60.98","62.47"
"7161","QAT","2021","Female","77.98","77.49","78.53"
"7162","DZA","2005","Male","73.29","72.83","73.91"
"7163","AZE","2003","Male","63.98","63.49","64.51"
"7164","MMR","2012","Both sexes","65.87","65.19","66.52"
"7165","RUS","2021","Both sexes","70.02","69.96","70.07"
"7166","BIH","2017","Female","79.55","79.45","79.71"
"7167","ATG","2016","Female","77.07","76.77","77.41"
"7168","AUT","2006","Male","77.01","77.00","77.09"
"7169","ZAF","2017","Male","61.41","61.11","61.74"
"7170","TTO","2020","Female","77.27","76.65","77.94"
"7171","SLV","2015","Female","77.60","77.43","77.79"
"7172","USA","2016","Both sexes","78.56","78.51","78.60"
"7173","SRB","2012","Male","72.23","72.15","72.35"
"7174","MEX","2007","Female","77.88","77.77","78.08"
"7175","NPL","2007","Male","67.43","66.89","68.11"
"7176","CRI","2005","Male","77.49","77.41","77.64"
"7177","SLE","2021","Both sexes","61.02","59.77","62.32"
"7178","COL","2002","Female","76.91","76.64","77.25"
"7179","GUY","2003","Male","61.87","61.36","62.44"
"7180","ERI","2010","Both sexes","60.44","59.64","61.46"
"7181","MYS","2010","Male","72.07","71.74","72.41"
"7182","PNG","2010","Male","64.05","63.29","64.84"
"7183","FSM","2018","Male","63.16","62.39","64.31"
"7184","VEN","2002","Both sexes","74.26","74.16","74.39"
"7185","BGD","2003","Female","68.67","68.24","69.19"
"7186","CRI","2002","Female","81.37","81.28","81.51"
"7187","BHS","2013","Female","76.06","75.82","76.39"
"7188","CAF","2018","Both sexes","52.14","51.06","53.34"
"7189","NLD","2001","Both sexes","78.22","78.21","78.30"
"7190","NPL","2006","Female","69.90","69.41","70.48"
"7191","UGA","2019","Both sexes","66.09","65.33","67.13"
"7192","PAK","2011","Male","63.77","62.86","64.86"
"7193","KIR","2003","Both sexes","60.80","59.90","61.60"
"7194","EGY","2004","Both sexes","69.18","68.81","69.62"
"7195","PRY","2014","Female","78.12","77.62","78.66"
"7196","AUS","2003","Female","82.90","82.89","82.97"
"7197","UGA","2021","Both sexes","65.99","65.16","66.94"
"7198","LBY","2008","Male","72.62","72.33","73.01"
"7199","SDN","2009","Both sexes","66.44","65.41","67.30"
"7200","DOM","2010","Female","76.60","75.94","77.20"
"7201","SWE","2003","Female","82.13","82.13","82.20"
"7202","PHL","2013","Male","65.69","65.37","66.16"
"7203","NPL","2004","Male","66.36","65.88","66.96"
"7204","CHE","2003","Both sexes","80.40","80.38","80.49"
"7205","RUS","2006","Both sexes","66.49","66.47","66.56"
"7206","SAU","2016","Male","76.38","76.13","76.70"
"7207","MRT","2009","Female","67.97","67.35","68.68"
"7208","STP","2008","Female","69.08","68.67","69.69"
"7209","AUS","2010","Female","83.99","83.98","84.05"
"7210","UGA","2020","Male","62.98","62.19","63.86"
"7211","DZA","2011","Both sexes","75.45","75.18","75.70"
"7212","LKA","2006","Male","69.34","69.09","69.65"
"7213","SEN","2015","Female","68.84","68.21","69.53"
"7214","MRT","2011","Both sexes","68.80","68.17","69.62"
"7215","TGO","2007","Male","55.82","55.03","56.55"
"7216","KAZ","2006","Both sexes","65.42","65.19","65.72"
"7217","MWI","2020","Female","66.29","65.37","67.22"
"7218","PSE","2021","Both sexes","73.49","73.08","73.90"
"7219","ESP","2010","Both sexes","81.69","81.63","81.76"
"7220","KAZ","2021","Both sexes","70.28","70.04","70.58"
"7221","TON","2004","Male","68.54","68.08","69.02"
"7222","DNK","2021","Both sexes","81.18","81.15","81.28"
"7223","BRB","2015","Both sexes","76.29","75.98","76.69"
"7224","PRK","2003","Both sexes","69.38","68.71","70.16"
"7225","MEX","2013","Male","73.27","73.08","73.50"
"7226","PRT","2000","Female","80.07","80.06","80.16"
"7227","BLR","2015","Female","78.76","78.73","78.86"
"7228","SLB","2019","Female","68.29","67.50","69.24"
"7229","SWE","2014","Female","83.63","83.61","83.70"
"7230","BLR","2008","Female","76.31","76.26","76.44"
"7231","BRA","2015","Female","78.14","77.98","78.35"
"7232","MKD","2019","Male","76.25","76.10","76.49"
"7233","BOL","2017","Both sexes","72.45","71.67","73.30"
"7234","BLZ","2018","Female","77.27","77.07","77.52"
"7235","JPN","2015","Male","81.09","81.04","81.14"
"7236","LBN","2003","Male","75.42","74.93","75.90"
"7237","SDN","2003","Female","65.10","64.32","66.10"
"7238","AUS","2014","Female","84.22","84.21","84.28"
"7239","MLT","2002","Female","80.49","80.40","80.64"
"7240","NPL","2006","Both sexes","68.55","67.93","69.11"
"7241","MAR","2018","Female","74.46","73.83","75.11"
"7242","THA","2008","Male","71.31","70.83","71.90"
"7243","ARE","2011","Female","80.93","80.61","81.30"
"7244","KEN","2003","Both sexes","54.91","53.84","55.85"
"7245","SWE","2007","Both sexes","80.77","80.77","80.85"
"7246","CHE","2018","Both sexes","83.29","83.27","83.37"
"7247","BFA","2021","Female","64.64","63.99","65.65"
"7248","PRT","2008","Female","82.25","82.25","82.33"
"7249","KIR","2015","Female","64.89","64.16","65.69"
"7250","LVA","2014","Male","69.27","69.19","69.41"
"7251","USA","2019","Female","80.98","80.93","81.03"
"7252","BRN","2021","Male","75.34","74.95","75.78"
"7253","MUS","2011","Male","70.14","69.99","70.35"
"7254","MYS","2020","Both sexes","76.79","76.75","76.89"
"7255","BFA","2019","Male","60.08","58.97","61.12"
"7256","ECU","2006","Female","77.18","76.83","77.54"
"7257","MOZ","2008","Both sexes","53.06","52.25","53.81"
"7258","LKA","2017","Both sexes","76.91","76.32","77.64"
"7259","HTI","2001","Both sexes","57.13","56.34","57.91"
"7260","ERI","2019","Male","61.00","60.04","61.96"
"7261","TON","2010","Female","74.96","74.35","75.60"
"7262","LBR","2012","Female","61.58","60.72","62.42"
"7263","CPV","2018","Male","69.51","68.99","70.09"
"7264","BRA","2013","Both sexes","74.42","74.24","74.65"
"7265","PNG","2003","Both sexes","63.56","62.95","64.30"
"7266","BEL","2017","Male","78.90","78.89","78.98"
"7267","SUR","2003","Both sexes","70.50","70.29","70.87"
"7268","TGO","2015","Male","59.18","58.22","60.32"
"7269","THA","2006","Female","76.79","76.43","77.20"
"7270","WSM","2005","Male","68.54","67.85","69.23"
"7271","MDG","2004","Both sexes","60.11","59.56","60.82"
"7272","NGA","2017","Female","63.86","63.04","64.81"
"7273","ZWE","2015","Both sexes","57.49","56.65","58.53"
"7274","OMN","2018","Both sexes","74.96","74.56","75.46"
"7275","MLT","2000","Male","75.49","75.40","75.68"
"7276","TLS","2012","Male","66.21","65.44","67.28"
"7277","MKD","2001","Male","70.75","70.61","70.95"
"7278","PRK","2000","Female","64.98","60.88","68.50"
"7279","RUS","2002","Female","71.82","71.79","71.93"
"7280","SWE","2018","Male","80.61","80.60","80.69"
"7281","FJI","2004","Both sexes","67.12","66.89","67.40"
"7282","BDI","2003","Female","50.53","49.49","51.46"
"7283","NPL","2011","Both sexes","69.61","69.11","70.25"
"7284","GRD","2014","Male","70.10","69.83","70.42"
"7285","LTU","2018","Female","80.43","80.35","80.58"
"7286","COG","2018","Female","63.40","62.60","64.33"
"7287","VCT","2005","Female","75.11","74.87","75.43"
"7288","AUT","2016","Both sexes","81.39","81.38","81.47"
"7289","UGA","2007","Both sexes","56.83","55.93","57.77"
"7290","GIN","2004","Both sexes","56.03","55.25","56.99"
"7291","ESP","2016","Female","85.36","85.36","85.41"
"7292","MOZ","2003","Female","53.76","53.05","54.53"
"7293","KIR","2019","Male","58.90","57.86","59.97"
"7294","NGA","2014","Both sexes","61.38","60.47","62.39"
"7295","GAB","2009","Female","63.06","62.05","64.13"
"7296","TON","2003","Both sexes","71.26","70.88","71.70"
"7297","AGO","2015","Male","59.10","58.12","60.10"
"7298","TUN","2008","Female","78.46","77.84","79.23"
"7299","HUN","2011","Male","71.12","71.10","71.22"
"7300","CYP","2013","Male","79.75","79.56","80.09"
"7301","BHS","2019","Male","68.08","67.50","68.80"
"7302","SYC","2005","Male","68.25","68.04","68.52"
"7303","ROU","2006","Female","76.07","76.00","76.20"
"7304","MKD","2013","Male","73.35","73.24","73.53"
"7305","GNQ","2012","Female","60.17","58.82","61.88"
"7306","BHR","2017","Both sexes","75.71","75.54","76.02"
"7307","MRT","2016","Both sexes","69.66","68.86","70.59"
"7308","MWI","2018","Female","65.82","65.06","66.70"
"7309","SAU","2003","Female","72.60","72.27","73.02"
"7310","MWI","2016","Both sexes","62.20","61.48","62.93"
"7311","LCA","2015","Female","80.08","79.77","80.46"
"7312","EGY","2010","Both sexes","69.83","69.59","70.13"
"7313","AUT","2003","Both sexes","78.63","78.61","78.71"
"7314","SOM","2000","Both sexes","49.28","48.17","50.38"
"7315","BHS","2002","Both sexes","71.58","71.34","71.91"
"7316","CHE","2015","Female","84.50","84.48","84.59"
"7317","FJI","2011","Both sexes","67.40","67.07","67.84"
"7318","MDV","2019","Female","76.86","76.69","77.18"
"7319","STP","2020","Male","69.52","69.07","70.03"
"7320","CHN","2015","Male","73.67","73.29","74.16"
"7321","GRC","2006","Female","82.18","82.18","82.27"
"7322","NAM","2002","Female","53.44","52.08","54.95"
"7323","GAB","2014","Male","61.30","60.49","62.33"
"7324","GMB","2004","Male","58.44","57.56","59.29"
"7325","BFA","2020","Both sexes","62.93","61.89","63.87"
"7326","CUB","2002","Female","79.89","79.85","80.01"
"7327","SUR","2008","Female","75.31","75.02","75.63"
"7328","TZA","2004","Both sexes","55.69","54.78","56.70"
"7329","GIN","2020","Female","62.54","61.62","63.55"
"7330","ISR","2012","Female","83.33","83.32","83.42"
"7331","SLV","2008","Female","78.50","78.32","78.72"
"7332","VEN","2012","Female","78.96","78.90","79.09"
"7333","GNQ","2013","Both sexes","60.97","59.57","62.35"
"7334","VEN","2000","Male","70.61","70.52","70.75"
"7335","LBY","2006","Both sexes","74.61","74.28","75.00"
"7336","UZB","2019","Female","74.28","74.07","74.57"
"7337","NIC","2020","Female","78.45","78.21","78.72"
"7338","IRN","2017","Male","76.07","75.98","76.23"
"7339","KHM","2010","Female","69.49","69.04","70.09"
"7340","AUS","2019","Male","80.72","80.71","80.79"
"7341","SWE","2017","Female","83.64","83.63","83.71"
"7342","TKM","2010","Female","72.73","72.33","73.16"
"7343","MYS","2013","Female","76.74","76.56","76.98"
"7344","HRV","2007","Female","79.43","79.37","79.57"
"7345","TZA","2014","Male","63.15","62.36","63.92"
"7346","GTM","2017","Female","75.35","75.10","75.62"
"7347","BIH","2020","Both sexes","75.71","75.62","75.86"
"7348","LBR","2004","Male","56.05","55.06","57.10"
"7349","ZAF","2015","Both sexes","63.26","62.99","63.59"
"7350","DOM","2008","Both sexes","73.28","72.53","74.25"
"7351","COL","2008","Female","78.40","78.20","78.72"
"7352","COD","2009","Female","58.44","57.84","59.20"
"7353","MRT","2011","Female","68.70","68.15","69.48"
"7354","JAM","2017","Both sexes","72.33","71.79","73.04"
"7355","BRA","2016","Both sexes","74.56","74.34","74.79"
"7356","MRT","2002","Both sexes","64.16","63.48","64.84"
"7357","MYS","2020","Male","75.50","75.45","75.59"
"7358","KIR","2019","Female","65.32","64.52","66.26"
"7359","GEO","2009","Both sexes","71.32","71.18","71.55"
"7360","LBN","2018","Female","81.51","81.12","81.97"
"7361","BEL","2004","Male","75.94","75.93","76.02"
"7362","SSD","2011","Both sexes","58.95","57.71","60.14"
"7363","LBN","2019","Both sexes","79.29","78.82","79.85"
"7364","SAU","2018","Both sexes","76.81","76.44","77.23"
"7365","STP","2001","Female","64.62","63.94","65.29"
"7366","CZE","2015","Both sexes","78.48","78.45","78.58"
"7367","TUR","2003","Female","79.00","78.53","79.49"
"7368","MRT","2021","Both sexes","68.87","68.19","69.74"
"7369","ZAF","2007","Male","50.96","50.58","51.38"
"7370","TGO","2014","Female","63.72","62.74","64.65"
"7371","CIV","2017","Both sexes","62.28","61.38","63.09"
"7372","ZMB","2013","Both sexes","59.36","58.51","60.43"
"7373","ZWE","2005","Female","46.22","45.30","47.41"
"7374","GUY","2018","Both sexes","68.75","67.93","69.77"
"7375","SLE","2003","Both sexes","51.52","50.48","52.63"
"7376","RWA","2011","Female","66.81","65.99","67.53"
"7377","HND","2009","Female","71.93","71.16","72.80"
"7378","GTM","2007","Male","67.65","67.19","68.09"
"7379","COG","2019","Male","62.43","61.59","63.21"
"7380","BHS","2020","Both sexes","72.62","72.03","73.29"
"7381","GHA","2019","Female","68.59","67.86","69.29"
"7382","TON","2013","Female","75.09","74.51","75.90"
"7383","ESP","2021","Female","85.30","85.29","85.37"
"7384","UGA","2016","Female","68.13","67.48","68.91"
"7385","ZMB","2019","Both sexes","61.76","60.56","62.79"
"7386","NPL","2016","Female","72.36","71.77","73.09"
"7387","SLB","2002","Female","66.22","65.52","66.98"
"7388","UGA","2015","Female","67.71","66.97","68.44"
"7389","UKR","2006","Both sexes","67.78","67.74","67.87"
"7390","MRT","2008","Female","67.53","66.99","68.25"
"7391","AFG","2004","Both sexes","56.48","55.55","57.20"
"7392","ZWE","2021","Female","60.53","59.80","61.52"
"7393","GUY","2004","Both sexes","64.86","64.46","65.35"
"7394","GNQ","2007","Male","57.93","56.44","59.36"
"7395","NLD","2021","Both sexes","81.12","81.11","81.21"
"7396","NER","2016","Male","58.88","57.81","60.13"
"7397","ETH","2011","Male","62.72","62.16","63.35"
"7398","CYP","2005","Both sexes","79.54","79.33","79.83"
"7399","ARE","2004","Both sexes","78.89","78.48","79.30"
"7400","VEN","2016","Female","77.20","77.09","77.38"
"7401","CUB","2012","Male","76.37","76.33","76.46"
"7402","FSM","2012","Female","67.92","67.34","68.76"
"7403","ISL","2004","Female","82.53","82.46","82.69"
"7404","DOM","2019","Both sexes","73.91","73.22","74.69"
"7405","BEL","2020","Both sexes","80.78","80.76","80.85"
"7406","SWE","2000","Both sexes","79.57","79.51","79.64"
"7407","MOZ","2018","Male","54.82","53.74","55.78"
"7408","BRA","2007","Male","70.19","69.96","70.48"
"7409","KAZ","2001","Male","59.34","59.03","59.75"
"7410","HUN","2003","Both sexes","72.45","72.40","72.55"
"7411","AUT","2016","Female","83.59","83.58","83.67"
"7412","DNK","2004","Both sexes","77.69","77.67","77.78"
"7413","BWA","2004","Male","48.78","47.60","50.04"
"7414","SVN","2018","Both sexes","80.96","80.84","81.14"
"7415","BWA","2005","Female","55.87","54.11","57.68"
"7416","SVK","2015","Male","73.08","73.04","73.18"
"7417","ERI","2017","Female","66.00","65.26","67.07"
"7418","AGO","2019","Both sexes","62.49","61.58","63.39"
"7419","TTO","2004","Both sexes","71.35","71.07","71.74"
"7420","CHN","2001","Both sexes","71.13","70.73","71.58"
"7421","ETH","2006","Both sexes","58.32","57.74","58.99"
"7422","QAT","2017","Both sexes","78.51","77.98","79.17"
"7423","NGA","2005","Male","55.65","54.72","56.60"
"7424","TUN","2003","Male","72.50","71.86","73.19"
"7425","ZWE","2000","Both sexes","45.75","44.14","47.63"
"7426","SAU","2010","Female","76.28","76.09","76.59"
"7427","THA","2021","Female","78.97","78.32","79.86"
"7428","MAR","2014","Female","73.90","73.30","74.61"
"7429","MYS","2008","Male","72.16","72.14","72.23"
"7430","DNK","2013","Female","82.02","82.00","82.11"
"7431","SWE","2020","Female","83.79","83.78","83.88"
"7432","GAB","2007","Both sexes","60.67","59.72","61.52"
"7433","BLZ","2021","Both sexes","73.32","72.95","73.79"
"7434","IRN","2009","Male","74.32","74.14","74.57"
"7435","AFG","2006","Female","57.44","56.50","58.55"
"7436","CYP","2017","Male","79.83","79.60","80.09"
"7437","MMR","2003","Both sexes","60.64","59.85","61.48"
"7438","GHA","2017","Male","62.53","61.76","63.37"
"7439","DJI","2018","Male","63.38","62.32","64.55"
"7440","OMN","2001","Male","69.81","69.09","70.48"
"7441","TTO","2020","Both sexes","73.64","72.99","74.39"
"7442","ZMB","2020","Male","59.46","58.45","60.62"
"7443","CZE","2015","Male","75.59","75.56","75.70"
"7444","IND","2013","Male","66.97","66.57","67.38"
"7445","LBY","2001","Both sexes","73.74","73.33","74.20"
"7446","NAM","2004","Male","49.83","48.88","51.19"
"7447","MLT","2019","Female","83.98","83.82","84.18"
"7448","BTN","2016","Male","72.26","71.45","72.95"
"7449","LBR","2010","Female","60.78","59.92","61.54"
"7450","USA","2009","Female","80.63","80.58","80.68"
"7451","GEO","2010","Male","67.29","67.12","67.51"
"7452","SYR","2004","Both sexes","72.88","72.49","73.30"
"7453","LSO","2019","Both sexes","51.78","50.48","53.18"
"7454","FJI","2006","Male","64.96","64.71","65.27"
"7455","MLT","2009","Female","82.46","82.37","82.67"
"7456","HRV","2011","Both sexes","77.21","77.15","77.35"
"7457","COD","2010","Female","59.04","58.24","59.92"
"7458","LAO","2014","Female","68.80","68.06","69.64"
"7459","JPN","2012","Both sexes","83.33","83.28","83.38"
"7460","PAN","2014","Male","74.89","74.70","75.19"
"7461","EST","2012","Male","71.28","71.18","71.44"
"7462","SLB","2005","Male","61.38","60.63","62.12"
"7463","GMB","2009","Female","63.65","62.94","64.47"
"7464","CMR","2015","Both sexes","58.98","58.04","60.04"
"7465","TON","2010","Both sexes","72.11","71.48","72.67"
"7466","COG","2005","Both sexes","56.51","55.84","57.39"
"7467","IRN","2020","Female","77.14","77.05","77.34"
"7468","LVA","2004","Male","65.51","65.43","65.65"
"7469","BOL","2020","Both sexes","67.12","66.49","67.85"
"7470","GBR","2008","Female","81.45","81.39","81.51"
"7471","HRV","2021","Male","73.78","73.68","73.91"
"7472","SWZ","2019","Male","52.47","51.33","53.75"
"7473","EGY","2007","Male","67.07","66.69","67.46"
"7474","IRN","2008","Both sexes","75.93","75.72","76.19"
"7475","CHL","2013","Female","82.39","82.37","82.47"
"7476","TKM","2006","Both sexes","65.67","65.31","66.07"
"7477","QAT","2000","Female","73.61","73.11","74.02"
"7478","CAN","2019","Female","83.90","83.89","83.97"
"7479","MNG","2021","Female","73.86","73.56","74.25"
"7480","TON","2015","Male","69.87","69.28","70.62"
"7481","CAN","2014","Female","83.47","83.46","83.55"
"7482","CAN","2014","Both sexes","81.59","81.58","81.66"
"7483","NAM","2021","Male","57.27","56.50","58.22"
"7484","KOR","2015","Both sexes","82.40","82.34","82.47"
"7485","MDG","2008","Male","60.93","60.23","61.73"
"7486","KIR","2002","Male","57.17","56.38","58.06"
"7487","NER","2005","Both sexes","54.75","53.56","55.89"
"7488","SYR","2014","Both sexes","60.24","59.59","61.04"
"7489","CHN","2002","Both sexes","71.45","71.07","71.84"
"7490","MKD","2012","Both sexes","74.94","74.81","75.13"
"7491","LVA","2009","Female","77.55","77.48","77.69"
"7492","BGD","2017","Female","74.69","74.13","75.30"
"7493","COM","2000","Male","61.18","60.37","62.14"
"7494","CRI","2001","Female","80.38","80.28","80.53"
"7495","IRL","2015","Both sexes","81.14","81.11","81.24"
"7496","KAZ","2010","Female","73.38","73.18","73.62"
"7497","PAK","2016","Female","66.86","65.90","67.76"
"7498","KAZ","2009","Female","73.48","73.27","73.74"
"7499","ARE","2003","Male","78.94","78.55","79.43"
"7500","CRI","2001","Male","75.85","75.77","76.01"
"7501","UKR","2021","Female","75.34","74.50","76.35"
"7502","LBR","2008","Female","60.10","59.26","60.92"
"7503","LKA","2000","Male","67.15","67.02","67.33"
"7504","GRC","2017","Both sexes","80.69","80.67","80.78"
"7505","BHS","2002","Female","74.84","74.58","75.11"
"7506","GMB","2017","Female","66.36","65.58","67.30"
"7507","ITA","2000","Female","82.15","82.09","82.21"
"7508","RUS","2004","Both sexes","65.14","65.12","65.21"
"7509","HND","2005","Female","71.51","70.69","72.38"
"7510","CMR","2013","Male","56.33","55.40","57.50"
"7511","IRN","2013","Both sexes","77.20","77.06","77.39"
"7512","SLV","2017","Both sexes","73.72","73.50","73.93"
"7513","VCT","2007","Both sexes","73.25","72.96","73.66"
"7514","TGO","2009","Male","56.53","55.74","57.36"
"7515","GTM","2007","Both sexes","70.68","70.29","71.13"
"7516","TTO","2016","Both sexes","73.83","73.60","74.17"
"7517","LKA","2017","Male","73.76","73.08","74.54"
"7518","TLS","2020","Both sexes","68.92","68.15","69.72"
"7519","BRA","2012","Both sexes","74.28","74.08","74.51"
"7520","MLT","2005","Both sexes","79.13","79.01","79.31"
"7521","SLE","2003","Female","52.69","51.70","53.62"
"7522","BFA","2011","Female","61.24","60.57","61.91"
"7523","GRD","2021","Female","75.20","74.56","76.11"
"7524","ETH","2015","Female","68.82","68.15","69.38"
"7525","CAN","2000","Female","81.54","81.48","81.61"
"7526","GUY","2020","Female","70.19","69.51","71.21"
"7527","SWE","2015","Male","79.97","79.96","80.04"
"7528","MAR","2001","Female","71.32","70.69","72.10"
"7529","GTM","2001","Female","71.97","71.67","72.40"
"7530","AUT","2006","Female","82.40","82.38","82.47"
"7531","ARE","2009","Both sexes","80.74","80.39","81.12"
"7532","NZL","2020","Both sexes","82.50","82.48","82.60"
"7533","TUN","2004","Both sexes","75.17","74.64","75.85"
"7534","ARM","2000","Female","74.71","74.46","74.97"
"7535","LBN","2018","Male","77.04","76.56","77.60"
"7536","USA","2014","Female","80.93","80.88","80.97"
"7537","PRK","2018","Female","75.05","74.38","75.71"
"7538","VEN","2007","Male","70.38","70.33","70.49"
"7539","LTU","2018","Male","70.88","70.82","71.00"
"7540","SLB","2017","Both sexes","65.41","64.47","66.25"
"7541","HUN","2001","Female","76.54","76.52","76.67"
"7542","VEN","2012","Both sexes","74.44","74.38","74.58"
"7543","SLV","2002","Female","77.16","76.84","77.50"
"7544","KWT","2017","Male","80.38","80.31","80.53"
"7545","PRT","2021","Male","78.27","78.25","78.36"
"7546","ERI","2020","Female","66.66","65.81","67.64"
"7547","SWZ","2017","Both sexes","53.81","52.51","55.37"
"7548","SYC","2000","Female","76.46","76.23","76.71"
"7549","BTN","2002","Female","68.43","67.66","69.07"
"7550","CIV","2012","Male","56.47","55.48","57.37"
"7551","ARE","2002","Male","78.79","78.41","79.22"
"7552","EGY","2002","Both sexes","68.85","68.45","69.22"
"7553","MWI","2019","Female","66.05","65.11","67.01"
"7554","USA","2018","Female","80.86","80.81","80.90"
"7555","BLZ","2012","Female","76.90","76.72","77.12"
"7556","CHN","2003","Female","74.35","74.02","74.80"
"7557","STP","2018","Female","72.93","72.49","73.55"
"7558","DEU","2011","Male","78.13","78.08","78.18"
"7559","GRC","2008","Female","82.42","82.41","82.49"
"7560","BRA","2001","Male","68.41","68.12","68.76"
"7561","WSM","2016","Male","68.68","68.13","69.19"
"7562","SYC","2008","Male","69.16","68.98","69.41"
"7563","GAB","2018","Female","67.57","66.60","68.71"
"7564","PER","2012","Both sexes","79.02","78.57","79.63"
"7565","AUS","2012","Female","84.16","84.16","84.23"
"7566","CYP","2011","Both sexes","81.39","81.23","81.64"
"7567","YEM","2001","Both sexes","63.62","62.74","64.51"
"7568","SLE","2021","Male","60.15","58.74","61.51"
"7569","LBY","2004","Female","75.84","75.42","76.29"
"7570","SAU","2020","Both sexes","76.06","75.65","76.47"
"7571","TCD","2003","Female","53.53","52.73","54.27"
"7572","LBN","2013","Both sexes","78.16","77.86","78.57"
"7573","HUN","2000","Both sexes","71.36","71.32","71.46"
"7574","GHA","2013","Male","61.13","60.50","61.75"
"7575","TKM","2001","Both sexes","65.95","65.47","66.37"
"7576","BGR","2011","Female","77.63","77.55","77.78"
"7577","PRI","2019","Female","84.04","83.91","84.21"
"7578","BTN","2000","Both sexes","65.99","65.33","66.84"
"7579","HUN","2009","Both sexes","74.22","74.20","74.32"
"7580","VUT","2019","Male","64.12","63.53","64.72"
"7581","OMN","2011","Female","76.90","76.58","77.31"
"7582","FJI","2012","Female","69.60","69.22","70.05"
"7583","TGO","2000","Both sexes","56.08","55.18","57.18"
"7584","PER","2019","Both sexes","78.29","77.80","78.99"
"7585","PRT","2001","Male","73.40","73.38","73.49"
"7586","AUS","2003","Male","78.20","78.19","78.28"
"7587","ECU","2000","Both sexes","72.59","72.24","73.10"
"7588","WSM","2015","Male","68.76","68.35","69.38"
"7589","VNM","2005","Male","67.89","67.54","68.37"
"7590","LTU","2020","Female","79.77","79.69","79.91"
"7591","KWT","2009","Both sexes","79.20","79.11","79.37"
"7592","CYP","2003","Female","81.39","81.21","81.64"
"7593","SRB","2002","Male","69.68","69.56","69.85"
"7594","COG","2010","Both sexes","60.60","59.80","61.36"
"7595","WSM","2007","Both sexes","70.47","69.89","71.13"
"7596","UZB","2020","Female","73.41","73.06","73.79"
"7597","MMR","2011","Female","68.45","67.81","69.26"
"7598","MDG","2017","Male","62.57","61.55","63.68"
"7599","RUS","2011","Male","63.99","63.98","64.04"
"7600","DNK","2003","Female","79.56","79.54","79.66"
"7601","CMR","2009","Male","54.87","53.91","56.02"
"7602","COL","2000","Male","68.64","68.37","68.97"
"7603","VCT","2019","Both sexes","73.11","72.80","73.45"
"7604","URY","2013","Male","72.80","72.75","72.90"
"7605","MLI","2020","Both sexes","61.47","60.60","62.40"
"7606","TKM","2016","Male","65.49","65.01","66.08"
"7607","JAM","2018","Female","75.61","75.16","76.21"
"7608","COL","2020","Male","73.18","72.92","73.49"
"7609","SRB","2015","Female","77.77","77.74","77.89"
"7610","MMR","2014","Female","70.30","69.69","71.03"
"7611","PSE","2020","Female","77.08","76.73","77.49"
"7612","GNB","2005","Male","50.05","49.19","50.83"
"7613","TTO","2005","Male","68.44","68.09","68.83"
"7614","MEX","2017","Female","78.77","78.64","78.93"
"7615","MDA","2021","Male","65.53","65.18","65.91"
"7616","GEO","2010","Female","76.24","76.08","76.44"
"7617","STP","2003","Female","66.11","65.57","66.75"
"7618","GAB","2001","Female","59.26","58.22","60.20"
"7619","TUR","2017","Female","79.60","79.27","80.00"
"7620","SOM","2010","Male","47.14","45.78","48.67"
"7621","BHS","2003","Male","68.93","68.60","69.29"
"7622","CIV","2015","Both sexes","60.93","60.10","61.97"
"7623","GRC","2007","Both sexes","79.45","79.44","79.53"
"7624","THA","2020","Female","79.91","79.40","80.49"
"7625","MNE","2006","Both sexes","74.29","74.15","74.51"
"7626","ARG","2003","Female","77.83","77.81","77.91"
"7627","DZA","2015","Both sexes","76.07","75.79","76.41"
"7628","CHN","2013","Female","79.07","78.77","79.46"
"7629","GUY","2002","Female","67.76","67.39","68.26"
"7630","IRN","2011","Both sexes","76.87","76.73","77.08"
"7631","IRL","2003","Male","75.65","75.61","75.75"
"7632","POL","2017","Male","73.73","73.72","73.79"
"7633","YEM","2010","Both sexes","67.96","67.08","68.77"
"7634","KGZ","2012","Female","73.94","73.75","74.20"
"7635","BLZ","2010","Both sexes","73.61","73.45","73.85"
"7636","MOZ","2007","Both sexes","52.59","51.78","53.24"
"7637","BLZ","2012","Male","71.66","71.44","71.90"
"7638","MLT","2009","Male","77.91","77.80","78.08"
"7639","THA","2003","Female","75.68","75.24","76.09"
"7640","COL","2020","Female","79.28","79.09","79.55"
"7641","YEM","2020","Female","69.44","68.79","70.23"
"7642","TUN","2010","Male","73.86","73.00","74.78"
"7643","KGZ","2014","Male","66.98","66.72","67.31"
"7644","ESP","2020","Female","84.51","84.51","84.58"
"7645","MDA","2017","Male","68.95","68.74","69.23"
"7646","TUN","2010","Both sexes","76.22","75.44","77.01"
"7647","TZA","2010","Female","62.95","62.40","63.78"
"7648","GUY","2002","Male","61.75","61.19","62.34"
"7649","BLR","2012","Male","66.55","66.53","66.65"
"7650","MDA","2013","Female","75.25","75.10","75.49"
"7651","STP","2002","Both sexes","64.65","63.99","65.29"
"7652","CAN","2008","Male","78.36","78.36","78.43"
"7653","DJI","2019","Both sexes","65.44","64.22","66.49"
"7654","GRC","2009","Female","82.60","82.59","82.68"
"7655","BGD","2007","Female","70.61","70.25","70.97"
"7656","BLZ","2002","Both sexes","71.34","71.15","71.59"
"7657","COD","2004","Both sexes","54.34","53.27","55.22"
"7658","BGR","2011","Both sexes","74.07","73.97","74.22"
"7659","UKR","2000","Female","73.25","73.17","73.39"
"7660","ARG","2007","Female","78.44","78.42","78.52"
"7661","AUT","2021","Male","78.66","78.64","78.74"
"7662","MEX","2021","Both sexes","70.83","70.67","71.06"
"7663","SLV","2020","Both sexes","72.06","71.71","72.55"
"7664","ECU","2007","Both sexes","74.35","73.99","74.79"
"7665","BHR","2010","Male","73.04","72.86","73.30"
"7666","AZE","2015","Female","75.54","75.26","75.91"
"7667","FJI","2010","Both sexes","67.31","67.02","67.69"
"7668","ESP","2011","Female","84.62","84.55","84.69"
"7669","GMB","2000","Female","61.16","60.27","61.90"
"7670","CYP","2000","Female","81.03","80.85","81.26"
"7671","MLT","2006","Male","77.09","76.99","77.26"
"7672","NER","2006","Both sexes","55.74","54.70","56.85"
"7673","BOL","2002","Both sexes","67.18","66.68","67.77"
"7674","SUR","2011","Female","76.23","75.97","76.54"
"7675","THA","2015","Both sexes","76.97","76.50","77.47"
"7676","ITA","2016","Both sexes","82.87","82.81","82.93"
"7677","MYS","2019","Female","76.99","76.96","77.09"
"7678","NGA","2013","Female","62.62","61.79","63.52"
"7679","BEL","2005","Female","81.54","81.54","81.62"
"7680","SYC","2018","Both sexes","73.08","72.88","73.33"
"7681","IDN","2010","Male","67.54","67.03","68.28"
"7682","IND","2002","Female","65.37","64.76","65.90"
"7683","NOR","2011","Both sexes","80.97","80.95","81.06"
"7684","ARE","2021","Both sexes","78.31","77.88","78.91"
"7685","VEN","2016","Male","67.93","67.79","68.09"
"7686","CHE","2007","Female","83.76","83.72","83.84"
"7687","SWZ","2011","Male","45.45","44.23","46.64"
"7688","ZMB","2001","Female","45.63","44.41","46.89"
"7689","TLS","2003","Male","63.90","63.11","64.89"
"7690","CHL","2018","Male","78.57","78.55","78.65"
"7691","SEN","2007","Both sexes","63.89","63.37","64.49"
"7692","LTU","2012","Male","68.31","68.25","68.43"
"7693","NER","2001","Male","50.44","49.59","51.69"
"7694","GNB","2008","Both sexes","54.20","53.32","55.10"
"7695","QAT","2003","Male","69.57","69.07","70.16"
"7696","LAO","2020","Both sexes","68.74","67.94","69.68"
"7697","GNB","2017","Both sexes","58.35","57.39","59.48"
"7698","NPL","2008","Both sexes","69.03","68.48","69.74"
"7699","PAK","2002","Female","62.46","61.80","63.12"
"7700","SYR","2017","Both sexes","59.24","58.50","59.90"
"7701","MRT","2020","Male","68.23","67.47","69.16"
"7702","HRV","2002","Female","78.60","78.53","78.74"
"7703","SDN","2009","Female","67.69","66.85","68.75"
"7704","BDI","2010","Both sexes","59.60","58.86","60.45"
"7705","GRD","2000","Both sexes","71.59","71.37","71.89"
"7706","ERI","2007","Male","56.22","55.36","57.15"
"7707","KAZ","2005","Both sexes","65.07","64.79","65.41"
"7708","UKR","2003","Both sexes","67.52","67.49","67.61"
"7709","BGD","2016","Female","74.60","74.03","75.16"
"7710","PNG","2002","Female","64.29","63.54","65.16"
"7711","CHE","2014","Both sexes","82.85","82.82","82.93"
"7712","IND","2007","Male","64.66","64.07","65.27"
"7713","LTU","2011","Male","68.01","67.93","68.12"
"7714","SAU","2001","Male","69.72","69.18","70.19"
"7715","GUY","2020","Both sexes","66.94","66.01","68.10"
"7716","TTO","2014","Female","77.28","76.91","77.70"
"7717","GAB","2021","Female","67.92","67.03","69.05"
"7718","MLI","2011","Male","58.73","57.89","59.53"
"7719","CZE","2009","Both sexes","77.28","77.25","77.36"
"7720","GRC","2007","Male","77.01","77.00","77.10"
"7721","SSD","2017","Both sexes","58.88","57.48","60.06"
"7722","LBR","2009","Male","59.71","58.78","60.50"
"7723","NLD","2019","Female","83.76","83.74","83.84"
"7724","ALB","2006","Female","76.62","76.30","77.02"
"7725","BTN","2001","Male","66.75","66.02","67.60"
"7726","BFA","2015","Male","58.44","57.49","59.51"
"7727","MLI","2020","Male","60.68","59.65","61.76"
"7728","FJI","2003","Both sexes","66.63","66.36","66.95"
"7729","YEM","2012","Both sexes","68.27","67.29","69.09"
"7730","IDN","2003","Both sexes","67.85","67.36","68.37"
"7731","USA","2007","Female","80.23","80.18","80.28"
"7732","UKR","2002","Male","61.90","61.87","61.97"
"7733","BRN","2004","Female","77.68","77.50","77.96"
"7734","GNQ","2006","Male","57.13","55.43","58.98"
"7735","COD","2016","Female","62.43","61.64","63.41"
"7736","BHS","2010","Male","69.37","69.05","69.77"
"7737","TKM","2018","Both sexes","69.08","68.32","69.76"
"7738","EGY","2012","Male","67.14","66.86","67.50"
"7739","BRN","2007","Female","78.18","77.97","78.48"
"7740","BEL","2016","Male","78.70","78.68","78.80"
"7741","WSM","2010","Female","71.99","71.54","72.67"
"7742","ESP","2005","Male","76.80","76.74","76.87"
"7743","CYP","2019","Both sexes","82.18","81.97","82.48"
"7744","GEO","2000","Male","67.28","66.80","67.80"
"7745","KGZ","2015","Male","67.84","67.56","68.17"
"7746","GIN","2015","Female","60.46","59.53","61.29"
"7747","USA","2001","Both sexes","76.75","76.70","76.80"
"7748","ARG","2020","Female","79.38","79.32","79.48"
"7749","SWE","2005","Both sexes","80.42","80.42","80.49"
"7750","IRQ","2021","Male","68.89","68.12","69.66"
"7751","EST","2010","Both sexes","75.84","75.73","76.00"
"7752","MMR","2009","Male","61.18","60.64","61.96"
"7753","BLR","2015","Male","68.51","68.47","68.61"
"7754","LUX","2019","Both sexes","82.80","82.65","83.00"
"7755","GMB","2019","Female","66.98","66.16","67.76"
"7756","CHN","2005","Female","75.19","74.84","75.48"
"7757","TJK","2011","Both sexes","70.42","70.01","71.01"
"7758","SUR","2013","Male","69.99","69.68","70.42"
"7759","CHL","2014","Male","77.34","77.32","77.43"
"7760","EST","2013","Male","72.31","72.23","72.49"
"7761","NAM","2008","Both sexes","58.62","57.62","59.70"
"7762","TGO","2012","Both sexes","60.31","59.51","61.11"
"7763","YEM","2018","Female","69.83","69.03","70.70"
"7764","MDV","2012","Both sexes","75.85","75.64","76.17"
"7765","ARE","2010","Male","80.25","79.88","80.79"
"7766","TJK","2012","Male","69.16","68.70","69.82"
"7767","CHE","2020","Male","80.82","80.80","80.90"
"7768","FJI","2011","Female","69.42","69.04","69.83"
"7769","KEN","2015","Male","61.87","61.15","62.60"
"7770","CYP","2005","Female","81.73","81.56","81.97"
"7771","TTO","2016","Female","76.91","76.69","77.18"
"7772","ZAF","2019","Female","68.85","68.50","69.20"
"7773","LCA","2000","Both sexes","73.22","73.01","73.50"
"7774","KEN","2012","Male","60.21","59.68","60.98"
"7775","BLR","2004","Male","63.08","62.99","63.21"
"7776","RUS","2020","Both sexes","71.38","71.33","71.43"
"7777","CMR","2005","Male","52.88","52.09","53.78"
"7778","CIV","2003","Both sexes","52.20","51.48","53.16"
"7779","USA","2001","Female","79.14","79.09","79.19"
"7780","IRQ","2021","Both sexes","71.47","70.86","72.21"
"7781","MDV","2007","Female","75.53","75.28","75.86"
"7782","SLE","2005","Male","51.06","50.06","52.09"
"7783","PRI","2012","Male","75.69","75.60","75.84"
"7784","MEX","2000","Both sexes","74.22","74.06","74.44"
"7785","EST","2009","Female","79.92","79.82","80.09"
"7786","MEX","2017","Male","72.98","72.83","73.19"
"7787","LBN","2005","Female","78.74","78.44","79.18"
"7788","BRB","2016","Female","77.43","77.09","77.88"
"7789","BDI","2001","Male","43.11","42.38","44.01"
"7790","PSE","2011","Male","70.71","70.41","71.05"
"7791","LVA","2008","Male","66.40","66.32","66.56"
"7792","MUS","2019","Female","77.43","77.29","77.67"
"7793","PRI","2018","Both sexes","80.72","80.63","80.87"
"7794","PNG","2013","Male","64.46","63.76","65.13"
"7795","SUR","2021","Both sexes","69.78","68.82","70.90"
"7796","SVN","2010","Male","76.23","76.16","76.40"
"7797","COG","2015","Both sexes","62.05","61.26","62.93"
"7798","AUS","2004","Female","83.05","83.04","83.12"
"7799","SLV","2002","Male","69.20","68.85","69.62"
"7800","CHN","2014","Male","73.39","73.03","73.84"
"7801","GNB","2012","Male","54.15","53.27","55.30"
"7802","CZE","2011","Both sexes","77.79","77.76","77.88"
"7803","MDA","2006","Both sexes","66.72","66.57","66.95"
"7804","ARM","2005","Male","68.25","68.08","68.47"
"7805","ATG","2005","Female","77.55","77.32","77.88"
"7806","KGZ","2016","Both sexes","72.67","72.45","72.96"
"7807","KAZ","2019","Male","68.84","68.63","69.11"
"7808","SWZ","2018","Male","51.47","50.29","52.94"
"7809","RWA","2016","Female","69.01","68.37","69.85"
"7810","MNG","2010","Male","63.10","62.68","63.47"
"7811","SDN","2013","Female","68.94","68.22","69.83"
"7812","HRV","2004","Both sexes","75.62","75.57","75.76"
"7813","SOM","2001","Male","47.20","46.01","48.47"
"7814","AGO","2004","Both sexes","52.36","51.49","53.27"
"7815","DNK","2007","Female","80.35","80.34","80.44"
"7816","UGA","2016","Male","61.20","60.57","61.85"
"7817","SVN","2015","Both sexes","80.46","80.36","80.65"
"7818","ISL","2016","Male","80.70","80.63","80.90"
"7819","CHN","2020","Female","80.74","80.23","81.39"
"7820","GMB","2013","Male","61.46","60.68","62.17"
"7821","YEM","2006","Male","64.60","63.61","65.51"
"7822","BGR","2001","Both sexes","71.85","71.71","72.03"
"7823","KIR","2010","Male","58.06","57.31","58.98"
"7824","UZB","2009","Female","68.70","68.40","69.07"
"7825","SVN","2018","Female","83.69","83.56","83.90"
"7826","GBR","2003","Both sexes","78.15","78.09","78.20"
"7827","SLE","2018","Both sexes","59.87","58.59","61.08"
"7828","KWT","2019","Both sexes","82.50","82.42","82.67"
"7829","ERI","2018","Female","66.28","65.22","67.25"
"7830","NIC","2018","Both sexes","78.45","78.16","78.75"
"7831","MMR","2003","Female","63.13","62.27","63.97"
"7832","ETH","2020","Both sexes","68.80","68.25","69.54"
"7833","NIC","2019","Male","76.30","75.96","76.67"
"7834","NER","2012","Female","59.78","58.78","60.77"
"7835","KHM","2000","Male","56.78","56.12","57.55"
"7836","EGY","2011","Male","67.25","67.03","67.58"
"7837","URY","2002","Both sexes","75.11","75.04","75.25"
"7838","LBN","2010","Both sexes","77.97","77.67","78.35"
"7839","ROU","2015","Both sexes","74.91","74.87","75.02"
"7840","NER","2006","Female","56.31","55.29","57.48"
"7841","GEO","2001","Male","67.57","67.20","67.96"
"7842","SUR","2004","Female","73.91","73.67","74.19"
"7843","CMR","2010","Female","58.19","57.18","59.18"
"7844","LSO","2017","Female","54.02","52.61","55.42"
"7845","VNM","2013","Both sexes","72.84","72.44","73.36"
"7846","HUN","2002","Male","68.29","68.25","68.38"
"7847","MNE","2012","Both sexes","76.18","76.03","76.36"
"7848","ROU","2009","Both sexes","73.44","73.38","73.56"
"7849","SRB","2006","Female","76.02","75.97","76.15"
"7850","TUN","2009","Both sexes","76.08","75.36","76.93"
"7851","ECU","2017","Female","79.77","79.52","80.11"
"7852","MOZ","2006","Male","50.11","49.26","50.86"
"7853","TUR","2015","Male","74.05","73.74","74.51"
"7854","MOZ","2019","Male","55.39","54.28","56.66"
"7855","MYS","2019","Male","72.71","72.67","72.82"
"7856","HRV","2003","Male","71.27","71.20","71.40"
"7857","MNG","2004","Male","60.84","60.38","61.35"
"7858","URY","2004","Both sexes","75.26","75.17","75.39"
"7859","GNB","2009","Female","56.85","56.06","57.89"
"7860","MDG","2013","Female","64.19","63.48","65.15"
"7861","SSD","2004","Male","53.53","52.49","54.87"
"7862","SLB","2005","Female","66.47","65.59","67.35"
"7863","LAO","2014","Both sexes","66.43","65.79","67.29"
"7864","CIV","2005","Both sexes","53.85","52.91","54.87"
"7865","KAZ","2010","Both sexes","68.51","68.27","68.88"
"7866","AZE","2019","Both sexes","75.80","75.58","76.16"
"7867","COM","2019","Male","66.80","65.95","67.94"
"7868","JAM","2009","Male","69.03","68.84","69.36"
"7869","ECU","2002","Male","69.94","69.54","70.46"
"7870","KGZ","2015","Both sexes","71.54","71.29","71.85"
"7871","BHR","2000","Male","68.71","68.53","69.03"
"7872","CMR","2001","Female","54.15","53.23","55.10"
"7873","PAN","2012","Female","80.74","80.54","81.00"
"7874","LKA","2009","Female","76.57","76.48","76.72"
"7875","GMB","2013","Both sexes","63.42","62.66","64.36"
"7876","BRA","2013","Male","70.97","70.78","71.25"
"7877","BGD","2020","Female","74.97","74.40","75.60"
"7878","BGD","2019","Both sexes","73.95","73.16","74.84"
"7879","LAO","2012","Male","63.32","62.63","64.17"
"7880","SEN","2009","Female","66.71","66.15","67.30"
"7881","BEN","2003","Female","60.42","59.76","61.14"
"7882","JPN","2010","Female","86.18","86.12","86.23"
"7883","LSO","2006","Female","43.54","42.10","45.13"
"7884","DZA","2017","Female","76.98","76.70","77.37"
"7885","TUN","2000","Male","71.80","71.25","72.40"
"7886","LCA","2010","Female","79.79","79.54","80.11"
"7887","TON","2001","Both sexes","71.22","70.84","71.62"
"7888","IRQ","2015","Both sexes","71.01","70.22","72.01"
"7889","LKA","2015","Female","79.52","79.26","79.90"
"7890","BEL","2003","Male","75.27","75.25","75.35"
"7891","LBN","2011","Female","80.10","79.82","80.45"
"7892","NIC","2021","Male","72.26","71.76","72.80"
"7893","SEN","2003","Both sexes","60.79","60.28","61.38"
"7894","BFA","2020","Male","60.31","59.37","61.28"
"7895","HTI","2017","Female","63.65","62.73","64.61"
"7896","BLR","2016","Both sexes","73.89","73.84","74.00"
"7897","HTI","2004","Both sexes","57.54","56.78","58.53"
"7898","GAB","2014","Both sexes","63.77","62.91","64.72"
"7899","POL","2010","Male","72.08","72.08","72.14"
"7900","STP","2011","Both sexes","69.20","68.76","69.75"
"7901","EST","2000","Male","65.62","65.53","65.77"
"7902","AUT","2017","Male","79.20","79.19","79.28"
"7903","PER","2011","Male","77.08","76.64","77.59"
"7904","JOR","2017","Both sexes","79.14","78.78","79.60"
"7905","DZA","2007","Male","73.93","73.48","74.40"
"7906","GUY","2002","Both sexes","64.63","64.07","65.19"
"7907","IRQ","2018","Female","75.52","74.71","76.29"
"7908","SAU","2007","Female","73.73","73.44","74.06"
"7909","UZB","2003","Male","60.24","59.68","60.69"
"7910","IRL","2012","Both sexes","80.49","80.47","80.59"
"7911","SOM","2020","Both sexes","55.13","54.07","56.46"
"7912","JAM","2018","Both sexes","72.52","71.97","73.27"
"7913","MKD","2010","Both sexes","74.84","74.73","75.03"
"7914","CIV","2018","Male","60.59","59.54","61.52"
"7915","PRI","2017","Male","75.02","74.44","75.89"
"7916","POL","2001","Male","69.94","69.93","70.00"
"7917","BRN","2008","Female","78.21","77.99","78.47"
"7918","USA","2015","Female","80.76","80.71","80.80"
"7919","PRT","2004","Male","74.74","74.72","74.82"
"7920","TON","2009","Female","74.08","73.59","74.60"
"7921","ARG","2015","Female","79.64","79.63","79.72"
"7922","MNG","2020","Male","68.50","68.17","68.92"
"7923","MRT","2000","Male","63.06","62.36","63.77"
"7924","IRL","2003","Both sexes","78.02","78.00","78.13"
"7925","TZA","2011","Both sexes","62.26","61.49","63.20"
"7926","BGD","2019","Male","72.64","71.97","73.44"
"7927","CYP","2007","Male","78.07","77.85","78.43"
"7928","SLB","2018","Male","63.25","62.48","64.34"
"7929","GRD","2018","Both sexes","72.79","72.46","73.16"
"7930","DOM","2001","Both sexes","73.60","73.13","74.32"
"7931","DEU","2021","Both sexes","80.49","80.49","80.56"
"7932","PRK","2017","Male","68.92","68.21","69.69"
"7933","SRB","2001","Both sexes","72.28","72.17","72.46"
"7934","CYP","2002","Female","81.28","81.08","81.55"
"7935","PRY","2013","Both sexes","75.04","74.45","75.61"
"7936","VCT","2011","Both sexes","73.21","72.91","73.57"
"7937","CAF","2005","Female","47.51","46.33","48.82"
"7938","PRY","2011","Male","72.31","71.78","72.92"
"7939","USA","2019","Both sexes","78.74","78.69","78.79"
"7940","UZB","2010","Both sexes","66.72","66.43","67.10"
"7941","ZAF","2009","Female","57.16","56.85","57.53"
"7942","TJK","2016","Both sexes","72.72","72.27","73.23"
"7943","DZA","2005","Female","74.96","74.61","75.46"
"7944","CPV","2017","Female","77.81","77.40","78.26"
"7945","FIN","2012","Male","77.47","77.44","77.56"
"7946","ARE","2021","Male","77.18","76.68","77.84"
"7947","PRT","2011","Female","83.27","83.26","83.35"
"7948","GRC","2005","Both sexes","79.40","79.39","79.48"
"7949","MLT","2007","Male","77.32","77.22","77.50"
"7950","EST","2016","Female","81.73","81.61","81.92"
"7951","MAR","2011","Both sexes","72.58","71.89","73.29"
"7952","SYC","2013","Both sexes","73.29","73.12","73.56"
"7953","TKM","2004","Male","61.67","61.20","62.11"
"7954","GIN","2001","Male","53.77","52.88","54.62"
"7955","CHL","2010","Male","76.14","76.12","76.22"
"7956","IRL","2009","Female","81.93","81.90","82.01"
"7957","NGA","2013","Male","59.53","58.32","60.69"
"7958","LVA","2006","Male","64.80","64.73","64.93"
"7959","CHN","2017","Both sexes","76.95","76.57","77.51"
"7960","FJI","2008","Both sexes","67.03","66.74","67.35"
"7961","PER","2014","Both sexes","80.00","79.62","80.51"
"7962","FIN","2016","Female","83.82","83.81","83.92"
"7963","EST","2018","Both sexes","78.35","78.24","78.55"
"7964","BGD","2010","Male","68.45","67.92","69.08"
"7965","GUY","2013","Both sexes","66.24","65.71","66.87"
"7966","TGO","2003","Female","58.32","57.39","59.45"
"7967","BHR","2009","Female","74.50","74.37","74.72"
"7968","ZAF","2020","Female","66.59","66.32","66.96"
"7969","URY","2009","Both sexes","76.67","76.59","76.84"
"7970","PAN","2000","Male","73.18","72.91","73.54"
"7971","PRK","2014","Both sexes","71.14","70.52","71.78"
"7972","MDA","2009","Female","72.47","72.30","72.64"
"7973","PER","2019","Female","79.88","79.34","80.45"
"7974","SLE","2000","Female","51.58","50.60","52.78"
"7975","ROU","2020","Female","78.09","78.05","78.18"
"7976","HND","2016","Female","72.38","71.71","72.99"
"7977","PHL","2009","Female","73.93","73.58","74.24"
"7978","BDI","2015","Female","64.59","63.84","65.41"
"7979","USA","2013","Female","80.89","80.84","80.94"
"7980","PRY","2009","Both sexes","74.79","74.24","75.51"
"7981","DNK","2017","Male","79.13","79.11","79.21"
"7982","LUX","2006","Male","77.37","77.28","77.57"
"7983","VEN","2010","Male","70.66","70.58","70.80"
"7984","PRK","2011","Both sexes","70.26","69.61","70.98"
"7985","TUR","2019","Female","80.13","79.84","80.52"
"7986","SUR","2005","Female","74.32","74.02","74.63"
"7987","GRD","2008","Male","67.94","67.75","68.26"
"7988","CHN","2011","Female","78.10","77.81","78.44"
"7989","LAO","2007","Both sexes","62.61","61.92","63.36"
"7990","USA","2015","Both sexes","78.61","78.56","78.66"
"7991","CUB","2011","Both sexes","78.53","78.49","78.63"
"7992","MWI","2006","Female","52.15","51.21","53.25"
"7993","CPV","2005","Both sexes","72.62","72.07","73.27"
"7994","LAO","2006","Both sexes","61.98","61.24","62.71"
"7995","GTM","2017","Male","70.04","69.78","70.44"
"7996","BGR","2012","Both sexes","74.28","74.18","74.47"
"7997","PHL","2015","Male","65.81","65.43","66.25"
"7998","MYS","2000","Both sexes","73.01","72.96","73.13"
"7999","ROU","2013","Both sexes","75.00","74.96","75.11"
"8000","LTU","2007","Female","77.11","77.04","77.22"
"8001","GNQ","2006","Both sexes","57.74","56.23","59.35"
"8002","TZA","2015","Male","63.54","62.67","64.41"
"8003","QAT","2000","Both sexes","70.38","70.01","71.06"
"8004","LBR","2021","Male","62.64","61.33","63.74"
"8005","SLV","2009","Male","69.52","69.34","69.77"
"8006","NZL","2002","Female","80.79","80.77","80.88"
"8007","SLV","2012","Male","71.46","71.27","71.70"
"8008","IND","2017","Female","71.57","71.14","72.04"
"8009","OMN","2001","Both sexes","72.18","71.59","72.92"
"8010","ARM","2010","Female","76.94","76.78","77.14"
"8011","CHN","2016","Male","73.89","73.42","74.43"
"8012","FSM","2003","Female","67.02","66.39","67.65"
"8013","PSE","2010","Female","74.81","74.58","75.14"
"8014","LKA","2002","Female","77.61","77.54","77.76"
"8015","DOM","2006","Both sexes","72.80","72.26","73.62"
"8016","PRK","2011","Female","73.03","72.47","73.66"
"8017","TCD","2010","Female","57.21","56.43","57.96"
"8018","KWT","2003","Male","77.57","77.47","77.74"
"8019","COL","2007","Female","78.23","77.98","78.55"
"8020","COD","2016","Male","58.49","57.50","59.63"
"8021","STP","2010","Male","67.63","67.12","68.37"
"8022","BLR","2014","Both sexes","73.15","73.12","73.26"
"8023","DOM","2015","Both sexes","73.29","72.71","73.84"
"8024","BLZ","2011","Both sexes","73.85","73.65","74.09"
"8025","MYS","2004","Male","71.66","71.64","71.74"
"8026","CHN","2006","Female","76.09","75.83","76.39"
"8027","ZWE","2007","Male","46.73","45.93","47.79"
"8028","POL","2014","Both sexes","77.47","77.46","77.54"
"8029","PER","2019","Male","76.69","76.13","77.49"
"8030","LBR","2010","Male","59.95","58.97","60.77"
"8031","QAT","2015","Female","78.84","78.39","79.36"
"8032","AUS","2000","Both sexes","79.70","79.70","79.77"
"8033","PRY","2017","Both sexes","75.35","74.80","75.98"
"8034","CZE","2018","Both sexes","78.89","78.86","78.99"
"8035","BHS","2017","Male","70.04","69.51","70.68"
"8036","TZA","2005","Both sexes","56.55","55.80","57.36"
"8037","KOR","2000","Male","72.24","72.23","72.33"
"8038","PRT","2019","Male","78.38","78.36","78.46"
"8039","SYC","2019","Male","70.08","69.80","70.41"
"8040","POL","2016","Female","81.56","81.55","81.63"
"8041","BEN","2007","Male","57.88","57.01","58.69"
"8042","ECU","2008","Male","71.22","70.80","71.74"
"8043","HRV","2006","Both sexes","76.03","75.97","76.17"
"8044","THA","2013","Female","79.93","79.60","80.31"
"8045","NIC","2010","Female","79.66","79.44","79.99"
"8046","ROU","2002","Male","67.30","67.19","67.44"
"8047","CUB","2021","Both sexes","73.67","73.38","74.03"
"8048","LVA","2003","Both sexes","70.55","70.46","70.71"
"8049","WSM","2016","Female","71.25","70.71","71.88"
"8050","GUY","2000","Male","61.74","61.16","62.43"
"8051","BIH","2018","Female","79.77","79.69","79.95"
"8052","IDN","2006","Both sexes","68.40","67.92","68.94"
"8053","CMR","2021","Female","63.72","62.83","64.68"
"8054","ESP","2017","Both sexes","82.68","82.62","82.74"
"8055","LCA","2007","Male","71.82","71.53","72.16"
"8056","THA","2011","Female","79.02","78.69","79.32"
"8057","CAF","2007","Male","46.09","45.06","47.20"
"8058","LAO","2004","Both sexes","60.74","60.07","61.55"
"8059","HUN","2014","Both sexes","75.78","75.75","75.88"
"8060","KHM","2009","Female","68.98","68.41","69.56"
"8061","NER","2008","Male","56.65","55.54","57.75"
"8062","UZB","2014","Female","71.12","70.89","71.42"
"8063","DJI","2014","Male","61.90","60.76","63.23"
"8064","TUR","2011","Both sexes","76.70","76.31","77.14"
"8065","KGZ","2001","Both sexes","66.68","66.31","67.12"
"8066","COM","2021","Female","68.73","68.19","69.61"
"8067","SLE","2006","Female","53.47","52.60","54.34"
"8068","MYS","2005","Male","72.01","72.00","72.09"
"8069","GHA","2001","Male","57.80","57.17","58.43"
"8070","CHN","2008","Male","71.44","71.13","71.82"
"8071","TJK","2015","Female","74.18","73.79","74.66"
"8072","NLD","2004","Both sexes","79.10","79.09","79.17"
"8073","GUY","2015","Female","70.36","69.73","71.14"
"8074","TON","2010","Male","69.50","69.06","70.13"
"8075","DOM","2009","Female","76.34","75.80","76.97"
"8076","BLZ","2013","Both sexes","74.31","74.09","74.53"
"8077","BWA","2002","Female","48.60","46.47","50.71"
"8078","SOM","2004","Male","47.23","45.87","48.64"
"8079","KAZ","2012","Both sexes","69.68","69.47","69.95"
"8080","FIN","2001","Both sexes","78.02","78.00","78.10"
"8081","COL","2001","Female","76.68","76.46","76.99"
"8082","ESP","2010","Female","84.58","84.52","84.65"
"8083","NIC","2006","Female","79.64","79.38","79.97"
"8084","SLV","2008","Both sexes","74.41","74.26","74.67"
"8085","JOR","2018","Female","80.14","79.82","80.57"
"8086","COL","2004","Female","77.43","77.17","77.73"
"8087","DZA","2006","Female","75.17","74.82","75.57"
"8088","IDN","2011","Female","71.23","70.72","71.89"
"8089","ESP","2000","Male","75.69","75.69","75.77"
"8090","OMN","2009","Female","77.25","76.87","77.61"
"8091","HTI","2004","Female","56.95","56.26","57.73"
"8092","SGP","2016","Both sexes","83.24","83.23","83.33"
"8093","JPN","2001","Female","85.09","85.03","85.14"
"8094","ISR","2008","Both sexes","80.42","80.41","80.51"
"8095","BDI","2012","Female","62.69","61.91","63.43"
"8096","EST","2006","Female","78.31","78.21","78.49"
"8097","SEN","2017","Male","66.47","65.92","67.45"
"8098","CPV","2018","Female","78.03","77.56","78.56"
"8099","BTN","2010","Female","72.86","72.17","73.42"
"8100","MMR","2005","Male","59.08","58.40","59.87"
"8101","MRT","2015","Both sexes","69.45","68.68","70.31"
"8102","NGA","2016","Female","63.57","62.56","64.50"
"8103","AZE","2011","Female","73.17","72.86","73.62"
"8104","BDI","2020","Both sexes","64.59","63.86","65.56"
"8105","EGY","2017","Female","73.96","73.73","74.26"
"8106","SAU","2013","Male","76.68","76.43","76.98"
"8107","DJI","2003","Male","58.02","56.78","59.23"
"8108","TGO","2014","Both sexes","61.09","60.31","61.95"
"8109","BHS","2003","Female","75.03","74.85","75.33"
"8110","CAF","2007","Both sexes","47.39","46.35","48.64"
"8111","AUS","2004","Both sexes","80.76","80.76","80.84"
"8112","CAF","2020","Both sexes","53.08","51.90","54.10"
"8113","PER","2004","Female","78.46","78.10","78.94"
"8114","OMN","2010","Female","76.90","76.63","77.27"
"8115","DOM","2017","Both sexes","73.41","72.80","74.13"
"8116","TJK","2009","Both sexes","69.35","68.84","69.89"
"8117","BLZ","2009","Both sexes","73.67","73.48","73.92"
"8118","CRI","2019","Both sexes","80.30","80.20","80.42"
"8119","EST","2002","Male","65.52","65.42","65.70"
"8120","QAT","2002","Male","69.15","68.66","69.78"
"8121","CAF","2006","Male","45.54","44.40","46.56"
"8122","KGZ","2017","Both sexes","72.81","72.56","73.09"
"8123","SOM","2017","Both sexes","54.18","52.82","55.41"
"8124","PRY","2001","Male","72.59","71.91","73.38"
"8125","FIN","2019","Male","79.11","79.08","79.22"
"8126","TJK","2017","Both sexes","73.19","72.79","73.77"
"8127","SAU","2009","Male","73.02","72.81","73.30"
"8128","COL","2013","Female","80.11","79.85","80.42"
"8129","NAM","2019","Female","66.90","65.84","68.05"
"8130","KEN","2018","Both sexes","66.07","65.44","66.92"
"8131","PRY","2014","Both sexes","75.31","74.76","76.04"
"8132","CZE","2018","Male","76.02","75.99","76.12"
"8133","BFA","2018","Both sexes","62.36","61.49","63.51"
"8134","CHE","2001","Female","82.71","82.70","82.79"
"8135","JPN","2003","Both sexes","82.14","82.09","82.19"
"8136","COG","2002","Female","53.94","53.15","55.01"
"8137","NLD","2011","Both sexes","80.96","80.94","81.04"
"8138","DOM","2011","Both sexes","74.03","73.41","74.68"
"8139","DNK","2019","Both sexes","81.28","81.25","81.38"
"8140","GHA","2007","Both sexes","60.67","60.16","61.33"
"8141","MRT","2020","Both sexes","68.93","68.29","69.76"
"8142","GBR","2008","Both sexes","79.54","79.48","79.59"
"8143","IND","2015","Female","70.99","70.56","71.62"
"8144","NPL","2010","Both sexes","69.47","68.84","70.09"
"8145","HUN","2015","Female","78.75","78.72","78.85"
"8146","TUR","2008","Female","79.66","79.31","80.10"
"8147","COL","2006","Female","77.85","77.59","78.16"
"8148","BRB","2001","Female","76.93","76.77","77.21"
"8149","LBN","2021","Both sexes","74.34","73.77","74.90"
"8150","BTN","2015","Both sexes","73.07","72.54","73.77"
"8151","LBN","2011","Both sexes","77.97","77.68","78.34"
"8152","UGA","2014","Male","60.00","59.30","60.74"
"8153","PRY","2018","Male","72.43","71.80","73.10"
"8154","BHR","2004","Male","70.18","70.03","70.49"
"8155","SEN","2003","Female","62.25","61.81","62.82"
"8156","BLZ","2016","Female","77.55","77.36","77.82"
"8157","RWA","2018","Male","65.55","64.85","66.49"
"8158","MLT","2001","Female","80.24","80.14","80.43"
"8159","BGR","2003","Female","75.84","75.75","75.99"
"8160","BEL","2009","Male","77.23","77.22","77.30"
"8161","BHR","2019","Female","76.86","76.63","77.21"
"8162","UZB","2019","Male","70.15","69.90","70.46"
"8163","FSM","2006","Male","61.54","60.81","62.33"
"8164","KWT","2020","Both sexes","78.77","78.71","78.94"
"8165","PRI","2000","Female","79.92","79.85","80.09"
"8166","ECU","2001","Both sexes","73.07","72.69","73.52"
"8167","IND","2010","Both sexes","67.48","66.99","68.04"
"8168","BDI","2006","Male","53.94","53.28","54.73"
"8169","PRY","2012","Both sexes","75.12","74.64","75.68"
"8170","ALB","2015","Both sexes","77.77","77.43","78.20"
"8171","PAN","2006","Both sexes","76.73","76.53","77.05"
"8172","NER","2003","Both sexes","52.78","51.72","53.84"
"8173","NGA","2005","Both sexes","56.92","55.95","58.03"
"8174","GHA","2010","Male","59.79","59.26","60.46"
"8175","MUS","2004","Both sexes","71.99","71.87","72.18"
"8176","AZE","2004","Male","64.53","64.09","65.05"
"8177","LUX","2010","Male","78.87","78.77","79.02"
"8178","SYC","2012","Both sexes","73.25","73.04","73.51"
"8179","ALB","2018","Female","79.88","79.70","80.14"
"8180","OMN","2009","Male","70.62","70.25","71.12"
"8181","PSE","2018","Female","77.46","77.14","77.91"
"8182","THA","2003","Male","68.52","68.09","69.14"
"8183","BEL","2009","Female","82.33","82.32","82.41"
"8184","TLS","2013","Both sexes","67.46","66.79","68.46"
"8185","LAO","2020","Male","66.20","65.49","67.18"
"8186","SOM","2008","Male","48.04","46.72","49.63"
"8187","BTN","2002","Both sexes","67.85","67.08","68.56"
"8188","CYP","2003","Male","76.86","76.67","77.16"
"8189","DNK","2014","Male","78.62","78.59","78.71"
"8190","PHL","2007","Both sexes","69.58","69.27","69.99"
"8191","GHA","2005","Male","58.30","57.74","59.01"
"8192","TON","2019","Both sexes","72.94","72.39","73.64"
"8193","TON","2016","Both sexes","72.56","71.93","73.20"
"8194","SWE","2016","Male","80.37","80.36","80.45"
"8195","AUS","2006","Both sexes","81.04","81.04","81.12"
"8196","ISL","2005","Both sexes","80.90","80.80","81.11"
"8197","COD","2018","Female","63.61","62.69","64.59"
"8198","CZE","2017","Female","81.69","81.66","81.80"
"8199","PNG","2011","Both sexes","65.03","64.32","65.92"
"8200","SWE","2005","Male","78.31","78.31","78.39"
"8201","LBR","2021","Female","64.27","62.84","65.37"
"8202","IRL","2004","Male","75.94","75.92","76.05"
"8203","GNB","2014","Male","54.71","53.69","55.87"
"8204","OMN","2001","Female","76.00","75.45","76.66"
"8205","DJI","2012","Male","61.18","60.02","62.55"
"8206","BTN","2018","Female","74.95","74.31","75.63"
"8207","ESP","2001","Female","82.76","82.69","82.82"
"8208","ZWE","2021","Both sexes","58.48","57.78","59.37"
"8209","NGA","2020","Female","64.44","63.41","65.39"
"8210","BIH","2015","Male","74.53","74.46","74.66"
"8211","MLT","2017","Both sexes","82.06","81.95","82.26"
"8212","RUS","2010","Female","74.76","74.75","74.84"
"8213","TCD","2011","Both sexes","56.18","55.27","57.10"
"8214","BGD","2000","Male","63.71","63.24","64.31"
"8215","COD","2019","Female","64.08","63.33","64.97"
"8216","TCD","2012","Male","55.13","54.18","56.19"
"8217","NIC","2004","Male","72.87","72.57","73.21"
"8218","ROU","2005","Female","75.62","75.56","75.75"
"8219","HRV","2003","Both sexes","74.86","74.79","74.98"
"8220","LTU","2003","Both sexes","71.85","71.78","71.95"
"8221","BFA","2010","Male","56.45","55.54","57.41"
"8222","SAU","2000","Male","69.43","68.96","69.95"
"8223","PAK","2009","Both sexes","63.92","63.20","64.83"
"8224","KIR","2011","Male","58.15","57.22","59.11"
"8225","GRD","2008","Both sexes","70.93","70.70","71.22"
"8226","DZA","2014","Both sexes","75.93","75.68","76.23"
"8227","SSD","2021","Female","60.61","59.34","61.91"
"8228","MDV","2005","Male","71.50","71.19","71.86"
"8229","PHL","2019","Female","73.22","72.78","73.65"
"8230","COG","2018","Male","62.71","61.95","63.55"
"8231","SEN","2005","Male","60.85","60.26","61.38"
"8232","IRN","2018","Male","76.27","76.14","76.43"
"8233","CMR","2002","Male","51.72","50.83","52.68"
"8234","IDN","2004","Female","67.27","66.87","67.78"
"8235","GRC","2013","Male","78.53","78.52","78.61"
"8236","ARG","2003","Both sexes","74.25","74.23","74.35"
"8237","MRT","2016","Male","69.65","68.93","70.51"
"8238","FSM","2003","Both sexes","64.10","63.40","64.82"
"8239","BOL","2013","Male","70.45","69.79","71.15"
"8240","PRY","2003","Both sexes","75.01","74.45","75.76"
"8241","GBR","2011","Both sexes","80.64","80.58","80.70"
"8242","ARE","2017","Both sexes","80.93","80.66","81.44"
"8243","JOR","2005","Both sexes","73.43","73.04","73.90"
"8244","GHA","2010","Female","64.28","63.73","64.99"
"8245","PRT","2005","Female","81.21","81.19","81.30"
"8246","PER","2007","Female","80.31","79.94","80.78"
"8247","CHL","2019","Male","78.66","78.64","78.76"
"8248","THA","2020","Both sexes","76.51","75.90","77.31"
"8249","MAR","2002","Female","71.42","70.73","72.24"
"8250","SLB","2015","Male","62.85","61.91","63.77"
"8251","PAK","2000","Male","60.98","60.19","61.86"
"8252","SOM","2000","Female","51.57","50.56","52.64"
"8253","CHL","2006","Male","75.71","75.69","75.79"
"8254","MDG","2015","Male","62.33","61.41","63.39"
"8255","UKR","2018","Both sexes","72.72","72.15","73.41"
"8256","TGO","2011","Both sexes","59.79","58.91","60.66"
"8257","JOR","2018","Male","79.68","79.12","80.26"
"8258","MNE","2001","Female","75.78","75.64","76.00"
"8259","LKA","2015","Both sexes","76.45","76.13","76.93"
"8260","MAR","2019","Male","72.85","72.22","73.57"
"8261","MMR","2007","Male","60.13","59.36","60.82"
"8262","ZWE","2019","Male","56.90","56.11","57.87"
"8263","TUR","2019","Both sexes","77.62","77.24","78.08"
"8264","MDV","2014","Male","75.27","74.91","75.57"
"8265","TUN","2015","Both sexes","76.79","76.04","77.66"
"8266","ECU","2006","Both sexes","73.97","73.58","74.46"
"8267","LAO","2019","Male","66.14","65.22","67.08"
"8268","ARM","2005","Both sexes","72.08","71.89","72.34"
"8269","TJK","2006","Both sexes","68.49","67.95","69.07"
"8270","NOR","2006","Male","78.08","78.05","78.17"
"8271","GHA","2001","Both sexes","59.15","58.51","59.85"
"8272","CRI","2005","Both sexes","79.72","79.63","79.87"
"8273","ZMB","2003","Both sexes","47.10","45.93","48.25"
"8274","LVA","2007","Male","65.23","65.14","65.36"
"8275","VUT","2001","Female","68.58","67.93","69.23"
"8276","LCA","2013","Male","72.78","72.49","73.12"
"8277","CMR","2016","Both sexes","59.79","58.98","60.81"
"8278","KOR","2007","Both sexes","79.38","79.32","79.44"
"8279","ARE","2006","Female","80.46","80.14","80.89"
"8280","ITA","2013","Both sexes","82.29","82.23","82.34"
"8281","SLB","2007","Male","61.52","60.57","62.48"
"8282","THA","2009","Female","78.26","77.89","78.70"
"8283","LBY","2002","Both sexes","73.45","73.00","73.88"
"8284","JAM","2015","Female","75.01","74.75","75.37"
"8285","AUS","2020","Male","81.50","81.48","81.59"
"8286","SYC","2004","Both sexes","72.22","72.04","72.53"
"8287","BEL","2005","Male","76.07","76.06","76.15"
"8288","LUX","2015","Both sexes","82.38","82.25","82.58"
"8289","TGO","2020","Male","61.33","60.19","62.54"
"8290","SDN","2003","Both sexes","63.68","62.85","64.64"
"8291","ERI","2007","Both sexes","59.29","58.50","60.38"
"8292","VCT","2000","Both sexes","71.66","71.32","72.03"
"8293","PHL","2001","Female","73.82","73.46","74.24"
"8294","BHS","2009","Female","76.11","75.90","76.39"
"8295","USA","2006","Both sexes","77.68","77.63","77.73"
"8296","DEU","2018","Male","78.42","78.37","78.48"
"8297","MWI","2011","Both sexes","58.11","57.39","58.85"
"8298","BGD","2000","Female","67.40","66.91","67.95"
"8299","LAO","2004","Female","62.87","62.15","63.56"
"8300","BEL","2011","Female","82.61","82.60","82.68"
"8301","CHE","2009","Both sexes","81.89","81.87","81.98"
"8302","GTM","2018","Male","70.22","69.92","70.55"
"8303","GNQ","2008","Male","58.57","57.26","60.23"
"8304","FRA","2011","Male","78.36","78.30","78.41"
"8305","ECU","2001","Male","70.02","69.66","70.47"
"8306","BFA","2001","Male","50.80","49.92","51.80"
"8307","MUS","2013","Female","77.23","77.06","77.45"
"8308","PRY","2003","Male","72.57","71.95","73.37"
"8309","KIR","2016","Male","58.49","57.60","59.41"
"8310","MDG","2006","Female","62.36","61.68","63.13"
"8311","SLE","2017","Female","59.98","58.99","61.02"
"8312","COG","2019","Both sexes","62.76","62.00","63.71"
"8313","KEN","2001","Both sexes","54.33","53.18","55.41"
"8314","LBN","2009","Both sexes","77.79","77.37","78.21"
"8315","PHL","2005","Male","65.54","65.19","65.99"
"8316","PRI","2017","Female","81.77","80.63","82.88"
"8317","PRI","2006","Both sexes","78.06","77.98","78.21"
"8318","BWA","2012","Male","57.72","56.70","58.90"
"8319","URY","2000","Male","70.69","70.61","70.84"
"8320","COG","2021","Both sexes","63.17","62.23","64.07"
"8321","CIV","2009","Male","55.42","54.66","56.44"
"8322","JPN","2003","Male","78.71","78.66","78.76"
"8323","MDV","2018","Both sexes","78.68","78.42","79.11"
"8324","LBN","2004","Both sexes","77.10","76.74","77.59"
"8325","ESP","2000","Both sexes","79.09","79.09","79.16"
"8326","BTN","2004","Female","69.64","69.10","70.34"
"8327","MAR","2015","Both sexes","73.26","72.69","74.15"
"8328","ESP","2019","Male","80.54","80.47","80.60"
"8329","MYS","2006","Both sexes","74.30","74.30","74.38"
"8330","RWA","2021","Male","65.45","64.77","66.45"
"8331","UZB","2010","Male","64.39","64.08","64.75"
"8332","GUY","2008","Female","68.85","68.44","69.35"
"8333","BLZ","2007","Female","75.56","75.39","75.77"
"8334","AUT","2000","Female","80.98","80.97","81.07"
"8335","GMB","2015","Male","61.87","61.01","62.74"
"8336","TLS","2013","Female","68.84","67.96","69.58"
"8337","COL","2012","Female","79.86","79.62","80.17"
"8338","MLI","2005","Female","56.12","55.46","56.93"
"8339","DOM","2018","Male","70.38","69.59","71.14"
"8340","GEO","2016","Both sexes","72.63","72.47","72.80"
"8341","FSM","2011","Both sexes","64.91","64.07","65.67"
"8342","KHM","2001","Female","62.18","61.60","62.85"
"8343","IRQ","2018","Both sexes","73.06","72.28","74.13"
"8344","SEN","2011","Male","64.29","63.73","65.03"
"8345","ISR","2006","Male","77.93","77.91","78.02"
"8346","ATG","2003","Male","72.96","72.75","73.28"
"8347","SVN","2005","Female","80.73","80.66","80.89"
"8348","SLV","2004","Male","68.89","68.61","69.18"
"8349","CZE","2012","Both sexes","77.97","77.94","78.06"
"8350","MRT","2004","Male","65.67","64.92","66.43"
"8351","KEN","2016","Female","67.53","66.98","68.24"
"8352","SEN","2021","Both sexes","67.79","67.16","68.63"
"8353","USA","2020","Female","79.51","79.45","79.56"
"8354","HTI","2010","Male","43.93","43.21","44.60"
"8355","JOR","2008","Female","75.76","75.45","76.15"
"8356","MUS","2012","Female","77.19","77.03","77.36"
"8357","RWA","2014","Female","68.48","67.79","69.24"
"8358","UZB","2018","Female","73.57","73.37","73.83"
"8359","LAO","2002","Female","61.57","60.87","62.32"
"8360","CUB","2010","Male","75.84","75.81","75.93"
"8361","LKA","2009","Both sexes","72.42","72.32","72.56"
"8362","SLV","2010","Both sexes","74.56","74.38","74.79"
"8363","SOM","2006","Male","47.65","46.41","49.31"
"8364","AZE","2015","Male","71.68","71.35","72.09"
"8365","IRN","2021","Both sexes","74.71","74.57","74.94"
"8366","SSD","2003","Both sexes","54.40","53.23","55.48"
"8367","MDA","2002","Male","62.27","62.02","62.50"
"8368","THA","2004","Female","75.50","75.13","75.99"
"8369","BHR","2019","Male","75.39","75.15","75.72"
"8370","CPV","2000","Both sexes","71.70","70.89","72.58"
"8371","MKD","2006","Both sexes","73.82","73.71","74.02"
"8372","DNK","2018","Male","79.02","79.00","79.13"
"8373","AGO","2016","Male","59.49","58.42","60.62"
"8374","DJI","2009","Female","63.36","62.38","64.68"
"8375","MAR","2009","Both sexes","72.16","71.41","73.02"
"8376","AFG","2008","Male","57.51","56.66","58.42"
"8377","URY","2017","Both sexes","77.34","77.28","77.44"
"8378","AUS","2011","Male","79.90","79.89","79.99"
"8379","RWA","2004","Male","53.26","52.40","54.05"
"8380","BDI","2010","Female","60.87","60.28","61.60"
"8381","MLI","2014","Male","59.30","58.52","60.26"
"8382","RWA","2009","Both sexes","62.97","62.32","63.66"
"8383","ALB","2009","Female","77.98","77.64","78.38"
"8384","TZA","2015","Both sexes","65.16","64.57","65.91"
"8385","SUR","2015","Male","69.98","69.66","70.37"
"8386","PRI","2014","Female","83.08","83.01","83.25"
"8387","KAZ","2008","Female","72.49","72.30","72.77"
"8388","URY","2021","Female","78.74","78.67","78.90"
"8389","AZE","2010","Both sexes","69.81","69.43","70.30"
"8390","HUN","2008","Both sexes","74.00","73.97","74.10"
"8391","BGR","2009","Male","70.01","69.89","70.19"
"8392","POL","2010","Female","80.37","80.37","80.44"
"8393","GHA","2020","Both sexes","66.18","65.28","67.08"
"8394","NOR","2013","Female","83.30","83.28","83.39"
"8395","BGD","2006","Both sexes","68.09","67.73","68.58"
"8396","CPV","2018","Both sexes","73.86","73.38","74.51"
"8397","GNQ","2011","Male","60.05","58.38","61.62"
"8398","NIC","2013","Male","74.16","73.89","74.52"
"8399","BOL","2019","Male","72.03","71.27","72.80"
"8400","AZE","2019","Female","78.09","77.75","78.39"
"8401","AZE","2003","Both sexes","66.74","66.32","67.32"
"8402","RUS","2009","Female","74.58","74.57","74.66"
"8403","SUR","2005","Male","68.34","67.99","68.68"
"8404","PAN","2000","Female","79.36","79.12","79.66"
"8405","WSM","2018","Both sexes","70.09","69.57","70.69"
"8406","PAN","2018","Male","75.79","75.60","76.06"
"8407","TUR","2001","Both sexes","74.04","73.55","74.56"
"8408","MOZ","2009","Male","51.07","50.42","51.82"
"8409","CIV","2010","Female","59.41","58.42","60.29"
"8410","BDI","2000","Male","41.83","40.97","42.75"
"8411","PHL","2009","Both sexes","69.40","69.05","69.80"
"8412","GIN","2005","Female","57.33","56.67","58.24"
"8413","CMR","2010","Both sexes","56.78","55.87","57.72"
"8414","GEO","2018","Male","69.11","68.96","69.33"
"8415","GRD","2001","Both sexes","71.53","71.31","71.85"
"8416","COG","2010","Male","60.79","60.04","61.62"
"8417","MKD","2017","Both sexes","75.98","75.86","76.17"
"8418","IND","2006","Female","67.33","66.85","67.80"
"8419","LBN","2016","Both sexes","78.82","78.43","79.30"
"8420","STP","2004","Male","64.73","64.17","65.36"
"8421","SVN","2013","Both sexes","80.14","80.05","80.31"
"8422","UZB","2012","Female","70.03","69.80","70.34"
"8423","TUR","2004","Female","79.51","79.10","79.98"
"8424","IND","2006","Both sexes","65.88","65.47","66.51"
"8425","NZL","2020","Female","84.27","84.24","84.36"
"8426","CHN","2021","Female","80.52","79.95","81.18"
"8427","EGY","2007","Both sexes","69.75","69.46","70.13"
"8428","TJK","2007","Male","66.86","66.29","67.43"
"8429","BHS","2014","Both sexes","72.65","72.32","73.01"
"8430","PAK","2019","Female","67.79","67.06","68.96"
"8431","BLZ","2001","Both sexes","70.61","70.41","70.91"
"8432","VUT","2014","Both sexes","66.71","66.32","67.15"
"8433","OMN","2014","Both sexes","73.94","73.61","74.37"
"8434","PER","2017","Male","77.85","77.32","78.49"
"8435","KIR","2020","Male","58.48","57.54","59.47"
"8436","GHA","2019","Both sexes","65.97","65.10","66.95"
"8437","KWT","2015","Both sexes","81.45","81.38","81.61"
"8438","LVA","2006","Both sexes","70.37","70.30","70.51"
"8439","STP","2018","Male","69.97","69.47","70.56"
"8440","GEO","2002","Female","73.49","73.22","73.78"
"8441","NER","2018","Male","59.56","58.34","60.94"
"8442","URY","2019","Male","73.36","73.31","73.47"
"8443","MEX","2015","Female","78.54","78.40","78.74"
"8444","TON","2002","Female","74.69","74.34","75.09"
"8445","MMR","2014","Both sexes","67.04","66.37","67.88"
"8446","ETH","2016","Male","65.88","65.21","66.69"
"8447","IRQ","2000","Male","66.87","65.97","67.84"
"8448","CPV","2021","Both sexes","73.16","72.60","73.79"
"8449","VCT","2013","Female","75.06","74.81","75.31"
"8450","NZL","2001","Female","80.74","80.71","80.82"
"8451","KIR","2011","Female","64.64","63.98","65.48"
"8452","NGA","2004","Female","57.51","56.76","58.32"
"8453","POL","2019","Female","81.50","81.48","81.57"
"8454","PAN","2001","Male","73.14","72.89","73.42"
"8455","NIC","2008","Male","73.35","73.02","73.66"
"8456","FSM","2010","Both sexes","64.78","64.04","65.44"
"8457","JOR","2017","Female","79.58","79.31","80.04"
"8458","CMR","2014","Both sexes","58.44","57.38","59.33"
"8459","SYC","2021","Both sexes","74.01","73.75","74.43"
"8460","GUY","2001","Male","61.75","61.22","62.33"
"8461","GTM","2008","Male","67.73","67.31","68.15"
"8462","PRY","2002","Female","77.59","77.07","78.17"
"8463","DJI","2012","Both sexes","62.76","61.43","64.02"
"8464","TUR","2018","Female","80.08","79.73","80.56"
"8465","BRA","2021","Male","69.04","68.83","69.26"
"8466","BHS","2014","Female","75.69","75.43","76.03"
"8467","SYC","2019","Both sexes","73.12","72.88","73.49"
"8468","BLZ","2016","Male","71.55","71.33","71.84"
"8469","POL","2013","Female","80.80","80.80","80.88"
"8470","COD","2005","Female","56.45","55.77","57.25"
"8471","URY","2006","Both sexes","76.33","76.25","76.47"
"8472","QAT","2018","Male","78.23","77.66","78.91"
"8473","JPN","2021","Both sexes","84.46","84.46","84.52"
"8474","MEX","2012","Male","72.92","72.76","73.14"
"8475","USA","2012","Both sexes","78.77","78.72","78.82"
"8476","BTN","2015","Female","74.24","73.71","74.97"
"8477","COM","2005","Both sexes","64.28","63.35","65.27"
"8478","MDG","2004","Female","61.17","60.55","61.78"
"8479","LSO","2013","Both sexes","48.96","47.90","50.28"
"8480","CIV","2000","Female","53.25","52.06","54.63"
"8481","GNQ","2014","Male","60.30","58.83","61.87"
"8482","IND","2000","Female","64.29","63.80","65.05"
"8483","ETH","2019","Both sexes","68.85","68.08","69.58"
"8484","BTN","2006","Female","70.85","70.19","71.60"
"8485","DJI","2004","Female","61.38","60.11","62.82"
"8486","KEN","2002","Both sexes","54.59","53.48","55.56"
"8487","NAM","2017","Both sexes","62.37","61.39","63.72"
"8488","BLZ","2011","Female","76.55","76.38","76.83"
"8489","BFA","2004","Male","52.68","51.83","53.74"
"8490","LUX","2010","Both sexes","81.18","81.08","81.36"
"8491","PER","2005","Female","78.94","78.58","79.32"
"8492","PHL","2000","Female","74.00","73.73","74.39"
"8493","MAR","2002","Both sexes","70.74","70.02","71.54"
"8494","QAT","2013","Both sexes","75.80","75.26","76.46"
"8495","SEN","2021","Female","69.47","68.87","70.22"
"8496","SWZ","2016","Both sexes","53.13","52.05","54.26"
"8497","NLD","2002","Male","75.94","75.94","76.01"
"8498","FJI","2003","Male","64.69","64.46","65.02"
"8499","IDN","2021","Male","66.41","65.53","67.36"
"8500","PAN","2010","Female","80.33","80.13","80.60"
"8501","GHA","2014","Female","66.56","65.86","67.35"
"8502","MLT","2007","Both sexes","79.64","79.53","79.82"
"8503","PSE","2012","Male","70.80","70.54","71.13"
"8504","TUR","2020","Both sexes","76.18","75.76","76.69"
"8505","BHS","2015","Female","75.97","75.73","76.32"
"8506","CIV","2004","Female","54.80","53.84","55.93"
"8507","VUT","2017","Both sexes","66.98","66.49","67.48"
"8508","NER","2021","Both sexes","59.97","58.67","61.11"
"8509","TZA","2004","Female","56.56","55.48","57.62"
"8510","ZMB","2010","Female","59.56","58.67","60.71"
"8511","SEN","2000","Both sexes","58.61","58.00","59.41"
"8512","SYC","2020","Both sexes","77.26","77.01","77.54"
"8513","BLZ","2021","Female","75.44","75.10","75.82"
"8514","ISL","2014","Female","83.52","83.41","83.71"
"8515","NGA","2001","Female","55.76","54.90","56.69"
"8516","GNB","2012","Both sexes","56.47","55.67","57.42"
"8517","JPN","2007","Female","85.90","85.85","85.95"
"8518","AGO","2017","Both sexes","62.04","61.17","63.01"
"8519","SWE","2007","Male","78.82","78.81","78.90"
"8520","ZMB","2018","Male","59.07","58.01","60.21"
"8521","RWA","2021","Female","69.40","68.75","70.12"
"8522","BGR","2016","Female","78.38","78.31","78.54"
"8523","POL","2018","Female","81.36","81.35","81.43"
"8524","DOM","2005","Both sexes","72.80","72.18","73.43"
"8525","PRT","2011","Both sexes","80.24","80.23","80.32"
"8526","ISL","2021","Female","83.89",NULL,NULL
"8527","BHR","2002","Male","69.85","69.66","70.11"
"8528","EST","2016","Male","73.22","73.10","73.40"
"8529","GNQ","2020","Both sexes","61.16","59.67","62.78"
"8530","IND","2003","Male","63.37","62.86","63.96"
"8531","MKD","2015","Female","77.28","77.17","77.48"
"8532","SSD","2005","Both sexes","55.90","54.98","57.00"
"8533","BFA","2008","Male","55.50","54.74","56.38"
"8534","BRA","2009","Both sexes","73.84","73.65","74.13"
"8535","MUS","2018","Female","77.33","77.18","77.52"
"8536","ARE","2005","Female","79.52","79.21","79.89"
"8537","KIR","2020","Female","65.25","64.42","66.28"
"8538","COM","2013","Both sexes","66.73","65.94","67.89"
"8539","DJI","2008","Female","63.06","61.50","64.11"
"8540","KGZ","2005","Male","63.39","63.03","63.80"
"8541","ESP","2006","Male","77.51","77.44","77.58"
"8542","GUY","2018","Female","72.01","71.31","72.83"
"8543","DNK","2005","Both sexes","78.13","78.11","78.23"
"8544","AGO","2013","Female","62.61","61.88","63.53"
"8545","HTI","2005","Female","58.15","57.38","58.98"
"8546","NPL","2013","Female","71.73","71.14","72.52"
"8547","VUT","2004","Both sexes","65.15","64.49","65.93"
"8548","SYR","2007","Female","75.08","74.75","75.53"
"8549","CZE","2004","Both sexes","75.79","75.76","75.88"
"8550","ZMB","2000","Male","43.78","42.68","44.91"
"8551","PRY","2015","Female","78.09","77.65","78.69"
"8552","PNG","2004","Female","64.40","63.78","65.18"
"8553","SLE","2020","Female","61.60","60.57","62.78"
"8554","SOM","2015","Female","56.00","54.98","57.27"
"8555","KAZ","2004","Female","70.95","70.71","71.23"
"8556","MAR","2007","Female","72.29","71.64","72.91"
"8557","GEO","2014","Male","68.35","68.17","68.56"
"8558","NPL","2016","Both sexes","70.59","69.91","71.41"
"8559","PAK","2017","Both sexes","66.38","65.32","67.58"
"8560","UKR","2016","Male","67.71","67.69","67.79"
"8561","NGA","2009","Male","57.95","56.88","58.99"
"8562","USA","2001","Male","74.28","74.23","74.32"
"8563","KAZ","2018","Female","77.09","76.97","77.27"
"8564","FSM","2016","Female","68.41","67.67","69.25"
"8565","LBN","2009","Female","79.79","79.47","80.20"
"8566","CIV","2009","Both sexes","57.18","56.39","58.07"
"8567","MLT","2003","Female","80.75","80.66","80.93"
"8568","HUN","2018","Female","79.37","79.34","79.47"
"8569","SVN","2011","Both sexes","79.85","79.74","80.01"
"8570","LBR","2008","Male","59.43","58.63","60.23"
"8571","ITA","2002","Male","77.01","76.95","77.07"
"8572","SVN","2012","Female","82.77","82.67","82.95"
"8573","BTN","2003","Female","69.09","68.51","69.71"
"8574","GIN","2011","Female","59.76","58.91","60.57"
"8575","PAK","2015","Female","66.54","65.75","67.61"
"8576","VCT","2010","Female","75.67","75.43","75.97"
"8577","SLV","2005","Female","77.67","77.41","78.00"
"8578","CAN","2021","Male","79.37","79.32","79.49"
"8579","COM","2012","Male","65.31","64.30","66.52"
"8580","POL","2008","Both sexes","75.43","75.42","75.50"
"8581","ARG","2018","Male","73.74","73.73","73.82"
"8582","GTM","2016","Male","69.53","69.24","69.92"
"8583","DOM","2012","Both sexes","73.72","73.08","74.22"
"8584","TKM","2013","Both sexes","69.12","68.73","69.49"
"8585","TCD","2009","Both sexes","55.19","54.32","56.01"
"8586","LKA","2001","Female","77.34","77.27","77.47"
"8587","KEN","2002","Female","55.70","54.76","56.83"
"8588","KOR","2004","Both sexes","77.93","77.92","77.99"
"8589","SLE","2000","Both sexes","49.79","48.69","50.96"
"8590","ROU","2004","Male","68.20","68.09","68.36"
"8591","KOR","2007","Male","76.03","75.96","76.09"
"8592","TON","2008","Male","69.40","68.86","70.07"
"8593","CUB","2016","Both sexes","78.14","78.11","78.23"
"8594","SVN","2017","Both sexes","80.79","80.69","80.96"
"8595","KOR","2017","Both sexes","83.09","83.03","83.15"
"8596","VCT","2013","Male","70.45","70.21","70.82"
"8597","SGP","2020","Both sexes","84.00","83.97","84.09"
"8598","AUT","2012","Female","83.08","83.07","83.16"
"8599","ISL","2006","Both sexes","81.04","80.94","81.22"
"8600","KIR","2004","Female","64.41","63.76","65.15"
"8601","LBY","2019","Female","75.70","74.92","76.40"
"8602","DZA","2017","Male","76.05","75.68","76.45"
"8603","PRK","2016","Female","74.51","73.93","75.15"
"8604","MDV","2006","Female","75.10","74.88","75.46"
"8605","TLS","2021","Female","69.56","68.77","70.32"
"8606","SEN","2019","Both sexes","68.76","68.00","69.52"
"8607","EGY","2012","Female","72.65","72.37","72.94"
"8608","TLS","2006","Male","65.12","64.35","66.04"
"8609","PER","2016","Both sexes","80.16","79.74","80.70"
"8610","PSE","2008","Both sexes","68.98","68.69","69.33"
"8611","BEN","2005","Female","61.09","60.38","61.92"
"8612","SLB","2016","Male","63.00","62.01","64.01"
"8613","SOM","2009","Male","48.38","46.92","50.03"
"8614","SVK","2004","Female","77.95","77.89","78.09"
"8615","BEL","2014","Both sexes","80.94","80.93","81.01"
"8616","SUR","2020","Both sexes","72.80","72.37","73.25"
"8617","DEU","2015","Female","82.71","82.66","82.77"
"8618","MLT","2005","Female","81.24","81.14","81.42"
"8619","THA","2007","Both sexes","73.94","73.59","74.35"
"8620","UZB","2012","Both sexes","67.64","67.40","68.02"
"8621","NZL","2014","Female","82.87","82.85","82.97"
"8622","ALB","2021","Male","74.36","73.87","74.86"
"8623","KHM","2005","Male","60.93","60.37","61.67"
"8624","BGR","2014","Both sexes","74.41","74.28","74.57"
"8625","BRN","2013","Both sexes","76.82","76.57","77.10"
"8626","BHR","2015","Male","75.16","74.97","75.45"
"8627","ARM","2009","Female","76.53","76.38","76.75"
"8628","BHS","2006","Both sexes","72.66","72.37","72.94"
"8629","NLD","2009","Both sexes","80.54","80.54","80.62"
"8630","ATG","2018","Both sexes","75.62","75.36","75.95"
"8631","DNK","2019","Male","79.49","79.46","79.59"
"8632","SYR","2010","Female","75.16","74.76","75.57"
"8633","ATG","2021","Both sexes","76.92",NULL,NULL
"8634","ATG","2002","Female","77.06","76.80","77.35"
"8635","EST","2003","Both sexes","71.88","71.79","72.03"
"8636","KWT","2013","Male","79.77","79.69","79.93"
"8637","PNG","2013","Both sexes","65.48","64.70","66.19"
"8638","AFG","2007","Female","57.84","56.86","58.74"
"8639","ETH","2003","Male","54.14","53.48","54.97"
"8640","BEN","2018","Female","66.15","65.40","67.14"
"8641","PSE","2016","Male","73.25","72.95","73.61"
"8642","MLT","2015","Both sexes","81.68","81.54","81.86"
"8643","GNB","2016","Both sexes","58.03","57.09","59.13"
"8644","MDA","2002","Both sexes","66.13","65.88","66.39"
"8645","SLE","2020","Male","59.42","58.07","60.81"
"8646","TUN","2018","Male","74.80","73.95","75.64"
"8647","GIN","2017","Female","61.44","60.30","62.47"
"8648","GEO","2019","Female","78.44","78.33","78.64"
"8649","GBR","2015","Male","78.93","78.87","78.99"
"8650","ARE","2015","Male","80.38","79.97","80.95"
"8651","LSO","2006","Both sexes","42.39","40.97","43.84"
"8652","FRA","2014","Both sexes","82.25","82.20","82.30"
"8653","CZE","2013","Male","75.13","75.10","75.22"
"8654","FSM","2004","Male","61.46","60.69","62.23"
"8655","BGR","2018","Male","71.43","71.30","71.60"
"8656","ESP","2006","Both sexes","80.67","80.61","80.73"
"8657","SEN","2002","Male","58.13","57.54","58.76"
"8658","TCD","2005","Male","51.56","50.55","52.59"
"8659","MKD","2012","Male","72.98","72.85","73.18"
"8660","MWI","2001","Both sexes","45.39","44.40","46.72"
"8661","MNE","2001","Both sexes","73.45","73.30","73.69"
"8662","LSO","2019","Female","54.91","53.44","56.56"
"8663","SLV","2007","Male","69.67","69.46","69.94"
"8664","PRI","2007","Both sexes","78.31","78.20","78.48"
"8665","UZB","2008","Both sexes","65.44","65.10","65.92"
"8666","CUB","2018","Female","80.24","80.20","80.35"
"8667","KAZ","2017","Male","68.67","68.52","68.93"
"8668","MRT","2018","Both sexes","70.00","69.39","71.05"
"8669","BGD","2001","Male","64.31","63.72","64.90"
"8670","PRI","2009","Female","82.14","82.04","82.31"
"8671","CMR","2009","Both sexes","56.27","55.44","57.39"
"8672","HRV","2001","Female","78.57","78.50","78.72"
"8673","MYS","2006","Male","72.35","72.34","72.43"
"8674","MLT","2016","Female","83.73","83.59","83.93"
"8675","CUB","2006","Both sexes","78.03","78.01","78.12"
"8676","MNG","2015","Male","65.16","64.82","65.56"
"8677","BEN","2016","Both sexes","63.00","62.21","63.94"
"8678","DZA","2009","Female","75.74","75.47","76.08"
"8679","BGR","2018","Both sexes","74.85","74.73","75.02"
"8680","CPV","2011","Female","77.46","77.06","77.99"
"8681","SAU","2009","Female","75.28","75.04","75.60"
"8682","ISR","2012","Male","79.70","79.69","79.78"
"8683","PRY","2020","Male","72.44","71.75","73.17"
"8684","SWE","2018","Female","83.78","83.77","83.86"
"8685","KOR","2019","Female","86.56","86.55","86.64"
"8686","MDA","2001","Both sexes","66.21","65.97","66.51"
"8687","ETH","2014","Both sexes","66.56","65.95","67.26"
"8688","SOM","2016","Male","51.64","50.36","52.77"
"8689","STP","2007","Female","68.48","68.01","68.96"
"8690","GEO","2004","Male","66.48","66.24","66.79"
"8691","FIN","2002","Female","81.34","81.32","81.43"
"8692","BEN","2002","Both sexes","58.09","57.34","59.06"
"8693","PRT","2013","Both sexes","80.53","80.52","80.60"
"8694","BOL","2001","Both sexes","66.74","66.23","67.33"
"8695","MWI","2001","Male","44.80","43.85","45.92"
"8696","NLD","2010","Male","78.74","78.74","78.82"
"8697","NOR","2010","Male","78.82","78.81","78.92"
"8698","AFG","2009","Female","59.02","58.13","60.04"
"8699","TLS","2004","Male","64.47","63.90","65.34"
"8700","BLZ","2019","Male","72.55","72.21","72.98"
"8701","BTN","2020","Female","75.91","75.27","76.45"
"8702","MLI","2000","Both sexes","53.06","52.29","54.08"
"8703","AUT","2000","Both sexes","78.18","78.15","78.26"
"8704","PAK","2006","Both sexes","63.07","62.32","63.80"
"8705","BRN","2003","Female","77.46","77.26","77.74"
"8706","BGD","2006","Male","66.31","65.88","66.84"
"8707","BRB","2015","Male","75.12","74.73","75.62"
"8708","ARG","2011","Both sexes","75.95","75.93","76.03"
"8709","AFG","2013","Female","61.00","60.02","62.31"
"8710","PHL","2003","Both sexes","69.52","69.10","69.94"
"8711","MDG","2001","Both sexes","59.25","58.66","59.92"
"8712","POL","2009","Male","71.46","71.45","71.52"
"8713","PRI","2015","Both sexes","80.51","80.43","80.67"
"8714","PER","2011","Both sexes","78.64","78.20","79.13"
"8715","BHS","2006","Female","75.89","75.64","76.16"
"8716","ARM","2004","Both sexes","72.03","71.84","72.30"
"8717","SLB","2017","Male","63.11","62.16","64.18"
"8718","NER","2011","Both sexes","58.61","57.43","59.90"
"8719","VEN","2020","Female","77.16","76.57","77.78"
"8720","KAZ","2002","Both sexes","65.03","64.69","65.40"
"8721","LCA","2012","Both sexes","76.40","76.10","76.75"
"8722","GMB","2003","Male","58.09","57.19","59.03"
"8723","BIH","2006","Male","73.65","73.59","73.80"
"8724","SLE","2002","Both sexes","51.28","50.17","52.34"
"8725","BHS","2008","Both sexes","72.98","72.74","73.31"
"8726","MMR","2006","Female","64.84","64.11","65.59"
"8727","GBR","2010","Male","78.34","78.29","78.40"
"8728","MDV","2007","Both sexes","73.71","73.45","74.03"
"8729","KGZ","2013","Both sexes","70.73","70.47","71.06"
"8730","SDN","2010","Both sexes","66.94","66.04","67.96"
"8731","KWT","2015","Male","79.23","79.14","79.38"
"8732","PRT","2007","Female","82.09","82.08","82.18"
"8733","PAK","2015","Both sexes","65.70","64.69","66.65"
"8734","NZL","2019","Male","80.16","80.14","80.27"
"8735","CAN","2016","Female","83.59","83.59","83.66"
"8736","STP","2019","Both sexes","71.66","71.15","72.21"
"8737","NAM","2018","Male","59.35","58.33","60.29"
"8738","SAU","2016","Both sexes","76.75","76.47","77.14"
"8739","WSM","2015","Female","71.37","70.82","71.94"
"8740","GAB","2015","Both sexes","64.00","63.15","64.96"
"8741","BEL","2013","Male","77.89","77.87","77.97"
"8742","CZE","2014","Both sexes","78.68","78.65","78.77"
"8743","ESP","2015","Female","84.94","84.88","85.00"
"8744","RWA","2008","Both sexes","62.14","61.52","62.92"
"8745","AUS","2000","Male","77.12","77.12","77.20"
"8746","ZMB","2015","Both sexes","60.41","59.36","61.38"
"8747","GNQ","2007","Female","59.11","57.35","60.65"
"8748","BIH","2004","Female","79.17","79.08","79.33"
"8749","AUT","2005","Female","81.90","81.88","81.99"
"8750","DEU","2002","Both sexes","78.46","78.40","78.53"
"8751","JOR","2007","Female","74.62","74.28","75.01"
"8752","SRB","2005","Both sexes","72.78","72.72","72.96"
"8753","QAT","2009","Male","71.96","71.51","72.55"
"8754","STP","2002","Male","63.87","63.21","64.61"
"8755","MMR","2002","Both sexes","60.20","59.45","60.97"
"8756","NGA","2002","Both sexes","54.96","54.24","55.98"
"8757","BTN","2008","Both sexes","70.91","70.35","71.60"
"8758","SVK","2005","Both sexes","74.10","74.05","74.21"
"8759","GAB","2012","Male","60.72","59.82","61.67"
"8760","ESP","2011","Male","78.96","78.90","79.02"
"8761","TON","2020","Female","76.12","75.40","76.89"
"8762","BEN","2009","Both sexes","60.99","60.22","61.88"
"8763","CYP","2011","Female","83.44","83.29","83.66"
"8764","PNG","2021","Female","66.95","66.23","67.89"
"8765","CIV","2019","Both sexes","63.48","62.49","64.49"
"8766","TCD","2018","Male","57.48","56.31","58.96"
"8767","LTU","2008","Both sexes","71.63","71.56","71.75"
"8768","HUN","2009","Male","70.16","70.12","70.25"
"8769","MNG","2002","Female","68.06","67.60","68.51"
"8770","KHM","2008","Male","62.92","62.35","63.65"
"8771","NPL","2019","Male","69.56","68.83","70.41"
"8772","TUR","2000","Male","69.63","69.19","70.11"
"8773","OMN","2007","Female","77.28","76.85","77.80"
"8774","MDV","2013","Female","78.23","78.04","78.50"
"8775","LUX","2016","Female","84.49",NULL,NULL
"8776","BFA","2001","Both sexes","52.36","51.40","53.20"
"8777","VEN","2017","Male","68.70","68.58","68.86"
"8778","ECU","2019","Male","75.32","74.93","75.80"
"8779","ATG","2001","Both sexes","74.70","74.43","75.02"
"8780","GBR","2004","Female","80.74","80.68","80.80"
"8781","ZMB","2006","Both sexes","51.76","50.99","52.81"
"8782","PHL","2018","Female","73.46","73.13","73.82"
"8783","ATG","2006","Both sexes","75.55","75.35","75.84"
"8784","PRT","2004","Female","81.41","81.40","81.50"
"8785","ATG","2018","Female","77.02","76.77","77.33"
"8786","ARM","2012","Female","77.56","77.41","77.79"
"8787","COL","2008","Male","72.44","72.18","72.83"
"8788","TKM","2012","Female","72.61","72.29","72.99"
"8789","ISL","2010","Male","80.02","79.93","80.22"
"8790","JPN","2020","Both sexes","84.66","84.61","84.72"
"8791","AZE","2012","Both sexes","71.21","70.85","71.68"
"8792","BIH","2001","Male","72.97","72.52","73.55"
"8793","MAR","2018","Male","72.74","72.02","73.53"
"8794","EST","2021","Female","81.20","81.04","81.38"
"8795","CRI","2012","Female","82.76","82.69","82.90"
"8796","LBY","2017","Both sexes","73.15","72.58","73.86"
"8797","ROU","2018","Male","71.46","71.43","71.55"
"8798","EGY","2011","Both sexes","70.08","69.86","70.34"
"8799","FIN","2008","Both sexes","79.58","79.55","79.67"
"8800","RWA","2006","Female","60.77","60.06","61.58"
"8801","PNG","2000","Male","62.54","61.81","63.44"
"8802","CPV","2009","Female","77.19","76.73","77.66"
"8803","FSM","2019","Male","63.28","62.39","64.24"
"8804","IRQ","2004","Male","65.79","64.94","66.78"
"8805","AUT","2002","Both sexes","78.70","78.69","78.78"
"8806","MKD","2020","Both sexes","74.37","74.25","74.57"
"8807","BFA","2008","Both sexes","57.43","56.75","58.28"
"8808","QAT","2013","Male","74.92","74.38","75.54"
"8809","VNM","2007","Female","76.67","76.28","77.14"
"8810","FIN","2005","Female","82.25","82.23","82.34"
"8811","VEN","2004","Male","70.79","70.71","70.91"
"8812","NIC","2006","Both sexes","76.73","76.43","77.09"
"8813","BTN","2000","Female","66.27","65.49","67.09"
"8814","SDN","2005","Female","66.05","65.20","66.98"
"8815","PRY","2003","Female","77.51","77.04","78.15"
"8816","AZE","2001","Male","63.49","62.83","64.09"
"8817","MDV","2015","Female","79.22","78.99","79.53"
"8818","EGY","2011","Female","73.06","72.84","73.34"
"8819","AZE","2013","Male","69.98","69.51","70.43"
"8820","NGA","2015","Male","60.20","59.25","61.51"
"8821","NLD","2006","Both sexes","79.71","79.70","79.79"
"8822","KIR","2018","Female","64.71","64.02","65.56"
"8823","BEN","2001","Both sexes","57.74","56.99","58.71"
"8824","CHE","2000","Both sexes","79.71","79.69","79.80"
"8825","MNG","2007","Male","62.35","61.94","62.82"
"8826","FRA","2007","Both sexes","80.80","80.74","80.86"
"8827","LCA","2011","Male","72.75","72.49","73.14"
"8828","NPL","2015","Male","68.14","67.50","68.91"
"8829","HRV","2020","Both sexes","77.86","77.80","78.01"
"8830","NER","2019","Female","61.52","60.44","62.67"
"8831","JPN","2015","Both sexes","84.00","83.95","84.05"
"8832","MDG","2012","Male","61.90","60.98","62.75"
"8833","BEN","2012","Female","64.16","63.44","64.87"
"8834","GEO","2012","Female","76.64","76.54","76.85"
"8835","PRI","2016","Female","83.38","83.29","83.52"
"8836","SLE","2011","Male","54.86","53.97","55.86"
"8837","LBY","2002","Male","71.36","70.90","71.85"
"8838","BLZ","2002","Male","68.56","68.35","68.89"
"8839","ETH","2014","Male","64.89","64.23","65.69"
"8840","NLD","2013","Female","82.76","82.76","82.83"
"8841","ZWE","2018","Female","60.67","59.78","61.80"
"8842","BTN","2014","Female","74.07","73.52","74.79"
"8843","BGR","2014","Female","77.88","77.80","78.04"
"8844","BFA","2021","Both sexes","62.30","61.40","63.29"
"8845","UGA","2021","Female","68.98","68.09","69.76"
"8846","KWT","2004","Female","80.44","80.33","80.61"
"8847","MLI","2017","Female","61.49","60.58","62.39"
"8848","GRC","2009","Male","77.53","77.52","77.60"
"8849","BGR","2021","Both sexes","71.31","71.18","71.50"
"8850","ITA","2012","Both sexes","81.84","81.78","81.89"
"8851","SRB","2016","Both sexes","75.68","75.64","75.79"
"8852","KWT","2010","Both sexes","80.49","80.40","80.66"
"8853","SRB","2008","Male","71.16","71.09","71.29"
"8854","KIR","2001","Both sexes","60.39","59.66","61.12"
"8855","COM","2014","Male","66.00","65.11","66.97"
"8856","CRI","2021","Female","81.51","81.43","81.66"
"8857","NGA","2000","Female","55.39","54.61","56.44"
"8858","LAO","2013","Male","63.76","63.07","64.49"
"8859","ALB","2006","Both sexes","74.22","73.93","74.63"
"8860","HTI","2006","Female","58.85","58.02","59.62"
"8861","COD","2019","Both sexes","61.84","60.99","62.95"
"8862","ERI","2000","Both sexes","54.93","53.99","55.80"
"8863","LBR","2005","Male","57.25","56.46","58.31"
"8864","GRD","2013","Male","70.18","69.95","70.51"
"8865","STP","2013","Male","68.59","67.99","69.34"
"8866","YEM","2015","Female","70.38","69.56","71.32"
"8867","HRV","2007","Both sexes","75.92","75.86","76.04"
"8868","MOZ","2000","Male","48.91","47.87","49.74"
"8869","HTI","2003","Male","58.42","57.56","59.48"
"8870","GAB","2020","Female","68.06","67.15","69.01"
"8871","ISL","2019","Male","81.10","80.94","81.36"
"8872","NZL","2016","Male","80.10","80.08","80.19"
"8873","GBR","2004","Male","76.52","76.46","76.58"
"8874","GRD","2007","Female","76.46","76.24","76.80"
"8875","TCD","2003","Male","50.71","49.73","51.65"
"8876","FJI","2009","Female","69.14","68.89","69.50"
"8877","NOR","2009","Male","78.62","78.60","78.71"
"8878","BRN","2021","Female","78.57","78.31","78.96"
"8879","PER","2018","Both sexes","78.99","78.58","79.63"
"8880","JAM","2016","Male","69.59","68.92","70.27"
"8881","COG","2017","Female","63.19","62.34","64.06"
"8882","CZE","2008","Female","80.24","80.21","80.34"
"8883","BEL","2010","Female","82.38","82.37","82.46"
"8884","LCA","2019","Male","72.53","71.93","73.12"
"8885","MYS","2002","Female","76.01","75.97","76.11"
"8886","CPV","2003","Female","75.87","75.26","76.56"
"8887","CMR","2002","Female","54.09","53.26","54.93"
"8888","AFG","2002","Male","54.92","53.95","55.99"
"8889","TTO","2010","Female","76.40","76.11","76.68"
"8890","HTI","2011","Both sexes","61.10","60.18","62.05"
"8891","LBN","2011","Male","75.63","75.30","76.05"
"8892","SYC","2007","Both sexes","72.47","72.29","72.72"
"8893","ARG","2006","Both sexes","75.53","75.51","75.62"
"8894","GUY","2017","Female","71.52","70.85","72.33"
"8895","GUY","2010","Male","63.13","62.58","63.74"
"8896","PRI","2005","Male","73.85","73.77","74.02"
"8897","DOM","2017","Female","76.93","76.31","77.61"
"8898","GUY","2000","Both sexes","64.65","64.21","65.09"
"8899","BWA","2005","Both sexes","53.17","51.67","54.98"
"8900","ITA","2007","Male","78.51","78.46","78.57"
"8901","NAM","2010","Male","56.84","55.86","57.73"
"8902","PNG","2005","Male","63.02","62.35","64.00"
"8903","VUT","2018","Male","64.03","63.49","64.70"
"8904","CHL","2004","Both sexes","77.55","77.53","77.64"
"8905","SRB","2008","Female","76.46","76.41","76.59"
"8906","ARE","2010","Both sexes","80.45","80.12","80.88"
"8907","HRV","2014","Both sexes","78.06","78.00","78.18"
"8908","FSM","2000","Both sexes","63.56","62.99","64.43"
"8909","BOL","2005","Female","69.66","69.14","70.36"
"8910","ZMB","2009","Both sexes","56.62","55.74","57.54"
"8911","SEN","2005","Both sexes","62.36","61.95","62.96"
"8912","PRK","2011","Male","67.21","66.48","67.98"
"8913","BRA","2011","Both sexes","74.02","73.84","74.30"
"8914","BRB","2013","Female","77.31","77.12","77.58"
"8915","CRI","2011","Female","82.67","82.59","82.82"
"8916","TON","2018","Male","70.28","69.64","71.14"
"8917","CHL","2013","Male","77.21","77.20","77.29"
"8918","SAU","2006","Male","71.11","70.78","71.39"
"8919","ESP","2017","Male","80.08","80.02","80.13"
"8920","ALB","2014","Both sexes","78.01","77.59","78.40"
"8921","QAT","2004","Female","72.92","72.58","73.44"
"8922","AUT","2018","Both sexes","81.42","81.41","81.51"
"8923","GAB","2019","Male","62.61","61.60","63.75"
"8924","POL","2007","Both sexes","75.18","75.16","75.24"
"8925","BHR","2004","Female","72.15","72.01","72.41"
"8926","DNK","2000","Female","79.13","79.11","79.21"
"8927","HRV","2009","Female","79.81","79.76","79.96"
"8928","GIN","2006","Female","57.78","57.00","58.51"
"8929","WSM","2011","Both sexes","70.50","70.01","71.18"
"8930","BFA","2011","Male","56.79","55.87","57.74"
"8931","PSE","2008","Male","64.90","64.47","65.34"
"8932","COM","2021","Both sexes","67.50","66.77","68.43"
"8933","BLZ","2006","Both sexes","72.62","72.45","72.91"
"8934","RUS","2018","Both sexes","72.66","72.61","72.72"
"8935","SOM","2016","Female","56.44","55.32","57.80"
"8936","THA","2002","Both sexes","71.71","71.13","72.26"
"8937","GIN","2011","Both sexes","58.59","57.78","59.57"
"8938","FIN","2015","Male","78.49","78.47","78.58"
"8939","MEX","2020","Female","75.09","74.94","75.30"
"8940","VCT","2020","Female","75.57","75.26","75.98"
"8941","UGA","2011","Male","58.22","57.55","58.96"
"8942","MWI","2016","Male","59.24","58.61","60.06"
"8943","ROU","2015","Male","71.38","71.34","71.48"
"8944","ISR","2021","Both sexes","81.74","81.67","81.86"
"8945","MDV","2016","Both sexes","77.72","77.45","78.07"
"8946","UGA","2010","Both sexes","59.96","59.16","60.69"
"8947","CPV","2000","Male","67.70","66.90","68.66"
"8948","GTM","2000","Both sexes","68.31","67.88","68.80"
"8949","SLE","2005","Both sexes","52.11","51.04","53.12"
"8950","HTI","2005","Male","59.26","58.54","60.29"
"8951","CHE","2006","Female","83.62","83.61","83.70"
"8952","GRD","2006","Both sexes","70.91","70.72","71.21"
"8953","KGZ","2018","Male","69.67","69.39","70.11"
"8954","BTN","2003","Both sexes","68.38","67.77","69.15"
"8955","CAF","2001","Male","43.63","42.52","44.60"
"8956","SSD","2014","Both sexes","59.09","58.02","60.63"
"8957","ATG","2019","Male","74.05",NULL,NULL
"8958","PRT","2010","Female","82.74","82.73","82.81"
"8959","ETH","2012","Female","66.78","66.22","67.30"
"8960","NPL","2013","Both sexes","69.98","69.23","70.67"
"8961","HTI","2000","Male","56.99","55.91","57.96"
"8962","LCA","2004","Both sexes","74.00","73.76","74.31"
"8963","PRI","2002","Male","73.35","73.26","73.52"
"8964","MLT","2012","Male","78.79","78.70","78.97"
"8965","GNQ","2011","Both sexes","59.83","58.33","61.33"
"8966","MLI","2001","Both sexes","53.62","52.89","54.51"
"8967","GUY","2012","Female","69.55","69.13","70.08"
"8968","ISR","2010","Female","83.35","83.34","83.44"
"8969","MEX","2006","Female","77.71","77.59","77.87"
"8970","FSM","2012","Both sexes","65.03","64.23","65.75"
"8971","DEU","2014","Female","83.07","83.01","83.12"
"8972","BLR","2003","Male","62.59","62.51","62.72"
"8973","DJI","2001","Both sexes","59.48","58.46","60.80"
"8974","NOR","2020","Male","81.32","81.30","81.42"
"8975","FRA","2013","Both sexes","81.82","81.76","81.88"
"8976","IRL","2006","Both sexes","79.07","79.03","79.17"
"8977","NZL","2003","Male","76.86","76.82","76.96"
"8978","UGA","2003","Both sexes","51.68","50.94","52.52"
"8979","NLD","2012","Male","79.10","79.10","79.18"
"8980","GNQ","2016","Both sexes","60.86","59.37","62.29"
"8981","JPN","2000","Female","84.80","84.75","84.85"
"8982","CYP","2014","Both sexes","81.85","81.66","82.12"
"8983","THA","2011","Male","72.50","72.03","72.97"
"8984","LBR","2014","Male","58.02","57.04","58.88"
"8985","CRI","2018","Male","77.68","77.57","77.80"
"8986","CYP","2005","Male","77.36","77.15","77.66"
"8987","GAB","2012","Both sexes","62.67","61.92","63.62"
"8988","PHL","2012","Female","73.79","73.55","74.14"
"8989","IDN","2001","Female","68.66","68.23","69.20"
"8990","MRT","2014","Female","69.28","68.50","69.97"
"8991","CYP","2013","Both sexes","81.85","81.67","82.10"
"8992","ARG","2016","Female","79.19","79.18","79.26"
"8993","ATG","2015","Both sexes","75.62","75.37","75.89"
"8994","SVN","2005","Both sexes","77.44","77.35","77.58"
"8995","MEX","2019","Female","78.89","78.75","79.12"
"8996","BGD","2011","Both sexes","71.08","70.68","71.57"
"8997","DNK","2001","Both sexes","77.04","77.02","77.13"
"8998","USA","2003","Male","74.57","74.52","74.62"
"8999","CHL","2012","Male","77.09","77.07","77.19"
"9000","ESP","2008","Male","77.98","77.91","78.04"
"9001","LBN","2003","Female","78.04","77.70","78.50"
"9002","LKA","2019","Male","74.32","73.53","75.28"
"9003","BWA","2015","Female","63.90","62.78","65.18"
"9004","TKM","2013","Male","65.54","65.09","66.05"
"9005","MDV","2004","Female","72.64","72.34","72.98"
"9006","MEX","2015","Male","73.32","73.13","73.56"
"9007","MWI","2004","Female","48.74","47.53","49.98"
"9008","NLD","2013","Male","79.37","79.36","79.45"
"9009","GEO","2006","Female","76.51","76.33","76.77"
"9010","GEO","2016","Female","77.23","77.12","77.41"
"9011","BOL","2006","Female","70.13","69.52","70.83"
"9012","SDN","2019","Both sexes","69.47","68.59","70.41"
"9013","BRA","2018","Male","71.94","71.75","72.24"
"9014","MYS","2008","Female","76.47","76.47","76.55"
"9015","FIN","2006","Both sexes","79.23","79.20","79.33"
"9016","SAU","2017","Male","76.44","76.23","76.78"
"9017","BRB","2006","Female","77.01","76.86","77.22"
"9018","SSD","2016","Female","61.28","60.04","62.63"
"9019","BRA","2020","Male","70.67","70.48","70.91"
"9020","SVN","2002","Female","80.24","80.16","80.41"
"9021","BRA","2005","Female","76.62","76.46","76.87"
"9022","BRN","2020","Female","78.29","78.06","78.64"
"9023","BDI","2010","Male","58.25","57.63","59.05"
"9024","HTI","2007","Both sexes","59.85","58.99","60.86"
"9025","MKD","2014","Both sexes","75.26","75.14","75.45"
"9026","SRB","2000","Female","74.33","74.25","74.53"
"9027","FRA","2021","Female","84.69","84.67","84.76"
"9028","JOR","2019","Male","79.73","79.22","80.28"
"9029","BLR","2013","Both sexes","72.59","72.56","72.71"
"9030","SLE","2005","Female","53.14","52.13","54.25"
"9031","ERI","2008","Male","56.50","55.53","57.34"
"9032","TKM","2000","Male","61.71","61.24","62.18"
"9033","USA","2005","Male","75.01","74.96","75.05"
"9034","QAT","2021","Both sexes","76.71","76.15","77.42"
"9035","ROU","2000","Both sexes","71.14","71.03","71.31"
"9036","SRB","2019","Female","78.46","78.41","78.56"
"9037","COL","2005","Female","77.67","77.41","77.95"
"9038","LAO","2018","Both sexes","68.05","67.18","68.84"
"9039","TZA","2021","Male","65.24","64.57","66.36"
"9040","PRK","2000","Male","59.64","55.53","64.01"
"9041","SVN","2013","Female","83.12","83.02","83.29"
"9042","VNM","2019","Female","78.00","77.45","78.75"
"9043","SDN","2014","Female","69.25","68.29","70.13"
"9044","OMN","2014","Male","71.82","71.42","72.21"
"9045","NAM","2005","Female","54.93","53.71","56.04"
"9046","DOM","2021","Both sexes","73.32","72.72","73.96"
"9047","GIN","2007","Both sexes","57.16","56.43","57.96"
"9048","HRV","2012","Male","74.01","73.93","74.14"
"9049","KIR","2021","Female","63.96","63.19","64.88"
"9050","LTU","2004","Male","66.18","66.10","66.29"
"9051","BFA","2016","Female","63.73","62.87","64.52"
"9052","AUT","2015","Both sexes","80.99","80.97","81.06"
"9053","COM","2002","Male","62.33","61.33","63.37"
"9054","BOL","2001","Female","67.82","67.29","68.45"
"9055","ISL","2012","Both sexes","81.98","81.86","82.15"
"9056","ERI","2004","Both sexes","57.69","56.93","58.87"
"9057","ZWE","2004","Female","45.55","44.38","47.12"
"9058","SDN","2010","Male","65.80","64.86","66.77"
"9059","POL","2000","Male","69.51","69.49","69.58"
"9060","ISL","2017","Both sexes","82.27","82.15","82.49"
"9061","NGA","2003","Male","54.35","53.50","55.14"
"9062","GIN","2018","Female","61.82","61.01","62.83"
"9063","RWA","2011","Both sexes","65.05","64.29","65.77"
"9064","PHL","2006","Male","65.33","65.00","65.78"
"9065","NLD","2003","Male","76.19","76.18","76.27"
"9066","GNQ","2001","Female","56.25","54.66","57.85"
"9067","MRT","2021","Female","69.36","68.71","70.10"
"9068","CAN","2012","Female","83.39","83.33","83.46"
"9069","MDA","2005","Both sexes","65.99","65.80","66.22"
"9070","NGA","2014","Male","59.80","58.72","60.85"
"9071","MEX","2005","Both sexes","74.93","74.81","75.12"
"9072","HRV","2000","Both sexes","74.75","74.58","75.13"
"9073","LVA","2016","Female","79.54","79.47","79.71"
"9074","NIC","2007","Male","73.50","73.17","73.85"
"9075","TLS","2017","Both sexes","68.24","67.49","69.16"
"9076","ZAF","2018","Female","68.31","68.04","68.62"
"9077","ATG","2008","Female","77.84","77.60","78.17"
"9078","SOM","2011","Both sexes","43.81","43.02","44.70"
"9079","KGZ","2003","Female","69.63","69.31","70.01"
"9080","MDV","2001","Female","71.62","71.28","72.03"
"9081","VCT","2021","Both sexes","72.56","72.18","73.04"
"9082","UKR","2005","Both sexes","67.11","67.05","67.20"
"9083","UKR","2014","Female","76.09","76.05","76.18"
"9084","MRT","2005","Female","65.85","65.24","66.52"
"9085","AGO","2006","Both sexes","54.28","53.21","55.23"
"9086","TJK","2007","Both sexes","68.67","68.21","69.26"
"9087","CZE","2021","Female","80.27","80.22","80.38"
"9088","UGA","2010","Female","62.46","61.79","63.38"
"9089","LSO","2000","Male","45.23","43.87","46.81"
"9090","UGA","2007","Male","54.58","53.91","55.44"
"9091","GRD","2004","Female","76.32","76.13","76.60"
"9092","CMR","2020","Both sexes","62.18","61.28","63.35"
"9093","ALB","2021","Female","78.61","78.36","78.95"
"9094","FIN","2008","Female","82.77","82.75","82.86"
"9095","ITA","2007","Both sexes","81.18","81.12","81.23"
"9096","KEN","2021","Female","69.22","68.61","69.79"
"9097","USA","2002","Female","79.22","79.17","79.27"
"9098","CAF","2003","Female","46.45","45.21","47.78"
"9099","PER","2002","Female","77.50","77.04","77.95"
"9100","LSO","2007","Both sexes","43.89","42.68","45.41"
"9101","PRI","2007","Male","74.62","74.52","74.76"
"9102","TJK","2004","Both sexes","68.00","67.54","68.59"
"9103","BWA","2012","Both sexes","59.75","58.64","61.15"
"9104","ISL","2015","Male","80.65","80.56","80.86"
"9105","AZE","2014","Male","70.74","70.38","71.21"
"9106","ARM","2014","Both sexes","74.20","74.04","74.45"
"9107","GHA","2000","Both sexes","59.09","58.44","59.77"
"9108","KEN","2017","Female","68.14","67.39","68.88"
"9109","ISL","2012","Female","83.50","83.41","83.70"
"9110","VNM","2018","Male","69.34","68.77","69.98"
"9111","ESP","2020","Male","79.32","79.25","79.38"
"9112","ISR","2007","Male","78.13","78.12","78.22"
"9113","POL","2005","Both sexes","74.90","74.89","74.96"
"9114","NPL","2000","Both sexes","65.37","64.82","66.08"
"9115","JOR","2015","Female","78.99","78.69","79.36"
"9116","AFG","2021","Female","60.99","60.19","61.73"
"9117","SUR","2017","Male","70.29","69.96","70.69"
"9118","GIN","2003","Female","56.45","55.67","57.30"
"9119","TUR","2009","Female","79.18","78.79","79.63"
"9120","NAM","2001","Both sexes","52.37","51.30","53.47"
"9121","CAN","2001","Male","76.80","76.79","76.87"
"9122","LKA","2009","Male","68.42","68.32","68.58"
"9123","NOR","2004","Male","77.41","77.38","77.50"
"9124","SLB","2001","Female","66.18","65.51","67.08"
"9125","AFG","2007","Male","56.73","55.82","57.72"
"9126","PSE","2002","Male","64.59","64.14","65.05"
"9127","NPL","2017","Both sexes","70.84","70.12","71.67"
"9128","ETH","2008","Both sexes","61.00","60.54","61.62"
"9129","ITA","2003","Male","77.02","76.96","77.07"
"9130","HRV","2013","Female","80.96","80.87","81.10"
"9131","SYR","2008","Both sexes","73.55","73.11","74.08"
"9132","EST","2017","Both sexes","78.22","78.11","78.39"
"9133","GIN","2013","Female","60.41","59.61","61.21"
"9134","MEX","2004","Female","77.37","77.23","77.57"
"9135","RWA","2020","Both sexes","68.26","67.34","69.18"
"9136","CPV","2015","Both sexes","74.83","74.33","75.44"
"9137","MOZ","2008","Male","50.84","50.07","51.60"
"9138","COG","2002","Male","53.66","52.71","54.55"
"9139","LBN","2019","Female","81.47","81.11","81.93"
"9140","LVA","2011","Male","68.55","68.46","68.69"
"9141","GRC","2004","Male","76.84","76.82","76.92"
"9142","SSD","2014","Female","61.31","60.01","62.50"
"9143","MDG","2003","Male","58.65","58.00","59.47"
"9144","BRB","2020","Female","78.59","78.02","79.24"
"9145","PAN","2013","Male","74.78","74.56","75.07"
"9146","ZWE","2013","Female","58.34","57.39","59.34"
"9147","MKD","2018","Both sexes","76.46","76.34","76.65"
"9148","ARM","2011","Both sexes","73.31","73.15","73.58"
"9149","NOR","2007","Female","82.45","82.42","82.54"
"9150","BDI","2021","Male","62.05","61.21","63.06"
"9151","SUR","2019","Male","69.99","69.60","70.40"
"9152","PRT","2018","Male","78.02","78.00","78.10"
"9153","GUY","2003","Both sexes","64.68","64.20","65.28"
"9154","JPN","2000","Both sexes","81.53","81.47","81.59"
"9155","SYC","2019","Female","76.65","76.40","76.99"
"9156","MYS","2001","Both sexes","73.52","73.47","73.62"
"9157","BIH","2013","Female","79.69","79.62","79.83"
"9158","GHA","2000","Female","60.42","59.72","61.19"
"9159","TJK","2014","Male","70.24","69.70","70.92"
"9160","BOL","2012","Female","71.92","71.39","72.57"
"9161","LVA","2004","Both sexes","70.81","70.72","70.95"
"9162","UZB","2015","Both sexes","69.43","69.20","69.71"
"9163","GNB","2004","Both sexes","51.77","50.76","52.64"
"9164","VEN","2000","Both sexes","74.03","73.92","74.19"
"9165","JOR","2006","Both sexes","73.85","73.50","74.31"
"9166","MLI","2005","Both sexes","56.26","55.45","57.03"
"9167","SAU","2002","Female","72.36","72.01","72.77"
"9168","AUS","2003","Both sexes","80.57","80.56","80.64"
"9169","ISL","2009","Both sexes","81.50","81.39","81.67"
"9170","PAN","2007","Male","74.05","73.80","74.32"
"9171","MDG","2006","Both sexes","61.19","60.52","61.95"
"9172","SVK","2004","Male","70.27","70.21","70.38"
"9173","DOM","2006","Female","75.57","74.97","76.22"
"9174","BFA","2019","Both sexes","62.61","61.73","63.54"
"9175","TTO","2014","Both sexes","74.32","73.97","74.77"
"9176","COG","2008","Female","58.99","58.38","59.77"
"9177","BGD","2013","Male","71.51","71.01","72.14"
"9178","ARG","2013","Both sexes","76.21","76.18","76.30"
"9179","SEN","2003","Male","59.28","58.63","59.91"
"9180","BGR","2015","Male","71.17","71.03","71.36"
"9181","BFA","2010","Female","60.65","59.71","61.48"
"9182","FJI","2018","Both sexes","67.87","67.09","68.67"
"9183","GTM","2010","Male","68.01","67.66","68.41"
"9184","ISL","2000","Male","77.72","77.62","77.88"
"9185","QAT","2011","Female","76.35","76.05","76.83"
"9186","TON","2007","Both sexes","72.01","71.47","72.54"
"9187","CPV","2012","Male","71.09","70.51","71.71"
"9188","ERI","2015","Male","59.63","58.75","60.60"
"9189","MMR","2002","Female","62.73","61.89","63.74"
"9190","SYC","2006","Both sexes","72.36","72.15","72.60"
"9191","BTN","2008","Female","71.95","71.33","72.63"
"9192","FIN","2000","Male","74.12","74.10","74.21"
"9193","CYP","2021","Female","83.96","83.75","84.23"
"9194","PRY","2015","Male","72.39","71.94","73.11"
"9195","EGY","2003","Both sexes","68.78","68.46","69.22"
"9196","KAZ","2020","Male","67.04","66.84","67.34"
"9197","BIH","2009","Both sexes","76.78","76.69","76.97"
"9198","LBY","2020","Male","70.37","69.68","70.97"
"9199","POL","2002","Female","78.62","78.61","78.70"
"9200","PAK","2019","Both sexes","67.03","66.12","68.05"
"9201","MUS","2021","Both sexes","73.42","73.05","73.83"
"9202","COM","2013","Male","65.64","64.68","66.62"
"9203","HRV","2019","Female","81.59","81.51","81.74"
"9204","CHL","2008","Female","81.88","81.85","81.97"
"9205","NOR","2008","Both sexes","80.49","80.47","80.58"
"9206","LSO","2009","Male","45.13","44.22","46.40"
"9207","BTN","2013","Both sexes","72.72","72.18","73.37"
"9208","AFG","2010","Male","58.57","57.86","59.65"
"9209","TJK","2008","Both sexes","69.04","68.48","69.58"
"9210","GNB","2015","Female","59.89","58.94","60.83"
"9211","SWE","2009","Both sexes","81.15","81.08","81.22"
"9212","PRY","2000","Both sexes","74.68","74.09","75.28"
"9213","BDI","2008","Male","56.55","55.71","57.42"
"9214","COD","2015","Male","58.07","57.12","58.98"
"9215","MDG","2003","Both sexes","59.73","59.13","60.41"
"9216","PRI","2011","Female","82.18","82.09","82.34"
"9217","COL","2008","Both sexes","75.41","75.11","75.73"
"9218","FJI","2019","Female","70.09","69.37","70.90"
"9219","ERI","2002","Both sexes","56.76","55.88","57.77"
"9220","BLZ","2014","Both sexes","74.22","74.01","74.48"
"9221","NLD","2002","Both sexes","78.29","78.28","78.36"
"9222","TGO","2005","Female","59.06","58.21","60.07"
"9223","ERI","2010","Female","63.63","62.67","64.64"
"9224","SLB","2000","Both sexes","63.40","62.70","64.36"
"9225","ETH","2003","Female","55.46","54.76","56.20"
"9226","ISL","2014","Both sexes","82.10","82.00","82.30"
"9227","NAM","2015","Female","64.79","63.52","65.80"
"9228","BWA","2011","Male","56.40","55.09","57.73"
"9229","BGR","2009","Female","77.24","77.17","77.39"
"9230","LCA","2013","Female","79.69","79.40","80.02"
"9231","AGO","2017","Male","59.80","58.78","61.06"
"9232","BEN","2019","Female","66.58","65.76","67.65"
"9233","KHM","2017","Both sexes","69.13","68.55","69.91"
"9234","AZE","2008","Male","65.91","65.52","66.48"
"9235","AFG","2019","Male","60.04","59.31","61.09"
"9236","UGA","2015","Both sexes","64.22","63.48","65.03"
"9237","AZE","2008","Both sexes","68.71","68.26","69.34"
"9238","SWZ","2018","Both sexes","54.74","53.24","56.40"
"9239","LVA","2005","Female","76.11","76.05","76.26"
"9240","SVN","2011","Male","76.70","76.63","76.84"
"9241","UGA","2013","Male","59.46","58.84","60.23"
"9242","ATG","2003","Female","77.26","77.06","77.51"
"9243","LKA","2014","Female","79.27","79.24","79.38"
"9244","BFA","2003","Both sexes","53.58","52.83","54.53"
"9245","AUS","2002","Male","77.79","77.79","77.86"
"9246","VEN","2021","Male","66.86","66.04","67.70"
"9247","ITA","2005","Both sexes","80.51","80.46","80.56"
"9248","MDA","2012","Female","74.63","74.48","74.84"
"9249","SLE","2015","Both sexes","56.89","55.73","58.07"
"9250","CAF","2003","Both sexes","45.21","44.17","46.46"
"9251","GAB","2008","Both sexes","60.80","60.07","61.71"
"9252","BHR","2018","Female","77.03","76.82","77.32"
"9253","SWZ","2021","Male","51.64","50.73","52.82"
"9254","BFA","2017","Both sexes","61.88","60.97","63.07"
"9255","MLI","2002","Male","54.33","53.36","55.32"
"9256","BEN","2008","Both sexes","60.45","59.69","61.25"
"9257","CRI","2006","Male","76.84","76.75","76.97"
"9258","AUT","2007","Female","82.63","82.63","82.71"
"9259","SOM","2005","Both sexes","49.79","48.41","50.94"
"9260","FJI","2021","Female","67.67","66.93","68.62"
"9261","MAR","2005","Male","70.52","69.72","71.29"
"9262","BLR","2008","Male","64.57","64.51","64.67"
"9263","BHS","2011","Both sexes","72.75","72.46","73.06"
"9264","VUT","2007","Male","62.53","61.95","63.26"
"9265","SYC","2020","Male","75.29","74.99","75.67"
"9266","ZAF","2003","Female","54.34","54.04","54.69"
"9267","ITA","2015","Male","80.00","79.95","80.06"
"9268","ERI","2000","Female","59.02","58.03","59.96"
"9269","SLE","2010","Female","55.75","54.94","56.67"
"9270","LAO","2011","Female","67.41","66.77","68.06"
"9271","LCA","2016","Female","80.18","79.82","80.59"
"9272","VEN","2008","Female","78.81","78.76","78.92"
"9273","SYC","2017","Male","70.01","69.75","70.31"
"9274","CHE","2007","Both sexes","81.60","81.59","81.68"
"9275","IND","2000","Both sexes","63.20","62.62","63.84"
"9276","NOR","2010","Female","82.85","82.82","82.93"
"9277","KIR","2007","Female","64.58","63.89","65.30"
"9278","KOR","2010","Female","83.76","83.76","83.83"
"9279","NLD","2008","Both sexes","80.26","80.26","80.33"
"9280","MUS","2005","Male","68.86","68.75","69.06"
"9281","AZE","2002","Both sexes","66.72","66.16","67.31"
"9282","KAZ","2009","Both sexes","68.52","68.27","68.80"
"9283","RWA","2010","Male","62.21","61.36","63.17"
"9284","AZE","2001","Female","69.06","68.56","69.65"
"9285","NOR","2016","Male","80.48","80.46","80.56"
"9286","MWI","2021","Male","59.72","59.04","60.42"
"9287","SOM","2021","Male","51.75","50.62","53.10"
"9288","DOM","2000","Both sexes","73.40","72.84","74.04"
"9289","ITA","2014","Both sexes","82.61","82.55","82.67"
"9290","LTU","2001","Female","77.11","77.05","77.25"
"9291","STP","2007","Both sexes","67.23","66.71","67.79"
"9292","SGP","2017","Both sexes","83.22","83.20","83.31"
"9293","SVN","2009","Both sexes","79.05","78.96","79.23"
"9294","SLE","2013","Male","56.21","55.20","57.43"
"9295","CHL","2006","Both sexes","78.48","78.47","78.57"
"9296","MDA","2006","Female","70.88","70.74","71.09"
"9297","LBY","2021","Female","74.21","73.56","74.88"
"9298","GMB","2019","Male","62.91","61.82","64.10"
"9299","KIR","2001","Female","63.91","63.12","64.67"
"9300","BHS","2001","Both sexes","71.11","70.88","71.45"
"9301","PRY","2021","Female","73.16","72.65","73.74"
"9302","GNQ","2002","Male","54.36","52.74","56.03"
"9303","RUS","2016","Both sexes","71.62","71.56","71.67"
"9304","SRB","2006","Male","70.71","70.63","70.88"
"9305","URY","2010","Male","72.54","72.46","72.69"
"9306","IND","2004","Male","63.68","63.09","64.29"
"9307","PRK","2006","Female","72.36","71.74","73.08"
"9308","EST","2011","Female","80.89","80.76","81.09"
"9309","JPN","2011","Female","85.73","85.68","85.78"
"9310","LBR","2014","Both sexes","58.11","57.02","59.19"
"9311","MDG","2015","Female","64.41","63.60","65.13"
"9312","KWT","2006","Both sexes","78.57","78.46","78.75"
"9313","ITA","2016","Male","80.70","80.65","80.76"
"9314","CPV","2006","Female","76.67","76.18","77.29"
"9315","EGY","2002","Female","71.62","71.24","72.02"
"9316","IDN","2012","Both sexes","69.79","69.10","70.47"
"9317","URY","2018","Female","80.68","80.64","80.78"
"9318","SWE","2013","Both sexes","81.64","81.63","81.72"
"9319","BRA","2013","Female","77.92","77.74","78.13"
"9320","SWZ","2010","Male","44.04","42.99","45.30"
"9321","MAR","2007","Male","70.93","70.25","71.85"
"9322","IDN","2002","Male","66.37","65.78","66.92"
"9323","PAK","2013","Both sexes","65.11","64.36","66.22"
"9324","CYP","2002","Male","76.73","76.49","77.04"
"9325","DJI","2013","Female","64.75","63.59","66.12"
"9326","URY","2002","Male","71.01","70.92","71.14"
"9327","GRC","2003","Both sexes","79.09","79.08","79.17"
"9328","SVN","2016","Both sexes","80.82","80.73","81.00"
"9329","TLS","2016","Both sexes","68.07","67.34","68.75"
"9330","SRB","2012","Female","77.35","77.30","77.49"
"9331","AFG","2003","Female","56.24","55.26","57.44"
"9332","MDG","2015","Both sexes","63.36","62.36","64.37"
"9333","BRB","2017","Male","75.12","74.62","75.70"
"9334","OMN","2006","Male","71.00","70.56","71.52"
"9335","JPN","2018","Male","81.56","81.51","81.61"
"9336","ALB","2004","Male","72.85","72.45","73.30"
"9337","MNG","2001","Female","67.31","66.84","67.81"
"9338","GBR","2010","Female","82.09","82.04","82.15"
"9339","CHE","2006","Both sexes","81.41","81.40","81.51"
"9340","MLI","2002","Both sexes","54.16","53.30","55.11"
"9341","GUY","2018","Male","65.57","64.70","66.45"
"9342","BHR","2017","Female","76.78","76.59","77.06"
"9343","IND","2009","Male","65.45","64.96","66.04"
"9344","BWA","2018","Male","62.31","61.16","63.34"
"9345","DNK","2021","Male","79.46","79.43","79.55"
"9346","CAN","2020","Male","79.28","79.26","79.36"
"9347","UGA","2002","Male","48.76","47.99","49.51"
"9348","FRA","2001","Male","75.39","75.33","75.46"
"9349","TUN","2006","Both sexes","75.58","74.84","76.39"
"9350","TJK","2011","Male","68.62","68.10","69.29"
"9351","MDA","2020","Female","75.88","75.70","76.13"
"9352","SSD","2018","Both sexes","58.86","57.60","60.29"
"9353","GAB","2019","Female","67.75","66.81","68.92"
"9354","TKM","2004","Both sexes","65.62","65.24","66.04"
"9355","CIV","2006","Female","57.10","56.24","58.05"
"9356","TTO","2015","Female","77.25","76.99","77.55"
"9357","HTI","2018","Both sexes","63.47","62.52","64.47"
"9358","PRT","2006","Male","75.28","75.27","75.36"
"9359","NOR","2000","Female","81.15","81.12","81.24"
"9360","MRT","2004","Both sexes","65.40","64.82","66.19"
"9361","BTN","2006","Both sexes","69.96","69.44","70.51"
"9362","KWT","2020","Male","76.52","76.42","76.68"
"9363","SUR","2010","Female","75.95","75.68","76.30"
"9364","DJI","2006","Male","58.43","57.20","59.90"
"9365","JAM","2021","Female","72.77","72.25","73.61"
"9366","CUB","2008","Male","76.03","75.98","76.13"
"9367","SAU","2012","Both sexes","77.03","76.81","77.30"
"9368","JAM","2007","Male","65.52","65.27","65.82"
"9369","DZA","2006","Male","73.62","73.17","74.10"
"9370","CRI","2014","Female","82.92","82.84","83.06"
"9371","MLI","2009","Male","58.09","57.39","58.97"
"9372","MNE","2002","Both sexes","73.55","73.39","73.79"
"9373","PER","2008","Both sexes","78.86","78.48","79.47"
"9374","UZB","2003","Both sexes","62.74","62.44","63.19"
"9375","BEL","2007","Male","76.89","76.88","76.98"
"9376","SOM","2002","Male","47.27","46.12","48.63"
"9377","PRK","2013","Male","67.79","67.27","68.44"
"9378","RWA","2019","Female","69.62","68.86","70.65"
"9379","CYP","2020","Female","84.07","83.87","84.36"
"9380","MDV","2010","Both sexes","74.73","74.46","75.04"
"9381","LBY","2010","Both sexes","74.11","73.81","74.46"
"9382","ATG","2014","Female","77.31","77.06","77.60"
"9383","IRQ","2007","Male","63.63","62.69","64.54"
"9384","ZWE","2005","Male","45.31","44.34","46.56"
"9385","PAK","2004","Both sexes","62.44","61.64","63.13"
"9386","GNQ","2004","Both sexes","56.18","54.72","57.72"
"9387","YEM","2000","Female","64.67","63.85","65.67"
"9388","KGZ","2003","Both sexes","66.27","65.87","66.71"
"9389","BIH","2014","Male","74.68","74.62","74.82"
"9390","DNK","2003","Male","75.04","75.03","75.13"
"9391","CHN","2019","Female","80.36","79.87","80.99"
"9392","FJI","2005","Female","69.57","69.26","69.92"
"9393","MOZ","2011","Both sexes","53.53","52.73","54.24"
"9394","IRN","2010","Female","78.57","78.43","78.81"
"9395","NER","2003","Male","52.25","51.06","53.61"
"9396","SGP","2003","Female","81.95","81.93","82.06"
"9397","BDI","2014","Female","64.07","63.31","64.95"
"9398","MDA","2013","Both sexes","71.32","71.18","71.60"
"9399","ESP","2002","Both sexes","79.49","79.42","79.56"
"9400","BHS","2005","Male","69.51","69.21","69.84"
"9401","SYR","2002","Both sexes","72.01","71.64","72.50"
"9402","GEO","2020","Female","77.81","77.69","77.99"
"9403","SVN","2014","Male","77.92","77.82","78.07"
"9404","GEO","2015","Male","68.35","68.21","68.57"
"9405","KAZ","2010","Male","63.52","63.30","63.87"
"9406","MDV","2011","Both sexes","75.10","74.86","75.39"
"9407","QAT","2010","Female","75.45","75.06","75.93"
"9408","BEL","2018","Male","79.10","79.08","79.18"
"9409","CHL","2000","Male","73.88","73.85","73.96"
"9410","URY","2008","Female","80.07","79.99","80.21"
"9411","RWA","2020","Male","66.03","65.17","66.86"
"9412","CRI","2012","Both sexes","80.42","80.34","80.57"
"9413","JOR","2014","Both sexes","77.97","77.69","78.43"
"9414","ITA","2001","Both sexes","79.68","79.62","79.73"
"9415","MOZ","2021","Male","54.80","53.76","55.83"
"9416","CUB","2014","Female","80.25","80.20","80.34"
"9417","VNM","2000","Both sexes","71.87","71.41","72.47"
"9418","BLZ","2009","Male","71.21","71.01","71.48"
"9419","KIR","2017","Both sexes","61.82","60.90","62.78"
"9420","PNG","2002","Male","62.69","61.86","63.54"
"9421","DEU","2020","Female","83.08","83.02","83.14"
"9422","SEN","2015","Male","65.74","65.02","66.44"
"9423","SLE","2008","Female","54.42","53.61","55.38"
"9424","NGA","2012","Both sexes","60.64","59.71","61.62"
"9425","DEU","2015","Both sexes","80.43","80.37","80.48"
"9426","TCD","2013","Female","58.50","57.79","59.32"
"9427","BTN","2017","Both sexes","73.55","72.85","74.23"
"9428","BIH","2003","Female","79.16","79.08","79.31"
"9429","IRN","2012","Male","75.48","75.33","75.66"
"9430","BEL","2004","Female","81.55","81.54","81.62"
"9431","TKM","2016","Both sexes","68.96","68.49","69.63"
"9432","ARM","2016","Male","69.82","69.66","70.06"
"9433","PRK","2002","Male","59.92","55.21","64.23"
"9434","CIV","2021","Male","61.39","60.34","62.24"
"9435","MDV","2002","Female","72.38","72.08","72.79"
"9436","URY","2003","Female","78.77","78.68","78.93"
"9437","PAK","2015","Male","64.90","63.90","66.17"
"9438","CYP","2008","Both sexes","80.59","80.39","80.86"
"9439","BDI","2004","Female","51.97","51.05","53.03"
"9440","LTU","2013","Female","79.24","79.16","79.36"
"9441","BGD","2012","Both sexes","72.09","71.69","72.66"
"9442","MUS","2010","Both sexes","73.35","73.22","73.54"
"9443","HND","2019","Male","69.99","69.37","70.73"
"9444","GTM","2014","Male","69.20","68.84","69.56"
"9445","ESP","2009","Female","84.24","84.18","84.30"
"9446","JAM","2020","Female","75.27","74.66","75.92"
"9447","SSD","2007","Male","55.34","54.17","56.77"
"9448","WSM","2009","Both sexes","68.73","68.19","69.40"
"9449","CPV","2001","Both sexes","71.99","71.27","72.68"
"9450","BHS","2001","Male","67.71","67.46","68.01"
"9451","NPL","2018","Male","69.28","68.45","70.15"
"9452","IDN","2005","Female","69.70","69.27","70.16"
"9453","KWT","2012","Male","79.45","79.35","79.61"
"9454","SDN","2017","Female","70.12","69.35","71.01"
"9455","PRY","2010","Both sexes","74.73","74.21","75.37"
"9456","QAT","2006","Both sexes","71.48","71.01","71.99"
"9457","ARE","2006","Both sexes","80.09","79.71","80.55"
"9458","PNG","2017","Male","65.35","64.47","66.27"
"9459","HUN","2020","Both sexes","75.76","75.72","75.86"
"9460","PNG","2000","Both sexes","63.36","62.52","64.22"
"9461","GRD","2005","Both sexes","70.65","70.48","70.94"
"9462","STP","2009","Male","67.16","66.44","67.74"
"9463","VUT","2018","Female","70.59","70.17","71.10"
"9464","SRB","2013","Both sexes","75.23","75.15","75.35"
"9465","PER","2017","Both sexes","79.36","78.98","80.01"
"9466","KGZ","2009","Female","72.92","72.69","73.21"
"9467","CYP","2009","Male","78.83","78.64","79.15"
"9468","KHM","2021","Female","71.45","70.83","72.23"
"9469","PRI","2019","Both sexes","80.50","80.41","80.66"
"9470","PAK","2005","Female","62.53","62.01","63.16"
"9471","SWE","2002","Female","81.83","81.82","81.90"
"9472","MNE","2007","Female","77.12","77.00","77.33"
"9473","KEN","2008","Both sexes","59.48","58.78","60.27"
"9474","MMR","2013","Female","69.73","69.04","70.41"
"9475","GNB","2018","Female","60.95","60.02","61.88"
"9476","KEN","2008","Male","57.70","56.93","58.52"
"9477","AZE","2000","Male","62.33","61.81","62.99"
"9478","KWT","2007","Female","81.03","80.95","81.20"
"9479","GMB","2012","Female","65.27","64.57","65.93"
"9480","BWA","2001","Female","48.49","46.79","50.73"
"9481","GRD","2007","Male","68.12","67.90","68.38"
"9482","TON","2017","Male","70.12","69.51","70.77"
"9483","URY","2003","Male","70.81","70.71","71.00"
"9484","SVN","2004","Both sexes","77.11","77.03","77.27"
"9485","LAO","2000","Female","60.18","59.45","60.96"
"9486","LAO","2016","Female","69.71","68.96","70.42"
"9487","NZL","2018","Male","80.11","80.09","80.20"
"9488","DJI","2005","Female","61.73","60.55","62.85"
"9489","BEN","2013","Female","64.49","63.69","65.29"
"9490","LSO","2010","Male","45.80","44.96","46.68"
"9491","CHE","2011","Female","84.36","84.35","84.45"
"9492","BDI","2000","Both sexes","44.36","43.49","45.35"
"9493","HND","2011","Male","69.74","68.84","70.65"
"9494","MWI","2010","Male","54.67","54.05","55.61"
"9495","MAR","2011","Female","73.28","72.61","74.04"
"9496","PER","2000","Female","77.00","76.65","77.44"
"9497","CAF","2005","Both sexes","46.14","44.90","47.45"
"9498","VUT","2001","Male","62.07","61.42","62.80"
"9499","PRT","2000","Male","73.07","73.04","73.15"
"9500","WSM","2013","Both sexes","70.24","69.75","70.84"
"9501","KAZ","2003","Female","70.44","70.18","70.72"
"9502","CUB","2014","Male","76.10","76.06","76.19"
"9503","MDG","2001","Female","60.32","59.73","61.02"
"9504","ZMB","2021","Female","63.11","62.20","64.23"
"9505","BTN","2013","Male","71.71","71.05","72.41"
"9506","PHL","2000","Male","66.38","65.95","66.77"
"9507","KHM","2016","Both sexes","68.91","68.23","69.63"
"9508","FSM","2004","Both sexes","64.16","63.50","64.86"
"9509","CHN","2012","Both sexes","75.48","75.19","75.89"
"9510","JAM","2004","Male","71.94","71.68","72.29"
"9511","FRA","2017","Male","79.41","79.40","79.48"
"9512","UGA","2014","Female","66.97","66.29","67.78"
"9513","TKM","2014","Female","72.51","72.18","72.89"
"9514","ETH","2011","Both sexes","64.26","63.74","64.86"
"9515","TTO","2003","Female","73.88","73.51","74.27"
"9516","SRB","2002","Both sexes","72.32","72.21","72.49"
"9517","CUB","2006","Female","80.10","80.06","80.20"
"9518","PAN","2012","Male","74.35","74.14","74.61"
"9519","GEO","2002","Male","66.03","65.72","66.35"
"9520","LTU","2019","Male","71.45","71.38","71.58"
"9521","TCD","2007","Both sexes","53.97","53.06","54.90"
"9522","MMR","2018","Both sexes","68.56","67.89","69.37"
"9523","BRN","2014","Female","78.10","77.88","78.40"
"9524","SLB","2020","Female","68.27","67.45","69.02"
"9525","MDG","2010","Female","63.63","62.96","64.48"
"9526","RWA","2019","Male","65.65","64.75","66.60"
"9527","BDI","2005","Both sexes","50.91","50.17","51.82"
"9528","BGD","2002","Female","68.24","67.66","68.73"
"9529","IND","2017","Male","68.66","68.25","69.20"
"9530","KAZ","2008","Both sexes","67.14","66.91","67.48"
"9531","IRQ","2014","Female","74.07","73.47","74.87"
"9532","BEL","2009","Both sexes","79.83","79.81","79.91"
"9533","TCD","2019","Male","57.84","56.59","59.19"
"9534","MAR","2015","Male","72.44","71.75","73.30"
"9535","BRA","2000","Male","68.16","67.89","68.49"
"9536","TON","2014","Both sexes","72.38","71.82","73.02"
"9537","SLE","2012","Male","55.56","54.46","56.64"
"9538","ROU","2014","Both sexes","74.86","74.83","74.97"
"9539","PSE","2018","Male","73.90","73.53","74.28"
"9540","EST","2016","Both sexes","77.71","77.61","77.92"
"9541","GAB","2017","Female","67.44","66.44","68.49"
"9542","ZAF","2007","Both sexes","52.91","52.49","53.32"
"9543","GRD","2019","Female","75.32","75.03","75.68"
"9544","KGZ","2021","Male","68.53","68.07","69.06"
"9545","BRA","2009","Male","70.42","70.21","70.70"
"9546","SWE","2011","Female","83.32","83.25","83.39"
"9547","SWZ","2013","Both sexes","49.98","48.59","51.43"
"9548","BHS","2004","Both sexes","72.14","71.93","72.50"
"9549","TJK","2016","Female","74.46","74.07","74.98"
"9550","GIN","2004","Female","56.88","56.10","57.65"
"9551","ITA","2008","Both sexes","81.37","81.31","81.43"
"9552","AGO","2007","Both sexes","55.35","54.54","56.36"
"9553","MLT","2002","Both sexes","78.41","78.29","78.60"
"9554","BLR","2015","Both sexes","73.74","73.69","73.84"
"9555","THA","2004","Both sexes","72.04","71.55","72.52"
"9556","EST","2006","Both sexes","73.03","72.93","73.20"
"9557","TCD","2007","Male","52.57","51.80","53.54"
"9558","BHR","2006","Male","70.87","70.75","71.10"
"9559","MEX","2005","Female","77.26","77.12","77.45"
"9560","BOL","2017","Male","71.55","70.77","72.32"
"9561","SOM","2019","Female","57.75","56.64","58.91"
"9562","TGO","2019","Male","61.21","60.10","62.33"
"9563","SAU","2018","Female","77.49","77.10","78.02"
"9564","BRB","2021","Male","75.12","74.47","75.86"
"9565","MUS","2014","Both sexes","74.01","73.87","74.23"
"9566","MLI","2007","Female","57.38","56.64","58.15"
"9567","ZMB","2015","Female","62.45","61.37","63.43"
"9568","MOZ","2013","Both sexes","54.24","53.54","55.11"
"9569","DJI","2021","Both sexes","64.87","64.00","66.16"
"9570","VCT","2000","Male","69.53","69.19","69.92"
"9571","DJI","2005","Both sexes","60.09","58.86","61.36"
"9572","MEX","2010","Female","77.66","77.54","77.83"
"9573","AFG","2017","Female","62.05","61.27","62.97"
"9574","FRA","2014","Female","85.06","85.01","85.12"
"9575","TUR","2021","Female","78.10","77.72","78.53"
"9576","TUR","2001","Male","70.38","69.87","70.88"
"9577","BGD","2012","Male","70.97","70.40","71.60"
"9578","MEX","2003","Both sexes","74.63","74.47","74.86"
"9579","MRT","2012","Male","69.25","68.43","69.97"
"9580","URY","2009","Male","72.62","72.54","72.76"
"9581","JPN","2020","Female","87.37","87.32","87.42"
"9582","GMB","2012","Both sexes","63.21","62.54","64.01"
"9583","DJI","2008","Male","59.76","58.49","60.90"
"9584","PAN","2002","Female","79.29","79.07","79.58"
"9585","MAR","2016","Female","74.26","73.61","74.98"
"9586","LUX","2000","Male","75.36","75.23","75.54"
"9587","SYR","2020","Male","69.57","68.68","70.35"
"9588","LBY","2003","Female","75.90","75.50","76.34"
"9589","BIH","2003","Both sexes","76.39","76.31","76.53"
"9590","SSD","2002","Male","51.86","50.73","52.93"
"9591","TTO","2002","Male","68.16","67.90","68.51"
"9592","CAN","2013","Female","83.42","83.42","83.50"
"9593","LBR","2007","Male","58.95","57.90","59.89"
"9594","AGO","2015","Both sexes","61.59","60.63","62.49"
"9595","CHN","2006","Both sexes","73.29","73.05","73.63"
"9596","SWE","2014","Both sexes","81.93","81.92","82.01"
"9597","ECU","2020","Female","76.36","76.02","76.85"
"9598","LVA","2018","Both sexes","75.05","74.96","75.19"
"9599","ZWE","2017","Male","56.09","55.20","56.96"
"9600","SSD","2002","Female","55.47","54.35","56.94"
"9601","KAZ","2006","Female","71.28","71.05","71.59"
"9602","FSM","2017","Both sexes","65.66","64.84","66.53"
"9603","UKR","2011","Both sexes","70.93","70.91","71.02"
"9604","GUY","2017","Male","64.96","64.05","65.91"
"9605","IDN","2017","Male","69.20","68.44","69.96"
"9606","LBR","2019","Both sexes","63.44","62.19","64.77"
"9607","ITA","2017","Female","84.51","84.46","84.57"
"9608","OMN","2021","Male","70.90","70.53","71.26"
"9609","LBN","2013","Female","80.50","80.22","80.81"
"9610","MDG","2014","Female","64.30","63.42","65.20"
"9611","SUR","2015","Both sexes","72.98","72.69","73.32"
"9612","ALB","2010","Both sexes","76.21","75.83","76.74"
"9613","WSM","2006","Both sexes","70.43","69.88","71.00"
"9614","RWA","2005","Both sexes","57.03","56.01","57.92"
"9615","MKD","2021","Female","75.24","74.94","75.61"
"9616","ISR","2007","Female","82.01","82.00","82.09"
"9617","COD","2000","Both sexes","52.64","51.84","53.27"
"9618","COD","2002","Female","55.02","54.15","55.94"
"9619","UZB","2002","Male","59.62","59.13","60.11"
"9620","PHL","2006","Both sexes","69.23","68.84","69.69"
"9621","SRB","2014","Male","72.72","72.68","72.83"
"9622","BIH","2018","Male","74.86","74.77","75.03"
"9623","BDI","2000","Female","47.01","46.10","48.23"
"9624","CUB","2002","Both sexes","77.75","77.70","77.84"
"9625","COL","2013","Male","74.34","74.00","74.63"
"9626","PRY","2019","Female","78.16","77.66","78.70"
"9627","TGO","2008","Both sexes","57.97","57.19","58.83"
"9628","CZE","2007","Female","79.98","79.96","80.08"
"9629","ETH","2000","Both sexes","50.79","50.05","51.54"
"9630","GUY","2001","Female","67.85","67.49","68.27"
"9631","PSE","2001","Female","73.22","72.91","73.54"
"9632","VCT","2000","Female","73.92","73.62","74.23"
"9633","MWI","2009","Both sexes","55.73","54.98","56.54"
"9634","SLE","2004","Female","52.88","52.00","53.93"
"9635","CUB","2015","Both sexes","77.93","77.90","78.02"
"9636","CIV","2012","Female","61.14","60.30","61.87"
"9637","CIV","2010","Both sexes","57.33","56.40","58.28"
"9638","COM","2001","Female","63.50","62.68","64.30"
"9639","PRT","2005","Both sexes","77.99","77.98","78.08"
"9640","UZB","2001","Both sexes","62.17","61.70","62.64"
"9641","COD","2021","Both sexes","61.63","60.78","62.51"
"9642","MUS","2016","Both sexes","74.16","74.02","74.39"
"9643","HUN","2008","Female","78.00","77.96","78.10"
"9644","CUB","2008","Female","79.79","79.75","79.89"
"9645","SDN","2017","Male","67.94","66.97","68.89"
"9646","PER","2000","Male","73.25","72.80","73.79"
"9647","CYP","2016","Male","79.67","79.44","79.94"
"9648","UZB","2012","Male","65.28","64.98","65.69"
"9649","BEL","2006","Female","81.89","81.89","81.97"
"9650","SUR","2003","Female","73.77","73.52","74.11"
"9651","SDN","2015","Female","69.51","68.55","70.54"
"9652","SLB","2013","Female","67.51","66.80","68.49"
"9653","BGD","2003","Both sexes","66.78","66.47","67.34"
"9654","PHL","2020","Female","73.82","73.46","74.18"
"9655","SLE","2015","Male","56.10","54.89","57.38"
"9656","KHM","2019","Both sexes","69.56","68.99","70.24"
"9657","GNB","2001","Female","52.92","52.08","53.75"
"9658","GEO","2000","Female","74.55","74.10","75.02"
"9659","KAZ","2015","Both sexes","71.98","71.84","72.19"
"9660","SEN","2001","Male","57.75","57.19","58.48"
"9661","SLB","2003","Female","66.32","65.49","67.12"
"9662","KEN","2005","Male","55.00","54.32","56.01"
"9663","BDI","2020","Male","62.50","61.66","63.53"
"9664","UGA","2006","Female","58.12","57.31","59.01"
"9665","SYC","2009","Female","76.68","76.55","76.95"
"9666","LSO","2013","Female","52.02","50.73","53.48"
"9667","GNB","2017","Male","55.99","54.99","57.24"
"9668","CPV","2001","Female","75.39","74.88","76.16"
"9669","JAM","2005","Both sexes","71.36","71.04","71.70"
"9670","IDN","2012","Female","71.52","71.01","72.10"
"9671","MNG","2003","Male","60.63","60.12","61.16"
"9672","COL","2014","Both sexes","77.37","77.12","77.64"
"9673","OMN","2015","Female","77.44","77.14","77.86"
"9674","LBN","2007","Female","79.25","78.94","79.67"
"9675","YEM","2019","Both sexes","66.90","66.14","67.86"
"9676","CHL","2011","Male","76.93","76.90","77.01"
"9677","IRN","2020","Both sexes","75.19","75.08","75.37"
"9678","ARE","2008","Both sexes","80.80","80.46","81.16"
"9679","GRC","2011","Female","82.81","82.80","82.89"
"9680","CMR","2017","Female","62.53","61.78","63.92"
"9681","RWA","2013","Female","68.06","67.26","68.85"
"9682","VEN","2001","Female","77.55","77.47","77.70"
"9683","ZMB","2012","Both sexes","58.69","57.83","59.67"
"9684","AUS","2019","Both sexes","82.64","82.63","82.72"
"9685","IDN","2015","Male","68.76","68.11","69.54"
"9686","KOR","2001","Female","80.00","79.92","80.09"
"9687","IRN","2016","Both sexes","77.37","77.30","77.52"
"9688","IND","2019","Male","69.18","68.74","69.76"
"9689","MDV","2000","Male","69.06","68.66","69.58"
"9690","TUN","2020","Female","79.64","78.96","80.53"
"9691","MUS","2007","Both sexes","72.60","72.44","72.79"
"9692","GUY","2011","Both sexes","66.14","65.56","66.71"
"9693","THA","2012","Female","79.54","79.25","79.94"
"9694","FSM","2008","Female","67.42","66.75","68.22"
"9695","VEN","2017","Female","77.55","77.41","77.77"
"9696","ZMB","2009","Male","54.31","53.41","55.21"
"9697","DZA","2011","Female","76.04","75.81","76.30"
"9698","TKM","2017","Female","72.28","71.69","72.91"
"9699","ESP","2011","Both sexes","81.81","81.75","81.88"
"9700","YEM","2004","Both sexes","65.21","64.53","66.18"
"9701","ZWE","2008","Both sexes","48.33","47.35","49.40"
"9702","CAN","2010","Female","83.14","83.13","83.20"
"9703","JOR","2016","Female","79.23","78.95","79.67"
"9704","GBR","2012","Male","78.88","78.82","78.94"
"9705","BRB","2006","Both sexes","75.06","74.83","75.34"
"9706","ARE","2009","Male","80.51","80.17","80.98"
"9707","MLT","2011","Female","82.82","82.69","83.02"
"9708","AGO","2005","Male","51.52","50.52","52.54"
"9709","MRT","2016","Female","69.71","68.96","70.59"
"9710","CHE","2014","Female","84.73","84.71","84.81"
"9711","SUR","2012","Male","70.38","70.05","70.82"
"9712","LUX","2013","Male","79.78","79.66","79.94"
"9713","BEL","2015","Male","78.48","78.47","78.57"
"9714","GRD","2002","Both sexes","71.12","70.91","71.42"
"9715","GEO","2012","Both sexes","72.19","72.03","72.40"
"9716","FRA","2020","Male","79.06","79.06","79.13"
"9717","CPV","2003","Both sexes","72.33","71.57","73.08"
"9718","COM","2010","Female","66.96","66.05","67.80"
"9719","MRT","2008","Both sexes","67.64","66.84","68.41"
"9720","MEX","2012","Female","78.36","78.23","78.53"
"9721","COG","2001","Female","53.31","52.35","54.50"
"9722","ESP","2014","Male","79.88","79.82","79.94"
"9723","GHA","2002","Both sexes","59.32","58.73","60.00"
"9724","WSM","2008","Male","68.93","68.30","69.59"
"9725","CAF","2020","Male","50.49","49.28","51.70"
"9726","ZAF","2010","Female","59.13","58.79","59.44"
"9727","PAN","2005","Female","79.21","79.00","79.45"
"9728","DEU","2017","Both sexes","80.75","80.69","80.81"
"9729","KEN","2012","Female","65.11","64.57","65.80"
"9730","SLV","2011","Female","78.51","78.36","78.69"
"9731","CHL","2007","Male","75.75","75.72","75.84"
"9732","LUX","2021","Male","80.77","80.61","80.95"
"9733","MUS","2019","Both sexes","74.06","73.91","74.33"
"9734","BHS","2019","Both sexes","70.74","70.23","71.34"
"9735","MWI","2015","Male","58.89","58.21","59.64"
"9736","FIN","2014","Male","78.10","78.08","78.19"
"9737","ROU","2012","Both sexes","74.34","74.29","74.45"
"9738","JOR","2020","Male","76.57","76.10","77.13"
"9739","RUS","2001","Female","72.08","72.03","72.20"
"9740","PSE","2013","Both sexes","74.20","73.96","74.56"
"9741","CIV","2012","Both sexes","58.55","57.76","59.53"
"9742","QAT","2020","Both sexes","77.28","76.83","77.78"
"9743","SUR","2004","Male","67.91","67.62","68.28"
"9744","JPN","2018","Both sexes","84.35","84.30","84.40"
"9745","JAM","2008","Female","74.59","74.43","74.88"
"9746","PRK","2021","Both sexes","72.64","71.84","73.39"
"9747","BEL","2010","Both sexes","79.85","79.84","79.92"
"9748","MMR","2004","Male","58.60","57.89","59.40"
"9749","MRT","2012","Both sexes","69.09","68.38","69.81"
"9750","LAO","2017","Female","70.08","69.31","70.93"
"9751","LAO","2013","Female","68.34","67.80","69.05"
"9752","DNK","2013","Male","78.28","78.26","78.37"
"9753","QAT","2010","Both sexes","73.46","73.06","74.03"
"9754","CMR","2003","Female","54.22","53.22","55.14"
"9755","AZE","2018","Male","72.60","72.30","73.00"
"9756","ROU","2011","Both sexes","74.44","74.39","74.55"
"9757","BIH","2000","Male","72.73","72.38","73.18"
"9758","CHL","2015","Female","82.65","82.63","82.73"
"9759","LBR","2001","Male","53.14","52.11","54.47"
"9760","LVA","2015","Male","69.96","69.87","70.09"
"9761","BGD","2019","Female","75.26","74.66","75.92"
"9762","RUS","2005","Female","72.26","72.22","72.35"
"9763","DEU","2010","Both sexes","80.18","80.12","80.24"
"9764","ISR","2019","Both sexes","82.57","82.55","82.67"
"9765","MNG","2014","Both sexes","68.96","68.57","69.43"
"9766","QAT","2018","Both sexes","78.63","78.09","79.33"
"9767","KWT","2008","Both sexes","78.26","78.19","78.43"
"9768","MEX","2014","Both sexes","75.91","75.78","76.11"
"9769","LSO","2018","Female","54.77","53.48","56.29"
"9770","SLB","2009","Both sexes","64.16","63.38","65.12"
"9771","SSD","2019","Both sexes","59.00","57.88","60.52"
"9772","BIH","2007","Female","79.26","79.16","79.42"
"9773","PAK","2012","Female","65.66","64.92","66.69"
"9774","CAN","2017","Female","83.62","83.56","83.69"
"9775","PAN","2016","Both sexes","78.24","78.05","78.51"
"9776","IRL","2020","Male","79.93","79.88","80.02"
"9777","LBR","2004","Female","56.86","56.11","57.70"
"9778","TTO","2005","Female","74.90","74.63","75.28"
"9779","CIV","2003","Female","54.16","53.06","55.36"
"9780","MDA","2005","Male","61.81","61.64","62.01"
"9781","EGY","2010","Male","67.20","67.00","67.50"
"9782","POL","2016","Male","73.73","73.73","73.79"
"9783","DZA","2019","Male","76.24","75.81","76.77"
"9784","GMB","2020","Both sexes","64.79","64.03","65.81"
"9785","MOZ","2016","Both sexes","56.63","55.62","57.60"
"9786","SVK","2002","Female","77.72","77.67","77.83"
"9787","GNB","2001","Male","48.46","47.59","49.31"
"9788","SEN","2008","Female","66.17","65.67","66.72"
"9789","BHR","2002","Female","71.79","71.63","72.03"
"9790","KGZ","2010","Male","65.15","64.83","65.48"
"9791","SVK","2019","Male","74.23","74.19","74.37"
"9792","VUT","2016","Both sexes","66.92","66.51","67.36"
"9793","MMR","2016","Female","71.12","70.41","71.95"
"9794","HND","2018","Male","69.90","69.19","70.68"
"9795","CHE","2005","Male","78.57","78.55","78.66"
"9796","COG","2015","Female","62.22","61.51","63.26"
"9797","GUY","2015","Male","63.72","63.00","64.65"
"9798","SLE","2001","Female","52.26","51.27","53.18"
"9799","MLT","2008","Both sexes","79.93","79.81","80.11"
"9800","KGZ","2002","Female","69.64","69.34","70.08"
"9801","BFA","2021","Male","59.88","58.89","60.89"
"9802","UZB","2020","Both sexes","71.36","71.00","71.84"
"9803","ARM","2007","Female","76.15","76.00","76.38"
"9804","COG","2005","Male","56.80","55.95","57.58"
"9805","AFG","2014","Both sexes","60.43","59.51","61.29"
"9806","BHR","2005","Female","72.50","72.34","72.73"
"9807","OMN","2002","Male","70.02","69.45","70.77"
"9808","SEN","2008","Male","62.90","62.33","63.53"
"9809","SVK","2007","Male","70.56","70.51","70.65"
"9810","VCT","2021","Male","70.02","69.60","70.56"
"9811","GEO","2011","Female","76.21","76.09","76.41"
"9812","CAN","2004","Male","77.51","77.50","77.58"
"9813","LVA","2005","Both sexes","70.49","70.40","70.61"
"9814","TZA","2016","Male","63.98","63.03","65.02"
"9815","GTM","2003","Male","66.24","65.88","66.72"
"9816","LBN","2013","Male","75.63","75.25","76.04"
"9817","ECU","2003","Female","77.16","76.72","77.58"
"9818","DZA","2018","Female","76.97","76.64","77.32"
"9819","POL","2013","Male","72.88","72.87","72.94"
"9820","URY","2011","Both sexes","76.60","76.53","76.74"
"9821","COL","2002","Both sexes","72.83","72.57","73.17"
"9822","BRN","2000","Male","74.11","73.86","74.47"
"9823","GAB","2013","Female","66.01","65.10","67.09"
"9824","CZE","2004","Female","79.02","79.00","79.12"
"9825","CMR","2020","Male","60.10","59.08","61.32"
"9826","HTI","2010","Both sexes","39.96","39.36","40.55"
"9827","UKR","2012","Both sexes","71.09","71.07","71.18"
"9828","GEO","2008","Both sexes","71.72","71.57","71.99"
"9829","SOM","2007","Both sexes","49.98","48.83","51.30"
"9830","TGO","2017","Both sexes","62.55","61.65","63.41"
"9831","LBY","2002","Female","75.76","75.43","76.15"
"9832","CHL","2011","Both sexes","79.55","79.53","79.64"
"9833","RUS","2008","Male","61.76","61.75","61.81"
"9834","RWA","2008","Male","60.21","59.53","60.99"
"9835","PRY","2004","Both sexes","74.56","73.95","75.22"
"9836","PRI","2017","Both sexes","78.43","77.68","79.27"
"9837","SGP","2000","Both sexes","78.52","78.49","78.62"
"9838","TTO","2000","Male","67.88","67.62","68.28"
"9839","VUT","2018","Both sexes","67.05","66.54","67.64"
"9840","MNG","2013","Both sexes","68.39","67.97","68.77"
"9841","BHR","2016","Both sexes","75.66","75.45","75.90"
"9842","BRB","2020","Male","75.15","74.53","75.92"
"9843","PRI","2004","Female","80.92","80.81","81.07"
"9844","MOZ","2005","Male","49.92","49.08","50.82"
"9845","MNE","2021","Male","71.62","71.44","71.89"
"9846","PER","2010","Male","76.66","76.17","77.25"
"9847","IRL","2010","Female","82.65","82.63","82.74"
"9848","CAN","2011","Male","79.41","79.35","79.48"
"9849","SWE","2021","Female","84.31","84.06","84.67"
"9850","BFA","2000","Female","53.33","52.53","54.17"
"9851","GAB","2014","Female","66.71","65.95","67.78"
"9852","CMR","2000","Female","54.29","53.48","55.18"
"9853","LCA","2003","Both sexes","73.78","73.52","74.09"
"9854","CHL","2001","Male","73.82","73.80","73.91"
"9855","KIR","2020","Both sexes","61.88","61.11","62.76"
"9856","KAZ","2013","Both sexes","70.68","70.48","70.92"
"9857","MDG","2000","Both sexes","58.73","58.07","59.55"
"9858","GHA","2004","Female","61.51","60.82","62.17"
"9859","GEO","2008","Male","66.62","66.43","66.85"
"9860","CHN","2008","Female","76.90","76.67","77.26"
"9861","GBR","2016","Both sexes","80.81","80.75","80.87"
"9862","THA","2002","Male","68.20","67.59","68.94"
"9863","MEX","2009","Both sexes","75.14","75.01","75.31"
"9864","GRC","2014","Male","78.56","78.55","78.64"
"9865","PER","2020","Both sexes","72.78","72.20","73.39"
"9866","BRA","2009","Female","77.32","77.11","77.53"
"9867","CAF","2011","Male","47.88","46.78","49.01"
"9868","HTI","2006","Both sexes","59.25","58.45","60.12"
"9869","IDN","2010","Female","70.93","70.37","71.48"
"9870","TLS","2004","Both sexes","65.11","64.38","65.98"
"9871","ECU","2005","Female","77.17","76.84","77.54"
"9872","IRN","2005","Male","72.99","72.80","73.30"
"9873","NGA","2018","Both sexes","62.69","61.69","63.78"
"9874","RUS","2014","Female","76.27","76.26","76.35"
"9875","UGA","2011","Female","63.43","62.66","64.35"
"9876","ETH","2011","Female","65.84","65.43","66.41"
"9877","PHL","2016","Male","65.62","65.27","66.06"
"9878","SVK","2016","Male","73.73","73.68","73.85"
"9879","IRQ","2004","Both sexes","69.06","68.25","70.03"
"9880","MOZ","2009","Both sexes","53.33","52.67","54.34"
"9881","GRD","2009","Female","76.05","75.80","76.29"
"9882","NAM","2001","Female","54.21","52.96","55.79"
"9883","GHA","2003","Male","58.01","57.39","58.83"
"9884","BEN","2010","Female","63.55","62.88","64.35"
"9885","TON","2014","Female","75.14","74.46","75.85"
"9886","LBY","2003","Both sexes","73.51","73.10","74.07"
"9887","DZA","2017","Both sexes","76.40","76.03","76.77"
"9888","PSE","2012","Both sexes","73.10","72.83","73.41"
"9889","ZWE","2014","Male","54.86","53.98","55.66"
"9890","ERI","2006","Female","62.02","61.18","63.03"
"9891","ROU","2007","Male","69.62","69.54","69.75"
"9892","PSE","2019","Male","74.00","73.57","74.43"
"9893","CHN","2010","Both sexes","74.65","74.29","75.03"
"9894","LBY","2010","Male","72.78","72.48","73.25"
"9895","SLV","2007","Both sexes","74.17","73.98","74.47"
"9896","JOR","2004","Female","72.84","72.49","73.30"
"9897","MAR","2011","Male","71.87","71.24","72.77"
"9898","NLD","2019","Both sexes","82.34","82.32","82.42"
"9899","JPN","2001","Male","78.41","78.36","78.46"
"9900","ALB","2017","Female","79.86","79.70","80.11"
"9901","COG","2014","Male","61.54","60.81","62.51"
"9902","VEN","2001","Male","70.43","70.34","70.57"
"9903","MNE","2007","Both sexes","74.67","74.53","74.87"
"9904","CHN","2019","Male","74.58","74.03","75.13"
"9905","SRB","2020","Female","77.33","77.29","77.44"
"9906","HRV","2006","Male","72.48","72.41","72.59"
"9907","NPL","2002","Female","67.84","67.36","68.37"
"9908","CZE","2010","Female","80.64","80.62","80.75"
"9909","GIN","2013","Both sexes","59.13","58.17","60.07"
"9910","NAM","2016","Both sexes","62.06","61.05","63.12"
"9911","ZWE","2012","Both sexes","54.90","54.15","55.75"
"9912","KHM","2004","Male","60.15","59.53","60.75"
"9913","TGO","2013","Male","58.46","57.57","59.32"
"9914","ECU","2004","Female","77.27","76.95","77.68"
"9915","NER","2004","Both sexes","53.86","52.89","54.98"
"9916","SWZ","2005","Both sexes","41.78","40.41","43.42"
"9917","POL","2020","Female","80.45","80.44","80.52"
"9918","HTI","2019","Both sexes","63.66","62.52","65.01"
"9919","UGA","2009","Male","56.53","55.71","57.14"
"9920","KEN","2010","Male","59.44","58.68","60.10"
"9921","HRV","2006","Female","79.48","79.42","79.64"
"9922","ERI","2020","Both sexes","63.82","63.04","64.81"
"9923","STP","2009","Both sexes","68.40","67.89","68.91"
"9924","CMR","2015","Female","60.82","59.71","61.81"
"9925","SSD","2009","Both sexes","57.82","56.54","59.13"
"9926","LVA","2007","Female","76.20","76.12","76.35"
"9927","GNQ","2018","Female","63.11","61.43","65.00"
"9928","ISL","2002","Male","78.42","78.33","78.61"
"9929","MLI","2018","Male","60.77","59.65","61.81"
"9930","SWZ","2018","Female","58.39","57.02","60.28"
"9931","JAM","2000","Male","69.97","69.67","70.36"
"9932","MAR","2006","Male","70.73","69.96","71.69"
"9933","PRK","2009","Both sexes","69.87","69.14","70.60"
"9934","HTI","2020","Female","64.21","63.29","65.36"
"9935","AGO","2001","Male","47.68","46.75","48.77"
"9936","ZWE","2006","Both sexes","46.41","45.37","47.45"
"9937","TCD","2008","Both sexes","54.40","53.48","55.30"
"9938","ALB","2004","Female","78.25","77.98","78.58"
"9939","MNG","2013","Male","64.33","63.90","64.73"
"9940","SEN","2009","Both sexes","65.12","64.60","65.59"
"9941","ALB","2002","Both sexes","75.49","75.15","76.01"
"9942","CYP","2017","Female","83.92","83.76","84.15"
"9943","IRN","2001","Both sexes","73.76","73.49","74.09"
"9944","NOR","2003","Male","76.97","76.95","77.05"
"9945","FIN","2020","Male","78.94","78.92","79.03"
"9946","TLS","2003","Both sexes","64.52","63.90","65.55"
"9947","VEN","2005","Both sexes","74.71","74.64","74.83"
"9948","NGA","2009","Female","60.70","59.88","61.63"
"9949","AZE","2013","Female","74.15","73.82","74.59"
"9950","KGZ","2014","Both sexes","70.90","70.65","71.18"
"9951","SVK","2019","Both sexes","77.61","77.54","77.73"
"9952","MKD","2016","Both sexes","75.56","75.41","75.74"
"9953","CIV","2009","Female","59.43","58.56","60.27"
"9954","KIR","2012","Both sexes","61.48","60.69","62.47"
"9955","COD","2020","Female","64.46","63.56","65.39"
"9956","URY","2014","Female","80.92","80.88","81.01"
"9957","PAN","2003","Female","79.33","79.11","79.60"
"9958","ISR","2013","Female","83.60","83.60","83.68"
"9959","DOM","2006","Male","70.27","69.45","71.21"
"9960","MKD","2018","Female","78.49","78.37","78.69"
"9961","PSE","2019","Female","77.60","77.22","77.97"
"9962","POL","2014","Female","81.29","81.28","81.37"
"9963","IND","2016","Male","68.36","67.95","68.75"
"9964","POL","2007","Male","70.88","70.87","70.94"
"9965","JOR","2000","Both sexes","72.72","72.15","73.25"
"9966","AUT","2020","Female","83.31","83.29","83.39"
"9967","MKD","2012","Female","76.91","76.83","77.10"
"9968","BHS","2009","Male","69.44","69.20","69.78"
"9969","RWA","2008","Female","63.86","63.16","64.72"
"9970","ZWE","2008","Male","47.59","46.58","48.55"
"9971","POL","2012","Male","72.55","72.54","72.61"
"9972","MNE","2018","Both sexes","77.22","77.08","77.43"
"9973","SYR","2011","Both sexes","71.88","71.46","72.43"
"9974","SOM","2014","Female","55.56","54.43","56.62"
"9975","MLT","2005","Male","76.88","76.79","77.07"
"9976","ECU","2007","Male","71.21","70.78","71.68"
"9977","PHL","2017","Female","73.74","73.46","74.12"
"9978","MWI","2012","Both sexes","59.42","58.70","60.23"
"9979","GBR","2002","Both sexes","78.08","78.02","78.13"
"9980","SUR","2020","Male","69.39","68.91","69.92"
"9981","LBN","2015","Female","80.80","80.46","81.22"
"9982","KAZ","2021","Male","66.37","66.07","66.65"
"9983","BRA","2016","Male","71.10","70.89","71.34"
"9984","ERI","2001","Male","52.95","52.11","53.73"
"9985","MRT","2002","Female","64.07","63.54","64.69"
"9986","BDI","2005","Male","48.33","47.61","49.15"
"9987","MDG","2019","Female","64.82","63.88","65.86"
"9988","GAB","2010","Female","63.69","62.66","64.67"
"9989","VUT","2010","Male","63.10","62.66","63.74"
"9990","CZE","2001","Both sexes","75.30","75.26","75.40"
"9991","ZWE","2004","Male","44.90","43.77","46.33"
"9992","MLI","2015","Both sexes","60.12","59.33","60.99"
"9993","TTO","2013","Male","71.37","70.87","71.92"
"9994","CRI","2020","Male","77.29","77.23","77.43"
"9995","DZA","2007","Both sexes","74.59","74.24","75.04"
"9996","AUT","2006","Both sexes","79.81","79.79","79.89"
"9997","ISR","2018","Male","80.66","80.64","80.74"
"9998","BEN","2000","Both sexes","57.42","56.56","58.28"
"9999","FIN","2016","Both sexes","81.12","81.09","81.21"
"10000","TUR","2020","Male","73.41","73.04","73.93"
"10001","ERI","2021","Both sexes","63.57","62.67","64.46"
"10002","BOL","2014","Female","72.53","71.90","73.22"
"10003","MLT","2000","Both sexes","77.82","77.70","78.00"
"10004","VCT","2007","Female","75.64","75.41","75.93"
"10005","LAO","2009","Male","61.62","60.94","62.32"
"10006","FSM","2007","Male","61.64","60.84","62.47"
"10007","ROU","2001","Both sexes","71.21","71.14","71.39"
"10008","CAN","2018","Both sexes","81.73","81.73","81.81"
"10009","DEU","2001","Male","75.48","75.42","75.54"
"10010","TJK","2006","Male","66.63","66.10","67.24"
"10011","GNQ","2009","Both sexes","59.84","58.23","61.47"
"10012","FRA","2003","Female","82.39","82.33","82.46"
"10013","GRD","2014","Female","75.53","75.29","75.81"
"10014","ZAF","2008","Both sexes","53.91","53.52","54.29"
"10015","COM","2020","Female","69.69","69.02","70.64"
"10016","CUB","2021","Female","76.51","76.22","76.85"
"10017","GIN","2010","Both sexes","58.26","57.48","59.29"
"10018","SDN","2020","Female","69.81","68.99","70.75"
"10019","LBR","2006","Female","58.93","58.25","59.66"
"10020","BHS","2007","Both sexes","73.09","72.87","73.40"
"10021","ATG","2004","Both sexes","75.38","75.16","75.67"
"10022","ETH","2014","Female","68.27","67.82","68.85"
"10023","EGY","2020","Male","67.75","67.30","68.28"
"10024","TUR","2015","Female","79.28","78.99","79.66"
"10025","VNM","2021","Male","69.73","69.11","70.49"
"10026","LVA","2018","Female","79.54","79.44","79.72"
"10027","ISR","2018","Female","84.44","84.42","84.52"
"10028","MDG","2021","Female","64.03","63.16","64.95"
"10029","FRA","2000","Male","75.24","75.18","75.30"
"10030","TGO","2003","Male","54.53","53.73","55.45"
"10031","ATG","2006","Male","73.22","72.97","73.51"
"10032","SRB","2000","Both sexes","71.50","71.35","71.67"
"10033","MKD","2021","Male","70.85","70.56","71.31"
"10034","BLZ","2021","Male","71.36","70.96","71.77"
"10035","ECU","2018","Male","75.05","74.70","75.47"
"10036","PSE","2011","Both sexes","72.78","72.52","73.13"
"10037","MDG","2021","Both sexes","62.93","62.10","63.93"
"10038","MLT","2016","Both sexes","81.88","81.76","82.06"
"10039","MOZ","2019","Both sexes","58.51","57.27","59.75"
"10040","COD","2010","Male","55.78","55.07","56.77"
"10041","VEN","2001","Both sexes","73.90","73.82","74.04"
"10042","PSE","2002","Both sexes","68.63","68.30","69.03"
"10043","MEX","2007","Both sexes","75.52","75.40","75.70"
"10044","NPL","2002","Male","65.08","64.48","65.69"
"10045","PSE","2005","Male","67.44","67.07","67.77"
"10046","IRN","2010","Both sexes","76.57","76.43","76.80"
"10047","POL","2015","Both sexes","77.28","77.27","77.35"
"10048","ROU","2001","Female","74.90","74.80","75.07"
"10049","TUR","2005","Both sexes","76.20","75.80","76.70"
"10050","YEM","2014","Female","70.61","69.80","71.48"
"10051","ZMB","2018","Both sexes","61.41","60.34","62.78"
"10052","BDI","2018","Female","65.97","65.29","66.81"
"10053","KHM","2001","Both sexes","60.03","59.36","60.70"
"10054","ERI","2007","Female","62.55","61.70","63.53"
"10055","AUT","2021","Both sexes","80.99","80.96","81.08"
"10056","BDI","2018","Both sexes","64.03","63.33","64.83"
"10057","AFG","2016","Both sexes","60.39","59.37","61.46"
"10058","LAO","2020","Female","71.58","70.86","72.35"
"10059","NAM","2012","Both sexes","61.49","60.53","62.56"
"10060","MYS","2021","Both sexes","72.81","72.63","73.04"
"10061","URY","2007","Both sexes","75.38","75.31","75.53"
"10062","VNM","2010","Male","68.13","67.78","68.62"
"10063","PHL","2011","Female","74.13","73.85","74.51"
"10064","ZAF","2013","Female","64.92","64.68","65.22"
"10065","TTO","2009","Both sexes","72.84","72.53","73.27"
"10066","MAR","2008","Male","71.20","70.37","72.01"
"10067","MNE","2020","Both sexes","75.48","75.34","75.73"
"10068","SDN","2003","Male","62.32","61.41","63.20"
"10069","KGZ","2006","Male","63.17","62.86","63.55"
"10070","STP","2017","Both sexes","71.26","70.73","71.79"
"10071","CPV","2012","Female","77.64","77.29","78.10"
"10072","HUN","2015","Both sexes","75.57","75.55","75.67"
"10073","CZE","2000","Both sexes","75.03","74.99","75.13"
"10074","MRT","2013","Male","69.34","68.59","70.19"
"10075","MDV","2009","Female","76.36","76.15","76.64"
"10076","BIH","2005","Both sexes","76.55","76.47","76.69"
"10077","FRA","2015","Female","84.72","84.71","84.79"
"10078","GRC","2006","Both sexes","79.74","79.73","79.82"
"10079","PAN","2021","Male","74.35","73.72","75.07"
"10080","FRA","2010","Female","84.34","84.34","84.40"
"10081","CRI","2008","Female","82.70","82.60","82.85"
"10082","KOR","2014","Female","85.23","85.22","85.29"
"10083","IRQ","2002","Male","67.47","66.38","68.50"
"10084","SWE","2018","Both sexes","82.20","82.19","82.27"
"10085","BRB","2013","Male","75.10","74.89","75.43"
"10086","MDV","2006","Both sexes","73.36","73.06","73.70"
"10087","SLE","2014","Both sexes","55.84","54.88","56.94"
"10088","PER","2020","Male","69.46","68.93","70.24"
"10089","BGR","2019","Male","71.52","71.40","71.70"
"10090","SLE","2016","Both sexes","58.75","57.75","60.14"
"10091","LUX","2005","Male","76.92","76.82","77.08"
"10092","SGP","2021","Male","81.58","81.53","81.68"
"10093","AGO","2017","Female","64.28","63.40","65.15"
"10094","ISL","2004","Both sexes","80.77","80.64","80.91"
"10095","PNG","2010","Female","65.86","65.01","66.56"
"10096","TLS","2002","Female","64.57","63.95","65.31"
"10097","BEN","2009","Female","63.18","62.49","64.20"
"10098","JOR","2005","Female","72.71","72.26","73.16"
"10099","VCT","2010","Both sexes","73.48","73.25","73.80"
"10100","MNE","2006","Female","76.68","76.58","76.86"
"10101","VNM","2017","Both sexes","73.40","72.89","74.00"
"10102","HUN","2017","Male","72.49","72.46","72.58"
"10103","MDV","2013","Male","74.79","74.54","75.16"
"10104","TCD","2013","Both sexes","57.01","56.14","57.92"
"10105","NAM","2015","Male","58.81","57.89","59.69"
"10106","SDN","2001","Male","61.74","60.84","62.88"
"10107","NGA","2006","Male","56.25","55.19","57.21"
"10108","MDG","2014","Both sexes","63.23","62.51","64.16"
"10109","NAM","2021","Female","63.44","62.59","64.26"
"10110","IRN","2006","Male","73.24","73.04","73.53"
"10111","MLI","2012","Both sexes","59.27","58.54","60.03"
"10112","GNQ","2017","Male","59.72","58.36","61.19"
"10113","FRA","2006","Female","83.78","83.72","83.83"
"10114","PAN","2008","Male","73.91","73.67","74.16"
"10115","BHR","2010","Both sexes","73.86","73.69","74.09"
"10116","YEM","2005","Both sexes","65.75","64.89","66.75"
"10117","BEN","2008","Male","58.40","57.55","59.32"
"10118","TZA","2013","Both sexes","64.03","63.26","64.90"
"10119","LBN","2002","Both sexes","76.55","76.16","77.11"
"10120","BHR","2009","Both sexes","73.41","73.26","73.65"
"10121","TKM","2019","Male","65.70","64.83","66.50"
"10122","IRN","2009","Female","78.36","78.16","78.62"
"10123","FSM","2016","Both sexes","65.52","64.69","66.47"
"10124","ERI","2010","Male","57.41","56.48","58.33"
"10125","SOM","2000","Male","47.19","46.21","48.51"
"10126","MUS","2009","Female","76.68","76.56","76.89"
"10127","BHS","2005","Female","75.71","75.53","76.05"
"10128","YEM","2008","Female","68.84","68.21","69.57"
"10129","KGZ","2004","Female","70.37","70.11","70.78"
"10130","MNG","2005","Both sexes","65.26","64.80","65.67"
"10131","ISR","2014","Female","83.57","83.56","83.66"
"10132","QAT","2005","Female","73.10","72.75","73.53"
"10133","MLI","2002","Female","54.05","53.19","54.85"
"10134","BLR","2013","Female","77.84","77.79","77.95"
"10135","OMN","2017","Male","72.02","71.66","72.49"
"10136","KEN","2017","Both sexes","65.61","64.99","66.40"
"10137","SLV","2009","Both sexes","74.00","73.79","74.21"
"10138","GNB","2008","Male","52.07","51.19","53.06"
"10139","AZE","2019","Male","73.38","73.08","73.75"
"10140","LBN","2021","Female","77.50","77.10","77.96"
"10141","BHR","2007","Female","73.54","73.43","73.74"
"10142","VNM","2003","Both sexes","72.11","71.71","72.60"
"10143","MEX","2008","Both sexes","75.09","74.95","75.31"
"10144","GNQ","2016","Female","62.09","60.44","63.91"
"10145","MLT","2010","Male","78.20","78.08","78.39"
"10146","AUT","2007","Male","77.25","77.24","77.33"
"10147","GUY","2010","Both sexes","66.15","65.65","66.77"
"10148","UZB","2017","Male","68.17","67.93","68.49"
"10149","URY","2011","Female","80.37","80.29","80.50"
"10150","BHR","2015","Both sexes","75.75","75.56","75.98"
"10151","MDA","2008","Male","63.63","63.48","63.87"
"10152","ECU","2015","Male","74.69","74.40","75.11"
"10153","BHS","2017","Female","76.31","75.93","76.82"
"10154","WSM","2005","Both sexes","70.25","69.64","70.88"
"10155","LKA","2012","Female","79.00","78.95","79.10"
"10156","OMN","2012","Female","77.22","76.97","77.59"
"10157","LVA","2009","Both sexes","72.66","72.57","72.82"
"10158","NLD","2014","Male","79.80","79.78","79.88"
"10159","BEL","2016","Female","83.39","83.38","83.47"
"10160","GMB","2004","Female","61.98","61.32","62.80"
"10161","ITA","2005","Female","83.06","83.00","83.12"
"10162","BRN","2008","Both sexes","76.72","76.49","77.03"
"10163","KHM","2003","Male","59.38","58.81","60.08"
"10164","NOR","2018","Both sexes","82.44","82.42","82.54"
"10165","PRT","2008","Both sexes","79.20","79.19","79.26"
"10166","MDG","2007","Male","60.56","59.71","61.32"
"10167","NLD","2017","Male","79.99","79.98","80.07"
"10168","SLV","2013","Female","78.27","78.14","78.45"
"10169","DNK","2008","Male","76.52","76.49","76.61"
"10170","SDN","2007","Female","66.90","66.14","67.89"
"10171","BFA","2015","Both sexes","60.94","59.93","61.73"
"10172","GIN","2012","Both sexes","58.89","58.08","59.88"
"10173","FRA","2016","Both sexes","82.13","82.11","82.21"
"10174","BRA","2005","Male","69.76","69.51","70.04"
"10175","DEU","2009","Female","82.37","82.32","82.43"
"10176","GNB","2015","Male","55.15","54.15","56.38"
"10177","LCA","2003","Female","77.03","76.78","77.28"
"10178","COG","2011","Both sexes","61.13","60.43","61.98"
"10179","ERI","2005","Female","61.49","60.63","62.39"
"10180","NLD","2016","Female","82.80","82.79","82.87"
"10181","GNB","2018","Male","56.14","54.97","57.37"
"10182","WSM","2010","Both sexes","70.49","70.04","71.11"
"10183","SRB","2000","Male","68.68","68.55","68.89"
"10184","ZMB","2001","Both sexes","44.99","43.81","46.23"
"10185","GEO","2021","Both sexes","71.24","71.08","71.41"
"10186","LTU","2003","Female","77.43","77.37","77.56"
"10187","HRV","2013","Both sexes","77.85","77.79","77.99"
"10188","SVN","2008","Both sexes","78.90","78.81","79.05"
"10189","MAR","2010","Female","73.06","72.36","73.71"
"10190","USA","2009","Male","76.16","76.12","76.20"
"10191","TCD","2009","Female","56.65","55.96","57.47"
"10192","CYP","2000","Both sexes","78.83","78.64","79.10"
"10193","BIH","2002","Both sexes","76.10","75.81","76.53"
"10194","BGR","2019","Female","78.62","78.52","78.78"
"10195","BOL","2020","Male","64.40","63.75","65.11"
"10196","NGA","2010","Male","58.42","57.45","59.58"
"10197","PER","2000","Both sexes","75.12","74.69","75.70"
"10198","ZAF","2015","Female","66.18","65.92","66.54"
"10199","LBN","2008","Male","75.37","74.90","75.80"
"10200","NGA","2021","Male","62.07","60.81","63.31"
"10201","MUS","2007","Female","76.13","76.02","76.33"
"10202","NLD","2007","Both sexes","80.13","80.12","80.20"
"10203","CPV","2010","Both sexes","74.23","73.67","74.82"
"10204","CHE","2013","Male","80.42","80.39","80.50"
"10205","GIN","2020","Male","59.65","58.67","60.90"
"10206","GNQ","2012","Male","59.75","58.55","61.18"
"10207","URY","2020","Both sexes","77.79","77.69","77.95"
"10208","ERI","2018","Male","60.68","59.77","61.72"
"10209","KWT","2011","Both sexes","81.45","81.34","81.62"
"10210","VNM","2015","Female","77.47","76.95","78.05"
"10211","HND","2000","Both sexes","69.76","69.06","70.77"
"10212","PHL","2018","Male","66.28","65.84","66.81"
"10213","IRN","2008","Female","78.10","77.95","78.38"
"10214","NOR","2006","Both sexes","80.28","80.25","80.38"
"10215","ARG","2014","Both sexes","76.51","76.50","76.59"
"10216","MOZ","2013","Female","56.75","55.93","57.67"
"10217","MNE","2021","Female","77.88","77.73","78.13"
"10218","MRT","2006","Female","66.50","65.97","67.13"
"10219","GTM","2000","Male","65.32","64.90","65.74"
"10220","MNG","2011","Male","63.18","62.81","63.62"
"10221","JPN","2019","Female","87.15","87.10","87.21"
"10222","PRK","2002","Both sexes","62.79","57.88","67.42"
"10223","BTN","2009","Both sexes","71.27","70.59","71.96"
"10224","HRV","2010","Both sexes","76.80","76.72","76.93"
"10225","ERI","2014","Male","59.28","58.32","60.30"
"10226","SSD","2021","Male","56.48","54.91","57.96"
"10227","ITA","2018","Both sexes","82.78","82.72","82.83"
"10228","FIN","2007","Female","82.66","82.63","82.74"
"10229","THA","2001","Female","75.47","74.99","76.06"
"10230","TGO","2009","Female","60.69","59.99","61.50"
"10231","NER","2007","Male","55.78","54.83","56.90"
"10232","LSO","2012","Female","52.06","50.71","53.44"
"10233","BOL","2005","Both sexes","68.73","68.18","69.41"
"10234","SWZ","2008","Both sexes","44.28","43.08","45.99"
"10235","SDN","2006","Female","66.47","65.62","67.35"
"10236","SWZ","2000","Female","48.86","46.89","50.93"
"10237","IND","2016","Female","71.31","70.90","71.86"
"10238","ZMB","2014","Both sexes","59.98","58.98","60.99"
"10239","BGD","2018","Male","72.38","71.68","73.21"
"10240","ATG","2012","Male","73.41","73.21","73.71"
"10241","UGA","2016","Both sexes","64.67","63.88","65.47"
"10242","TUR","2021","Both sexes","75.27","74.93","75.78"
"10243","HTI","2000","Both sexes","56.73","55.89","57.67"
"10244","MNE","2002","Male","71.25","71.06","71.54"
"10245","NER","2000","Female","50.63","49.87","51.68"
"10246","LKA","2020","Male","77.82","76.62","79.60"
"10247","ROU","2005","Male","68.65","68.55","68.81"
"10248","VNM","2007","Both sexes","72.30","71.92","72.68"
"10249","HND","2020","Female","72.07","71.52","72.68"
"10250","PAK","2010","Both sexes","64.15","63.27","65.03"
"10251","KAZ","2020","Both sexes","71.32","71.12","71.56"
"10252","ARM","2019","Both sexes","75.67","75.50","75.90"
"10253","FRA","2009","Both sexes","81.04","80.98","81.10"
"10254","USA","2018","Both sexes","78.63","78.58","78.67"
"10255","DNK","2002","Both sexes","77.03","77.00","77.12"
"10256","KIR","2002","Both sexes","60.60","59.82","61.40"
"10257","NPL","2013","Male","68.21","67.47","69.06"
"10258","SAU","2013","Female","78.46","78.19","78.80"
"10259","BRB","2005","Male","72.93","72.68","73.19"
"10260","ARG","2004","Female","78.30","78.27","78.39"
"10261","CYP","2015","Female","83.90","83.74","84.13"
"10262","ISL","2001","Male","78.10","78.02","78.28"
"10263","MRT","2006","Both sexes","66.62","66.07","67.24"
"10264","PER","2013","Female","80.98","80.60","81.52"
"10265","MDA","2019","Male","69.32","69.01","69.74"
"10266","DOM","2020","Both sexes","73.57","72.91","74.21"
"10267","TUN","2008","Both sexes","75.93","75.05","76.74"
"10268","POL","2006","Male","70.85","70.84","70.90"
"10269","CHE","2019","Male","81.76","81.74","81.85"
"10270","UZB","2018","Male","69.28","69.03","69.59"
"10271","ZWE","2006","Male","45.92","45.04","47.07"
"10272","SAU","2019","Both sexes","76.93","76.60","77.37"
"10273","SEN","2016","Both sexes","67.77","67.16","68.66"
"10274","BEL","2002","Both sexes","78.01","78.00","78.10"
"10275","MRT","2001","Female","63.44","62.87","64.24"
"10276","LBR","2006","Male","58.21","57.39","59.10"
"10277","ARM","2017","Male","70.62","70.45","70.87"
"10278","TLS","2005","Male","64.95","64.16","65.89"
"10279","TON","2013","Male","69.70","69.18","70.37"
"10280","KGZ","2018","Female","76.80","76.64","77.09"
"10281","ITA","2020","Female","84.05","83.99","84.11"
"10282","GMB","2001","Male","57.58","56.87","58.53"
"10283","LUX","2007","Female","82.55","82.45","82.70"
"10284","BEN","2019","Both sexes","64.14","63.28","65.22"
"10285","RUS","2006","Female","73.11","73.08","73.20"
"10286","VCT","2013","Both sexes","72.60","72.35","72.91"
"10287","VUT","2007","Female","69.10","68.51","69.60"
"10288","SVN","2014","Both sexes","80.79","80.68","80.97"
"10289","MYS","2018","Male","72.61","72.56","72.72"
"10290","NZL","2008","Both sexes","80.31","80.28","80.40"
"10291","SLE","2018","Male","58.96","57.83","60.19"
"10292","KOR","2018","Both sexes","83.15","83.15","83.21"
"10293","CHL","2021","Both sexes","79.02","78.98","79.14"
"10294","TKM","2018","Male","65.69","64.95","66.59"
"10295","KOR","2017","Male","79.94","79.87","80.01"
"10296","ROU","2021","Both sexes","72.76","72.73","72.87"
"10297","BWA","2010","Male","55.77","54.53","56.92"
"10298","CPV","2002","Male","68.15","67.37","69.15"
"10299","GTM","2020","Male","67.76","67.43","68.13"
"10300","NZL","2005","Female","81.93","81.91","82.02"
"10301","MYS","2017","Female","76.49","76.48","76.59"
"10302","YEM","2003","Female","66.26","65.48","67.23"
"10303","BRN","2003","Male","74.89","74.62","75.24"
"10304","NOR","2021","Both sexes","82.88","82.85","82.99"
"10305","MEX","2016","Both sexes","75.76","75.60","76.00"
"10306","NOR","2002","Both sexes","78.86","78.84","78.95"
"10307","PAN","2005","Male","73.82","73.59","74.16"
"10308","DNK","2006","Male","76.00","75.97","76.08"
"10309","BRN","2011","Both sexes","76.99","76.78","77.27"
"10310","SGP","2006","Male","78.76","78.74","78.86"
"10311","CRI","2003","Male","76.47","76.37","76.64"
"10312","CAF","2014","Female","52.09","50.96","53.47"
"10313","NLD","2020","Female","82.93","82.92","83.01"
"10314","BEL","2000","Both sexes","77.67","77.65","77.76"
"10315","OMN","2002","Female","76.33","75.76","76.98"
"10316","NPL","2021","Both sexes","70.05","69.41","70.65"
"10317","MRT","2001","Male","63.67","63.03","64.32"
"10318","NER","2017","Female","61.12","60.11","62.28"
"10319","TZA","2010","Male","60.44","59.71","61.26"
"10320","VNM","2002","Male","67.81","67.35","68.33"
"10321","MKD","2016","Male","73.48","73.36","73.67"
"10322","GMB","2011","Male","60.99","60.16","61.93"
"10323","STP","2008","Both sexes","67.69","67.15","68.25"
"10324","GTM","2012","Female","74.78","74.54","75.10"
"10325","IRL","2020","Both sexes","81.70","81.66","81.80"
"10326","VUT","2021","Female","69.81","69.31","70.42"
"10327","ALB","2006","Male","71.97","71.64","72.35"
"10328","ETH","2005","Both sexes","57.03","56.34","57.69"
"10329","ITA","2018","Male","80.66","80.60","80.72"
"10330","UKR","2004","Male","61.78","61.76","61.85"
"10331","THA","2001","Male","68.11","67.60","68.68"
"10332","BRA","2014","Male","71.17","71.00","71.43"
"10333","SWZ","2012","Both sexes","49.11","47.71","50.57"
"10334","UGA","2017","Female","68.59","67.96","69.50"
"10335","MMR","2009","Female","66.94","66.39","67.79"
"10336","TON","2011","Female","75.01","74.56","75.68"
"10337","IRN","2013","Female","78.94","78.84","79.16"
"10338","ETH","2020","Female","70.70","69.95","71.29"
"10339","SOM","2008","Female","52.79","51.55","54.09"
"10340","DNK","2008","Female","80.72","80.71","80.81"
"10341","KWT","2017","Both sexes","82.62","82.55","82.76"
"10342","BOL","2009","Female","71.01","70.48","71.64"
"10343","CHE","2021","Female","85.11","85.09","85.21"
"10344","ZWE","2012","Male","52.57","51.70","53.47"
"10345","HND","2003","Both sexes","70.19","69.45","71.18"
"10346","SEN","2015","Both sexes","67.36","66.62","68.24"
"10347","BEL","2005","Both sexes","78.85","78.85","78.94"
"10348","ROU","2010","Female","77.43","77.40","77.54"
"10349","BHS","2012","Female","76.09","75.86","76.40"
"10350","ARM","2015","Female","78.25","78.11","78.47"
"10351","GBR","2018","Male","78.90","78.84","78.96"
"10352","SDN","2020","Male","67.04","66.13","67.94"
"10353","LUX","2012","Female","83.57","83.46","83.73"
"10354","ITA","2006","Female","83.62","83.57","83.68"
"10355","POL","2019","Male","73.94","73.93","74.01"
"10356","ISR","2000","Male","76.34","76.32","76.44"
"10357","MMR","2017","Female","71.29","70.66","72.10"
"10358","LUX","2014","Both sexes","82.16","82.01","82.35"
"10359","MNE","2009","Both sexes","75.39","75.26","75.61"
"10360","RUS","2015","Female","76.61","76.61","76.69"
"10361","QAT","2011","Male","73.38","72.83","73.89"
"10362","LVA","2021","Male","68.50","68.40","68.64"
"10363","HRV","2012","Female","80.65","80.59","80.79"
"10364","USA","2000","Male","74.16","74.11","74.21"
"10365","BRA","2019","Both sexes","75.48","75.27","75.72"
"10366","GRC","2008","Both sexes","79.93","79.92","80.01"
"10367","AUS","2020","Female","85.23","85.21","85.30"
"10368","PER","2012","Female","80.57","80.11","81.05"
"10369","GNQ","2017","Female","62.76","61.07","64.18"
"10370","MKD","2009","Both sexes","74.59","74.49","74.78"
"10371","ISR","2018","Both sexes","82.59","82.58","82.67"
"10372","CAF","2010","Both sexes","49.20","48.13","50.32"
"10373","ERI","2014","Both sexes","62.19","61.28","63.15"
"10374","STP","2008","Male","66.28","65.82","67.00"
"10375","GHA","2012","Both sexes","63.16","62.64","63.74"
"10376","ETH","2016","Both sexes","67.59","67.02","68.35"
"10377","GHA","2021","Female","68.60","67.90","69.44"
"10378","SRB","2014","Both sexes","75.32","75.28","75.43"
"10379","LBY","2001","Male","71.86","71.37","72.49"
"10380","OMN","2004","Female","77.14","76.71","77.80"
"10381","GAB","2008","Female","62.47","61.58","63.44"
"10382","SRB","2009","Both sexes","73.97","73.92","74.10"
"10383","AUT","2007","Both sexes","80.03","80.02","80.11"
"10384","KWT","2020","Female","83.10","82.98","83.28"
"10385","ZMB","2016","Male","58.68","57.65","59.82"
"10386","GEO","2004","Female","74.40","74.21","74.66"
"10387","MMR","2021","Male","64.71","63.82","65.68"
"10388","SDN","2010","Female","68.09","67.26","68.97"
"10389","SOM","2012","Female","52.76","51.76","53.71"
"10390","LKA","2007","Male","69.90","69.82","70.03"
"10391","UGA","2012","Male","58.90","58.31","59.53"
"10392","ECU","2012","Male","73.10","72.68","73.50"
"10393","TTO","2019","Male","70.71","70.16","71.35"
"10394","MRT","2005","Male","66.14","65.51","66.80"
"10395","SSD","2004","Female","56.86","55.70","58.12"
"10396","PAK","2002","Both sexes","61.93","61.26","62.67"
"10397","GUY","2017","Both sexes","68.19","67.43","69.07"
"10398","NLD","2012","Female","82.56","82.55","82.63"
"10399","LUX","2003","Both sexes","79.03","78.95","79.18"
"10400","SOM","2020","Female","57.61","56.68","58.63"
"10401","THA","2006","Male","70.14","69.64","70.73"
"10402","SRB","2021","Both sexes","72.81","72.77","72.92"
"10403","HND","2012","Both sexes","68.99","68.31","69.83"
"10404","TLS","2014","Male","66.14","65.25","67.29"
"10405","LCA","2018","Both sexes","76.11","75.57","76.69"
"10406","SEN","2006","Female","64.57","64.08","65.09"
"10407","MWI","2012","Male","56.81","56.19","57.55"
"10408","DEU","2005","Both sexes","79.21","79.15","79.27"
"10409","CUB","2009","Male","76.08","76.05","76.18"
"10410","TUN","2000","Female","76.99","76.57","77.49"
"10411","NOR","2020","Female","84.34","84.32","84.43"
"10412","CUB","2011","Female","80.48","80.44","80.57"
"10413","LBR","2018","Both sexes","63.09","61.97","64.36"
"10414","ETH","2009","Male","60.78","60.23","61.54"
"10415","COD","2000","Female","54.48","53.60","55.36"
"10416","PSE","2021","Female","75.88","75.53","76.40"
"10417","TUN","2014","Female","79.20","78.52","80.04"
"10418","LCA","2009","Female","79.63","79.42","79.92"
"10419","MNE","2011","Female","78.35","78.24","78.52"
"10420","NOR","2018","Male","80.87","80.85","80.95"
"10421","CZE","2008","Male","74.00","73.98","74.08"
"10422","PAK","2001","Female","62.18","61.55","62.95"
"10423","LVA","2001","Female","75.31","75.23","75.46"
"10424","GBR","2020","Both sexes","80.14","80.14","80.20"
"10425","KEN","2010","Both sexes","61.28","60.67","61.98"
"10426","TCD","2010","Male","54.27","53.19","55.38"
"10427","IRL","2010","Both sexes","80.62","80.59","80.72"
"10428","SAU","2003","Male","70.32","69.95","70.78"
"10429","STP","2017","Male","69.79","69.26","70.30"
"10430","JOR","2016","Both sexes","78.76","78.44","79.21"
"10431","BHR","2015","Female","76.54","76.39","76.73"
"10432","GNB","2021","Male","56.08","55.02","57.18"
"10433","LTU","2003","Male","66.22","66.17","66.33"
"10434","FIN","2017","Male","78.68","78.66","78.77"
"10435","SWZ","2016","Female","56.70","55.28","58.50"
"10436","CMR","2000","Male","51.64","50.84","52.59"
"10437","KIR","2014","Both sexes","61.63","60.81","62.51"
"10438","PAN","2016","Female","81.23","81.07","81.47"
"10439","ARM","2004","Male","68.43","68.21","68.72"
"10440","ERI","2008","Female","62.93","62.14","63.90"
"10441","IRQ","2019","Both sexes","72.90","72.14","73.66"
"10442","DNK","2011","Female","81.57","81.54","81.66"
"10443","LCA","2006","Female","77.78","77.61","78.07"
"10444","BDI","2014","Male","60.53","59.84","61.50"
"10445","MDV","2002","Male","69.98","69.61","70.40"
"10446","BRB","2014","Both sexes","76.24","75.97","76.64"
"10447","SLE","2006","Both sexes","52.49","51.52","53.47"
"10448","NGA","2002","Male","53.73","52.82","54.69"
"10449","EST","2003","Male","66.48","66.35","66.66"
"10450","BHS","2009","Both sexes","72.81","72.58","73.16"
"10451","SWZ","2004","Male","40.86","39.76","42.11"
"10452","MKD","2007","Both sexes","73.66","73.54","73.84"
"10453","THA","2015","Female","80.43","80.08","80.94"
"10454","PRK","2001","Both sexes","62.63","58.86","67.64"
"10455","MDG","2004","Male","59.08","58.39","59.77"
"10456","RWA","2016","Male","65.11","64.29","66.07"
"10457","LBN","2003","Both sexes","76.80","76.46","77.34"
"10458","VUT","2011","Male","63.27","62.74","63.80"
"10459","BEN","2008","Female","62.48","61.79","63.42"
"10460","OMN","2012","Male","71.46","71.12","71.90"
"10461","HTI","2020","Male","62.58","61.55","63.73"
"10462","MAR","2017","Male","72.65","72.00","73.59"
"10463","KOR","2021","Both sexes","83.80","83.75","83.90"
"10464","PHL","2021","Female","69.88","69.42","70.38"
"10465","NER","2000","Both sexes","50.24","49.42","51.21"
"10466","HRV","2016","Male","75.16","75.11","75.30"
"10467","NOR","2008","Female","82.66","82.64","82.75"
"10468","ZAF","2012","Male","57.78","57.52","58.09"
"10469","LAO","2002","Both sexes","59.61","58.82","60.52"
"10470","COM","2007","Male","63.62","62.59","64.82"
"10471","NPL","2012","Both sexes","69.79","69.11","70.53"
"10472","CAN","2007","Male","78.13","78.13","78.20"
"10473","TKM","2008","Male","63.17","62.78","63.62"
"10474","TLS","2019","Male","67.02","66.17","68.00"
"10475","SYR","2004","Female","74.18","73.85","74.50"
"10476","PAN","2021","Female","80.29","79.75","80.90"
"10477","URY","2020","Male","74.19","74.08","74.36"
"10478","MNG","2012","Female","72.33","71.99","72.62"
"10479","AFG","2004","Female","56.65","55.56","57.94"
"10480","SVK","2001","Male","69.42","69.37","69.55"
"10481","MEX","2002","Both sexes","74.59","74.46","74.80"
"10482","KHM","2012","Both sexes","67.72","67.13","68.28"
"10483","TUR","2014","Male","73.93","73.54","74.38"
"10484","TCD","2014","Male","56.04","55.03","57.04"
"10485","FSM","2005","Female","67.15","66.49","67.76"
"10486","LUX","2018","Both sexes","82.82","82.71","82.99"
"10487","NLD","2005","Both sexes","79.34","79.33","79.42"
"10488","VNM","2018","Female","77.87","77.26","78.51"
"10489","LTU","2011","Female","79.00","78.94","79.12"
"10490","UZB","2010","Female","69.08","68.87","69.42"
"10491","SYC","2017","Female","76.59","76.35","76.87"
"10492","IRN","2014","Female","79.00","78.90","79.15"
"10493","FJI","2002","Both sexes","66.70","66.44","67.01"
"10494","MLI","2000","Male","53.26","52.27","54.25"
"10495","THA","2000","Male","67.34","66.74","67.92"
"10496","HND","2015","Both sexes","69.53","68.82","70.33"
"10497","KEN","2000","Male","52.94","51.96","54.08"
"10498","BIH","2011","Both sexes","77.06","76.99","77.20"
"10499","BLZ","2002","Female","74.49","74.35","74.72"
"10500","PNG","2015","Both sexes","66.00","65.28","66.71"
"10501","BGR","2017","Male","71.31","71.20","71.51"
"10502","SYC","2018","Female","76.59","76.36","76.96"
"10503","ROU","2015","Female","78.49","78.47","78.60"
"10504","GHA","2005","Both sexes","60.07","59.45","60.84"
"10505","PHL","2008","Both sexes","69.55","69.26","70.03"
"10506","BDI","2016","Both sexes","63.24","62.38","64.23"
"10507","PRK","2019","Female","75.30","74.74","76.02"
"10508","CHL","2017","Male","78.22","78.21","78.30"
"10509","PRI","2013","Both sexes","79.38","79.29","79.52"
"10510","UKR","2009","Both sexes","69.49","69.46","69.59"
"10511","KAZ","2011","Both sexes","69.13","68.93","69.40"
"10512","NOR","2010","Both sexes","80.87","80.84","80.96"
"10513","PRY","2006","Female","77.33","76.82","77.96"
"10514","ISL","2016","Both sexes","82.18","82.08","82.37"
"10515","TUN","2010","Female","78.74","78.10","79.47"
"10516","TUN","2015","Male","74.39","73.67","75.29"
"10517","COD","2014","Female","61.37","60.59","62.29"
"10518","EGY","2000","Male","66.39","65.94","66.90"
"10519","HUN","2012","Both sexes","75.11","75.08","75.21"
"10520","HTI","2002","Male","58.01","57.06","58.85"
"10521","DNK","2011","Male","77.76","77.75","77.84"
"10522","IRQ","2008","Both sexes","69.81","68.99","70.70"
"10523","HTI","2014","Female","62.50","61.63","63.44"
"10524","DZA","2011","Male","75.05","74.75","75.37"
"10525","SVK","2014","Both sexes","76.83","76.78","76.96"
"10526","ZMB","2015","Male","58.19","57.33","59.26"
"10527","JOR","2011","Male","77.31","76.84","77.85"
"10528","SYR","2015","Both sexes","60.01","59.32","60.94"
"10529","MWI","2017","Female","65.55","64.66","66.35"
"10530","SYC","2009","Male","69.27","69.09","69.52"
"10531","FSM","2017","Female","68.54","67.75","69.38"
"10532","BHR","2010","Female","74.94","74.75","75.13"
"10533","AUT","2014","Both sexes","81.24","81.22","81.31"
"10534","EGY","2014","Male","67.78","67.52","68.12"
"10535","COM","2004","Both sexes","63.98","63.20","64.88"
"10536","BRN","2011","Female","78.47","78.28","78.76"
"10537","AUT","2010","Female","82.99","82.98","83.07"
"10538","LAO","2017","Both sexes","67.72","66.88","68.79"
"10539","COG","2012","Male","60.99","60.28","61.77"
"10540","HRV","2014","Female","81.06","81.00","81.19"
"10541","MYS","2002","Male","71.69","71.65","71.79"
"10542","SVN","2011","Female","82.83","82.72","83.02"
"10543","VEN","2018","Female","77.43","77.09","77.88"
"10544","BLZ","2013","Male","71.80","71.60","72.06"
"10545","BIH","2019","Male","74.64","74.57","74.79"
"10546","GRC","2015","Female","82.70","82.69","82.78"
"10547","GBR","2006","Both sexes","79.23","79.17","79.28"
"10548","PNG","2008","Both sexes","64.35","63.56","64.96"
"10549","ATG","2003","Both sexes","75.21","74.98","75.57"
"10550","BHS","2010","Female","76.06","75.79","76.35"
"10551","CYP","2018","Male","80.06","79.85","80.40"
"10552","BIH","2006","Female","79.64","79.53","79.80"
"10553","GHA","2004","Male","58.14","57.55","58.78"
"10554","ZAF","2017","Female","67.73","67.46","68.06"
"10555","AGO","2021","Male","60.01","59.12","60.88"
"10556","LUX","2020","Female","84.79",NULL,NULL
"10557","AZE","2021","Female","75.19","74.94","75.63"
"10558","AUT","2019","Both sexes","81.65","81.63","81.73"
"10559","ERI","2003","Both sexes","57.23","56.38","58.08"
"10560","SUR","2004","Both sexes","70.80","70.52","71.16"
"10561","GNQ","2020","Female","62.92","61.23","64.40"
"10562","SYC","2003","Female","76.47","76.27","76.71"
"10563","MAR","2001","Male","69.60","68.87","70.46"
"10564","CHE","2000","Male","76.90","76.88","76.98"
"10565","TKM","2020","Both sexes","68.47","67.69","69.25"
"10566","AFG","2008","Both sexes","57.90","56.95","59.04"
"10567","PER","2002","Male","74.79","74.35","75.38"
"10568","AUS","2004","Male","78.42","78.35","78.49"
"10569","DNK","2018","Female","82.61","82.59","82.70"
"10570","URY","2013","Female","80.42","80.38","80.53"
"10571","BFA","2007","Female","58.45","57.65","59.24"
"10572","LKA","2021","Female","80.05","79.26","81.16"
"10573","GNB","2007","Female","55.55","54.75","56.41"
"10574","FIN","2007","Both sexes","79.27","79.23","79.36"
"10575","RWA","2010","Both sexes","64.20","63.48","65.00"
"10576","ISR","2003","Female","81.22","81.21","81.31"
"10577","SLV","2004","Both sexes","73.29","73.00","73.57"
"10578","PSE","2001","Male","65.75","65.38","66.27"
"10579","CYP","2014","Male","79.75","79.53","80.02"
"10580","KOR","2005","Female","81.53","81.46","81.59"
"10581","SVN","2009","Male","75.73","75.66","75.88"
"10582","IDN","2011","Both sexes","69.52","68.90","70.28"
"10583","MNG","2019","Female","75.47","75.15","75.87"
"10584","RWA","2017","Female","69.26","68.47","70.04"
"10585","MDG","2008","Both sexes","62.02","61.29","62.95"
"10586","HRV","2008","Both sexes","76.07","76.02","76.20"
"10587","BLZ","2009","Female","76.38","76.19","76.59"
"10588","LSO","2010","Both sexes","48.57","47.49","49.73"
"10589","GAB","2017","Both sexes","64.53","63.60","65.51"
"10590","PHL","2011","Both sexes","69.78","69.45","70.22"
"10591","HTI","2001","Female","56.84","56.13","57.59"
"10592","CMR","2006","Female","55.79","55.01","56.61"
"10593","CUB","2018","Both sexes","77.85","77.82","77.95"
"10594","RWA","2009","Female","64.94","64.22","65.76"
"10595","SEN","2013","Both sexes","66.59","66.05","67.29"
"10596","GNQ","2003","Both sexes","55.74","54.18","57.39"
"10597","TCD","2015","Male","56.35","55.32","57.41"
"10598","GHA","2014","Male","61.52","60.88","62.13"
"10599","PNG","2019","Male","65.57","64.78","66.45"
"10600","ZAF","2004","Both sexes","52.25","51.90","52.75"
"10601","FRA","2015","Both sexes","81.91","81.89","81.97"
"10602","ZMB","2019","Female","63.95","62.90","65.25"
"10603","ARM","2008","Both sexes","72.49","72.33","72.70"
"10604","ROU","2014","Male","71.28","71.23","71.40"
"10605","ETH","2017","Female","69.80","69.17","70.35"
"10606","PRY","2007","Both sexes","74.95","74.22","75.68"
"10607","BRN","2005","Male","75.17","74.90","75.54"
"10608","MLT","2021","Both sexes","81.81","81.65","82.04"
"10609","YEM","2017","Female","70.32","69.49","71.19"
"10610","MDG","2020","Male","61.89","61.07","62.91"
"10611","SDN","2020","Both sexes","68.44","67.63","69.35"
"10612","ARE","2019","Both sexes","81.41","81.06","81.89"
"10613","SLE","2016","Male","57.87","56.67","59.13"
"10614","GBR","2018","Both sexes","80.62","80.57","80.68"
"10615","QAT","2019","Both sexes","78.90","78.20","79.62"
"10616","KIR","2009","Male","58.00","57.23","58.93"
"10617","GRD","2002","Female","76.50","76.21","76.82"
"10618","LAO","2000","Male","56.46","55.56","57.33"
"10619","UZB","2005","Both sexes","63.20","62.79","63.71"
"10620","BRA","2006","Male","69.96","69.73","70.24"
"10621","UZB","2007","Male","62.36","61.88","63.00"
"10622","VEN","2011","Female","78.78","78.71","78.91"
"10623","AFG","2000","Female","54.43","53.41","55.63"
"10624","AZE","2010","Male","67.17","66.69","67.72"
"10625","BIH","2012","Male","74.72","74.67","74.87"
"10626","SYC","2012","Female","76.79","76.60","77.06"
"10627","GBR","2007","Male","77.36","77.30","77.42"
"10628","DJI","2007","Both sexes","60.99","59.89","62.32"
"10629","THA","2011","Both sexes","75.72","75.33","76.17"
"10630","MLT","2017","Female","83.85","83.71","84.06"
"10631","HRV","2018","Female","81.41","81.33","81.55"
"10632","OMN","2004","Male","70.59","70.03","71.21"
"10633","VEN","2008","Male","70.02","69.95","70.14"
"10634","IDN","2018","Both sexes","71.18","70.43","71.94"
"10635","POL","2021","Both sexes","75.40","75.39","75.50"
"10636","TJK","2020","Female","72.62","72.19","73.19"
"10637","KEN","2006","Both sexes","57.46","56.77","58.26"
"10638","ECU","2019","Both sexes","77.75","77.40","78.13"
"10639","JPN","2010","Male","79.87","79.82","79.92"
"10640","BFA","2013","Both sexes","59.96","58.95","60.91"
"10641","AFG","2000","Both sexes","53.82","52.75","54.93"
"10642","SLE","2008","Male","52.66","51.78","53.56"
"10643","SUR","2002","Male","67.56","67.23","67.95"
"10644","PAN","2021","Both sexes","77.24","76.58","77.89"
"10645","SSD","2001","Male","51.03","49.86","52.25"
"10646","STP","2019","Female","73.18","72.65","73.77"
"10647","BWA","2010","Both sexes","57.63","56.30","58.81"
"10648","GMB","2017","Male","62.34","61.37","63.32"
"10649","QAT","2011","Both sexes","74.28","73.79","74.87"
"10650","CRI","2006","Both sexes","79.36","79.29","79.50"
"10651","LBN","2000","Both sexes","75.72","75.35","76.20"
"10652","ECU","2016","Both sexes","77.18","76.84","77.57"
"10653","ZWE","2018","Both sexes","58.70","57.84","59.89"
"10654","DJI","2017","Both sexes","64.73","63.41","65.75"
"10655","CAN","2018","Female","83.61","83.60","83.68"
"10656","SYR","2009","Male","72.36","71.89","72.88"
"10657","SWZ","2008","Male","42.44","41.48","43.56"
"10658","GRC","2005","Female","81.91","81.90","81.98"
"10659","CHE","2005","Female","83.47","83.45","83.55"
"10660","HND","2000","Male","68.82","67.87","69.95"
"10661","SVN","2003","Female","80.08","80.01","80.23"
"10662","TJK","2013","Both sexes","71.76","71.31","72.36"
"10663","AUT","2015","Female","83.29","83.27","83.36"
"10664","NAM","2003","Female","53.03","51.81","54.54"
"10665","HTI","2019","Male","63.18","62.03","64.32"
"10666","FJI","2014","Male","65.74","65.17","66.37"
"10667","ESP","2004","Male","76.73","76.73","76.79"
"10668","NZL","2004","Both sexes","79.15","79.13","79.25"
"10669","CPV","2014","Female","77.86","77.52","78.30"
"10670","SUR","2012","Both sexes","73.35","73.07","73.69"
"10671","BEN","2015","Both sexes","62.63","61.69","63.44"
"10672","ESP","2016","Both sexes","82.73","82.67","82.79"
"10673","KIR","2014","Male","58.41","57.53","59.49"
"10674","PHL","2013","Female","73.66","73.34","74.03"
"10675","COD","2005","Both sexes","54.94","54.02","55.80"
"10676","HND","2010","Male","69.98","69.26","70.97"
"10677","LSO","2019","Male","48.96","47.80","50.19"
"10678","LBN","2016","Male","76.35","75.93","76.81"
"10679","GBR","2009","Both sexes","80.03","79.97","80.09"
"10680","ARM","2004","Female","75.33","75.14","75.58"
"10681","NIC","2018","Male","75.59","75.30","75.95"
"10682","ZAF","2021","Female","64.02","63.72","64.36"
"10683","GUY","2005","Both sexes","65.05","64.58","65.65"
"10684","CMR","2019","Male","60.08","59.04","61.22"
"10685","LTU","2010","Female","78.65","78.58","78.77"
"10686","IDN","2001","Both sexes","67.44","67.03","67.99"
"10687","SRB","2003","Male","69.83","69.73","70.01"
"10688","SGP","2013","Male","80.18","80.16","80.28"
"10689","ESP","2013","Both sexes","82.48","82.42","82.54"
"10690","BHR","2006","Both sexes","71.70","71.57","71.92"
"10691","LAO","2004","Male","58.75","58.12","59.51"
"10692","AGO","2019","Female","64.65","63.73","65.64"
"10693","PHL","2008","Male","65.63","65.27","66.06"
"10694","LAO","2001","Female","60.82","60.10","61.65"
"10695","PAN","2011","Female","80.72","80.50","80.94"
"10696","GEO","2016","Male","67.97","67.83","68.17"
"10697","BRN","2012","Male","75.48","75.20","75.81"
"10698","MKD","2003","Female","75.61","75.47","75.79"
"10699","TTO","2009","Male","69.63","69.27","70.01"
"10700","UZB","2011","Male","64.87","64.61","65.28"
"10701","LTU","2021","Male","69.59","69.49","69.72"
"10702","LCA","2019","Female","79.93","79.43","80.47"
"10703","SYR","2017","Female","69.95","69.31","70.77"
"10704","TZA","2006","Female","58.75","57.89","59.48"
"10705","SUR","2003","Male","67.49","67.15","67.89"
"10706","ARG","2018","Female","79.93","79.93","80.00"
"10707","LUX","2017","Female","84.62",NULL,NULL
"10708","LVA","2008","Both sexes","71.85","71.74","72.00"
"10709","PSE","2017","Male","73.68","73.31","74.07"
"10710","MUS","2001","Female","74.98","74.82","75.20"
"10711","TZA","2019","Female","68.37","67.74","69.17"
"10712","COL","2011","Male","73.74","73.47","74.18"
"10713","BLR","2001","Female","74.39","74.32","74.55"
"10714","NZL","2015","Both sexes","81.31","81.29","81.40"
"10715","ZMB","2016","Both sexes","60.96","59.89","61.98"
"10716","SWE","2006","Both sexes","80.63","80.55","80.71"
"10717","BWA","2008","Male","54.13","53.00","55.26"
"10718","MNG","2017","Male","65.88","65.51","66.23"
"10719","GBR","2016","Female","82.49","82.44","82.55"
"10720","CMR","2016","Male","58.04","57.08","59.20"
"10721","SLV","2017","Male","69.13","68.95","69.39"
"10722","KHM","2002","Male","58.54","57.93","59.12"
"10723","BWA","2011","Female","60.35","58.71","61.72"
"10724","NOR","2007","Both sexes","80.35","80.34","80.44"
"10725","ROU","2005","Both sexes","72.10","72.02","72.24"
"10726","MDV","2021","Male","74.51","74.09","75.02"
"10727","IDN","2001","Male","66.22","65.65","66.69"
"10728","CIV","2015","Male","58.68","57.67","59.67"
"10729","SGP","2016","Male","81.04","81.02","81.14"
"10730","SSD","2019","Female","61.16","59.95","62.56"
"10731","MLT","2020","Female","83.86","83.69","84.10"
"10732","MEX","2018","Both sexes","75.92","75.76","76.13"
"10733","GAB","2010","Male","60.00","59.31","60.81"
"10734","SAU","2004","Both sexes","71.60","71.30","72.02"
"10735","BLZ","2000","Both sexes","70.10","69.89","70.35"
"10736","IRQ","2000","Female","71.91","71.24","72.81"
"10737","NOR","2004","Female","82.13","82.11","82.22"
"10738","DJI","2015","Female","65.57","64.45","66.65"
"10739","VEN","2021","Female","75.95","75.27","76.54"
"10740","NAM","2000","Female","55.09","54.04","56.43"
"10741","BRN","2010","Both sexes","76.97","76.73","77.29"
"10742","MOZ","2006","Both sexes","52.16","51.37","52.91"
"10743","BIH","2008","Male","73.69","73.62","73.84"
"10744","NOR","2014","Female","83.67","83.65","83.76"
"10745","GBR","2013","Male","78.90","78.85","78.96"
"10746","LBR","2013","Female","61.93","61.03","62.90"
"10747","ISR","2020","Male","80.36","80.35","80.45"
"10748","ISR","2003","Both sexes","79.10","79.08","79.18"
"10749","ISL","2004","Male","78.96","78.84","79.12"
"10750","MWI","2008","Female","56.18","55.39","57.14"
"10751","AZE","2006","Male","64.69","64.18","65.37"
"10752","ZWE","2007","Female","48.03","47.03","49.51"
"10753","ERI","2009","Both sexes","60.07","59.21","61.06"
"10754","GTM","2005","Male","66.00","65.60","66.44"
"10755","MAR","2010","Both sexes","72.37","71.78","73.23"
"10756","CMR","2012","Both sexes","57.77","56.98","58.93"
"10757","CRI","2016","Both sexes","80.11","80.04","80.25"
"10758","PRK","2021","Female","75.65","75.10","76.39"
"10759","MMR","2011","Both sexes","65.23","64.59","65.81"
"10760","LTU","2005","Male","65.18","65.12","65.29"
"10761","HTI","2003","Both sexes","57.92","57.12","58.75"
"10762","CAN","2005","Male","77.64","77.64","77.71"
"10763","AFG","2018","Female","62.14","61.26","62.96"
"10764","VCT","2004","Female","74.94","74.69","75.26"
"10765","GIN","2006","Both sexes","56.86","55.96","57.72"
"10766","NOR","2012","Both sexes","81.23","81.22","81.33"
"10767","TLS","2001","Female","63.94","63.25","64.65"
"10768","ITA","2000","Male","76.41","76.35","76.47"
"10769","KOR","2009","Male","76.90","76.84","76.96"
"10770","ARE","2003","Female","78.50","78.19","78.93"
"10771","ITA","2019","Male","80.94","80.88","80.99"
"10772","PNG","2017","Both sexes","66.39","65.73","67.24"
"10773","MAR","2012","Male","72.05","71.17","72.95"
"10774","JAM","2000","Both sexes","72.25","71.99","72.56"
"10775","NLD","2019","Male","80.85","80.84","80.93"
"10776","BFA","2017","Male","59.41","58.36","60.41"
"10777","TKM","2009","Male","64.74","64.29","65.16"
"10778","FRA","2012","Male","78.49","78.43","78.55"
"10779","CAN","2015","Male","79.76","79.74","79.86"
"10780","KOR","2013","Male","78.33","78.26","78.40"
"10781","KHM","2006","Female","66.88","66.37","67.45"
"10782","MUS","2005","Both sexes","72.14","72.03","72.32"
"10783","COD","2003","Both sexes","53.69","52.83","54.73"
"10784","MKD","2019","Both sexes","76.15","76.01","76.34"
"10785","NAM","2000","Male","50.90","50.01","51.99"
"10786","GEO","2005","Male","67.80","67.59","68.09"
"10787","FRA","2010","Both sexes","81.22","81.16","81.28"
"10788","ISL","2020","Male","81.27","81.16","81.53"
"10789","YEM","2005","Male","64.10","63.27","65.20"
"10790","TTO","2008","Female","75.45","75.22","75.82"
"10791","CHE","2016","Both sexes","83.17","83.15","83.25"
"10792","VEN","2004","Female","78.20","78.15","78.33"
"10793","LVA","2020","Male","70.85","70.78","70.99"
"10794","SLE","2015","Female","57.66","56.74","58.79"
"10795","ROU","2003","Female","74.97","74.89","75.12"
"10796","IND","2014","Both sexes","68.92","68.48","69.43"
"10797","ISL","2017","Male","80.81","80.69","80.99"
"10798","ROU","2016","Male","71.48","71.45","71.58"
"10799","EST","2012","Female","81.16","81.03","81.35"
"10800","COD","2011","Both sexes","57.89","56.94","58.69"
"10801","MUS","2002","Both sexes","71.68","71.56","71.87"
"10802","AFG","2015","Both sexes","60.33","59.49","61.37"
"10803","LBY","2016","Both sexes","72.64","72.06","73.35"
"10804","HTI","2016","Male","62.51","61.62","63.80"
"10805","ARE","2011","Both sexes","80.26","79.91","80.66"
"10806","SOM","2007","Female","52.46","51.41","53.65"
"10807","VCT","2018","Both sexes","73.18","72.92","73.51"
"10808","NGA","2007","Both sexes","58.18","57.33","59.13"
"10809","DOM","2003","Female","76.08","75.64","76.58"
"10810","NLD","2006","Male","77.59","77.59","77.67"
"10811","GIN","2002","Both sexes","55.18","54.39","56.04"
"10812","NER","2002","Male","51.42","50.42","52.71"
"10813","ISR","2014","Both sexes","81.38","81.36","81.47"
"10814","WSM","2002","Both sexes","69.93","69.38","70.60"
"10815","BIH","2011","Female","79.64","79.56","79.80"
"10816","CRI","2007","Female","82.67","82.58","82.83"
"10817","BLR","2018","Female","79.25","79.21","79.36"
"10818","SVK","2013","Male","72.87","72.83","72.97"
"10819","GHA","2012","Male","60.73","60.14","61.35"
"10820","SVK","2001","Female","77.45","77.39","77.56"
"10821","CUB","2020","Both sexes","77.64","77.59","77.74"
"10822","PAN","2004","Male","73.76","73.50","74.03"
"10823","UZB","2003","Female","65.34","64.99","65.74"
"10824","LVA","2020","Both sexes","75.50","75.39","75.66"
"10825","SGP","2002","Female","81.49","81.47","81.58"
"10826","NER","2004","Male","53.31","52.17","54.47"
"10827","TKM","2002","Female","69.65","69.18","70.10"
"10828","TJK","2005","Male","66.28","65.87","67.00"
"10829","TLS","2008","Female","67.55","66.98","68.21"
"10830","BGR","2013","Male","71.25","71.10","71.45"
"10831","ERI","2015","Both sexes","62.52","61.70","63.58"
"10832","ZWE","2002","Male","44.71","43.71","46.22"
"10833","ECU","2013","Both sexes","76.40","76.05","76.77"
"10834","DNK","2015","Female","82.36","82.33","82.45"
"10835","NPL","2010","Female","71.01","70.51","71.62"
"10836","SWZ","2013","Male","47.17","46.09","48.24"
"10837","NOR","2001","Female","81.30","81.27","81.39"
"10838","AFG","2018","Male","59.01","58.11","59.90"
"10839","FJI","2012","Both sexes","67.51","67.15","67.96"
"10840","UKR","2017","Male","68.06","67.69","68.55"
"10841","TUN","2018","Both sexes","77.23","76.57","78.14"
"10842","MYS","2007","Female","76.59","76.58","76.67"
"10843","BGD","2015","Both sexes","73.19","72.67","73.82"
"10844","GMB","2009","Male","60.14","59.44","61.12"
"10845","SDN","2012","Both sexes","67.58","66.69","68.38"
"10846","SAU","2011","Male","75.30","75.03","75.57"
"10847","SVK","2012","Male","72.49","72.42","72.61"
"10848","SYR","2016","Male","52.45","51.56","53.22"
"10849","CHE","2004","Both sexes","80.94","80.92","81.03"
"10850","AGO","2012","Female","61.73","60.82","62.57"
"10851","CHL","2015","Male","77.55","77.53","77.62"
"10852","GEO","2017","Male","68.85","68.69","69.05"
"10853","AUT","2018","Female","83.59","83.58","83.67"
"10854","BRA","2015","Male","71.32","71.13","71.53"
"10855","GRC","2001","Male","76.40","76.39","76.49"
"10856","ARM","2008","Female","76.23","76.11","76.49"
"10857","GNQ","2003","Female","56.55","54.85","58.41"
"10858","HUN","2016","Female","79.44","79.40","79.54"
"10859","BGR","2019","Both sexes","75.00","74.86","75.17"
"10860","SLE","2004","Both sexes","51.80","50.86","52.93"
"10861","CMR","2011","Female","58.71","57.70","59.68"
"10862","LBY","2020","Both sexes","72.65","72.12","73.34"
"10863","MDA","2021","Female","73.63","73.39","73.99"
"10864","SRB","2015","Both sexes","75.28","75.24","75.39"
"10865","SAU","2011","Both sexes","76.13","75.91","76.39"
"10866","MLT","2006","Female","81.52","81.40","81.68"
"10867","URY","2005","Both sexes","75.65","75.59","75.81"
"10868","GNB","2002","Both sexes","51.04","50.15","52.00"
"10869","SVK","2008","Male","70.82","70.78","70.94"
"10870","MOZ","2016","Female","59.76","59.01","60.70"
"10871","TGO","2012","Male","58.22","57.40","58.98"
"10872","EST","2005","Female","78.15","78.06","78.31"
"10873","PRK","2001","Male","59.76","56.43","63.94"
"10874","NER","2015","Both sexes","59.63","58.37","60.58"
"10875","PHL","2016","Both sexes","69.25","68.87","69.67"
"10876","NLD","2018","Female","83.30","83.29","83.37"
"10877","ARM","2015","Male","69.78","69.63","70.01"
"10878","ARE","2015","Both sexes","80.71","80.34","81.25"
"10879","TZA","2021","Both sexes","66.81","66.06","67.63"
"10880","USA","2005","Both sexes","77.38","77.34","77.43"
"10881","GEO","2004","Both sexes","70.54","70.32","70.82"
"10882","MKD","2007","Male","71.61","71.47","71.80"
"10883","TCD","2017","Male","57.19","56.18","58.30"
"10884","BGR","2002","Female","75.51","75.41","75.67"
"10885","NPL","2018","Both sexes","71.10","70.43","71.84"
"10886","GEO","2013","Both sexes","72.60","72.45","72.83"
"10887","BTN","2011","Both sexes","72.13","71.53","72.84"
"10888","NIC","2011","Male","73.94","73.58","74.31"
"10889","COL","2001","Both sexes","72.63","72.38","72.99"
"10890","BHR","2011","Male","73.41","73.20","73.70"
"10891","ISL","2021","Male","81.33",NULL,NULL
"10892","MNE","2014","Female","79.07","78.98","79.26"
"10893","IDN","2007","Female","70.20","69.81","70.76"
"10894","AUS","2020","Both sexes","83.37","83.35","83.44"
"10895","AZE","2012","Male","68.77","68.36","69.25"
"10896","MLI","2010","Both sexes","58.65","57.80","59.49"
"10897","KWT","2001","Both sexes","78.81","78.70","79.01"
"10898","STP","2011","Female","70.43","69.96","71.14"
"10899","MEX","2005","Male","72.58","72.41","72.78"
"10900","YEM","2009","Female","69.26","68.57","70.30"
"10901","NZL","2008","Male","78.33","78.31","78.44"
"10902","CIV","2021","Female","65.98","65.22","67.01"
"10903","LUX","2005","Both sexes","79.58","79.48","79.74"
"10904","UZB","2016","Female","72.19","72.01","72.44"
"10905","UZB","2011","Female","69.52","69.28","69.87"
"10906","GIN","2010","Female","59.43","58.74","60.20"
"10907","MLI","2010","Male","58.40","57.65","59.17"
"10908","KOR","2005","Both sexes","78.37","78.30","78.44"
"10909","IRQ","2019","Female","75.37","74.56","76.17"
"10910","TKM","2003","Both sexes","65.89","65.40","66.31"
"10911","BRA","2018","Female","78.71","78.55","78.95"
"10912","URY","2001","Male","70.94","70.86","71.08"
"10913","MWI","2002","Both sexes","46.24","44.98","47.29"
"10914","GRC","2003","Male","76.78","76.76","76.86"
"10915","KAZ","2014","Male","66.86","66.67","67.13"
"10916","SRB","2009","Male","71.29","71.24","71.46"
"10917","FIN","2018","Both sexes","81.41","81.38","81.50"
"10918","KOR","2013","Both sexes","81.69","81.62","81.76"
"10919","MNE","2000","Female","75.95","75.78","76.17"
"10920","SAU","2003","Both sexes","71.31","70.92","71.75"
"10921","ZAF","2012","Female","63.43","63.16","63.75"
"10922","MNE","2014","Male","74.06","73.91","74.27"
"10923","CMR","2007","Both sexes","55.00","54.32","55.86"
"10924","SAU","2015","Both sexes","76.89","76.61","77.30"
"10925","MKD","2008","Male","72.32","72.18","72.53"
"10926","KHM","2014","Both sexes","68.41","67.84","69.00"
"10927","PRK","2005","Male","66.54","65.95","67.39"
"10928","ERI","2009","Male","57.01","56.19","58.25"
"10929","JPN","2007","Male","79.46","79.41","79.52"
"10930","LKA","2019","Both sexes","77.45","76.72","78.37"
"10931","ARG","2012","Both sexes","76.18","76.16","76.26"
"10932","GIN","2015","Both sexes","59.20","58.36","60.29"
"10933","ALB","2008","Male","72.54","72.14","72.98"
"10934","LTU","2009","Female","78.39","78.32","78.52"
"10935","AGO","2012","Both sexes","59.46","58.47","60.48"
"10936","MDA","2000","Female","69.52","69.32","69.84"
"10937","GRD","2002","Male","67.57","67.36","67.90"
"10938","AFG","2021","Male","57.40","56.63","58.20"
"10939","PRY","2005","Both sexes","74.85","74.20","75.63"
"10940","FRA","2008","Female","84.01","84.01","84.07"
"10941","PRI","2003","Male","73.84","73.74","73.99"
"10942","KGZ","2003","Male","62.94","62.49","63.36"
"10943","ZWE","2017","Both sexes","58.24","57.45","59.35"
"10944","HND","2014","Both sexes","69.52","68.94","70.35"
"10945","FSM","2003","Male","61.41","60.71","62.11"
"10946","SSD","2007","Both sexes","57.04","55.84","58.42"
"10947","LVA","2000","Male","64.62","64.54","64.76"
"10948","LKA","2001","Both sexes","72.65","72.58","72.79"
"10949","PNG","2005","Both sexes","63.69","62.88","64.49"
"10950","OMN","2018","Male","72.82","72.49","73.24"
"10951","PRT","2001","Both sexes","76.93","76.92","77.01"
"10952","AGO","2019","Male","60.33","59.44","61.34"
"10953","IRL","2018","Both sexes","81.71","81.67","81.83"
"10954","SGP","2005","Both sexes","80.54","80.51","80.63"
"10955","GEO","2003","Both sexes","70.80","70.50","71.12"
"10956","WSM","2021","Both sexes","70.27","69.61","71.00"
"10957","CZE","2006","Male","73.44","73.40","73.53"
"10958","IRQ","2003","Female","72.06","71.26","73.00"
"10959","ISL","2001","Female","81.87","81.80","82.04"
"10960","UKR","2012","Female","75.95","75.93","76.05"
"10961","TGO","2018","Both sexes","63.08","62.20","64.14"
"10962","NOR","2020","Both sexes","82.84","82.82","82.93"
"10963","SYC","2010","Both sexes","73.12","72.92","73.38"
"10964","COD","2018","Both sexes","61.43","60.37","62.57"
"10965","SWZ","2017","Female","57.48","55.81","59.03"
"10966","NGA","2008","Male","57.43","56.60","58.62"
"10967","BRB","2010","Female","77.19","77.01","77.41"
"10968","CZE","2003","Both sexes","75.26","75.23","75.36"
"10969","BWA","2000","Female","49.28","47.06","51.39"
"10970","SGP","2001","Both sexes","79.14","79.13","79.23"
"10971","AGO","2016","Both sexes","61.85","60.88","62.89"
"10972","DEU","2004","Both sexes","79.03","78.97","79.09"
"10973","PER","2014","Female","81.51","81.08","81.96"
"10974","CAN","2006","Male","78.10","78.03","78.17"
"10975","BEL","2015","Female","82.86","82.86","82.94"
"10976","IND","2012","Male","66.64","66.23","67.19"
"10977","BLR","2018","Male","69.22","69.19","69.31"
"10978","BRA","2011","Male","70.60","70.40","70.85"
"10979","BEL","2019","Both sexes","81.61","81.59","81.70"
"10980","IRN","2016","Male","75.94","75.84","76.09"
"10981","SWE","2010","Male","79.41","79.40","79.48"
"10982","VCT","2008","Male","71.45","71.15","71.78"
"10983","TTO","2004","Male","68.37","68.05","68.68"
"10984","EST","2010","Male","70.83","70.75","71.00"
"10985","ZWE","2002","Both sexes","45.11","43.64","46.49"
"10986","COL","2007","Male","72.19","71.84","72.63"
"10987","TLS","2016","Female","69.63","69.01","70.49"
"10988","CHN","2016","Female","79.94","79.58","80.42"
"10989","VUT","2005","Female","68.84","68.30","69.54"
"10990","DEU","2002","Female","81.10","81.04","81.16"
"10991","HTI","2016","Both sexes","62.80","61.83","63.81"
"10992","IRL","2017","Male","79.84","79.80","79.96"
"10993","BHR","2002","Both sexes","70.60","70.43","70.83"
"10994","PRK","2006","Both sexes","69.70","69.10","70.25"
"10995","MWI","2011","Female","60.59","59.81","61.41"
"10996","NGA","2004","Both sexes","56.19","55.35","57.12"
"10997","MMR","2005","Both sexes","61.62","60.89","62.48"
"10998","SVN","2018","Male","78.18","78.08","78.33"
"10999","TUN","2001","Both sexes","74.56","73.99","75.17"
"11000","MRT","2014","Male","69.35","68.55","70.20"
"11001","UZB","2007","Both sexes","64.80","64.32","65.27"
"11002","EST","2008","Female","79.28","79.20","79.47"
"11003","GNQ","2000","Male","52.43","51.05","53.92"
"11004","IDN","2016","Male","68.99","68.25","69.87"
"11005","GIN","2003","Both sexes","55.64","54.68","56.50"
"11006","DEU","2014","Both sexes","80.76","80.70","80.82"
"11007","CYP","2009","Both sexes","80.92","80.73","81.17"
"11008","NER","2009","Both sexes","57.84","56.79","58.92"
"11009","KIR","2012","Male","58.21","57.30","59.00"
"11010","DZA","2003","Both sexes","73.27","72.79","73.80"
"11011","LKA","2002","Both sexes","73.34","73.26","73.48"
"11012","THA","2014","Male","73.43","72.96","74.02"
"11013","ITA","2004","Female","83.16","83.10","83.22"
"11014","TLS","2018","Female","69.95","69.34","70.80"
"11015","PSE","2017","Female","77.17","76.93","77.45"
"11016","SSD","2008","Male","56.01","54.70","57.57"
"11017","BLR","2009","Male","64.77","64.71","64.88"
"11018","CPV","2007","Both sexes","73.47","72.86","74.19"
"11019","MDA","2007","Female","71.33","71.16","71.52"
"11020","BFA","2009","Female","59.97","59.33","60.88"
"11021","IRL","2007","Male","77.10","77.07","77.19"
"11022","GIN","2017","Both sexes","60.25","59.27","61.45"
"11023","CMR","2021","Male","59.89","58.92","60.83"
"11024","IDN","2005","Both sexes","68.23","67.77","68.81"
"11025","SWE","2008","Both sexes","80.93","80.93","81.00"
"11026","EST","2020","Both sexes","78.62","78.46","78.81"
"11027","VNM","2020","Male","70.41","69.84","71.08"
"11028","HTI","2002","Female","57.24","56.48","58.11"
"11029","SWZ","2014","Female","54.16","52.76","55.70"
"11030","PHL","2006","Female","73.68","73.36","74.00"
"11031","AUS","2002","Both sexes","80.19","80.18","80.26"
"11032","BHS","2004","Male","69.09","68.80","69.44"
"11033","SVK","2000","Male","69.23","69.16","69.35"
"11034","WSM","2006","Male","68.72","68.07","69.36"
"11035","BEN","2005","Both sexes","59.21","58.44","60.05"
"11036","SWE","2021","Both sexes","82.66","82.39","83.00"
"11037","MWI","2019","Male","60.43","59.62","61.53"
"11038","ZMB","2005","Both sexes","50.26","49.21","51.23"
"11039","MDG","2010","Both sexes","62.52","61.79","63.36"
"11040","ISL","2009","Male","79.82","79.68","79.98"
"11041","BRB","2008","Male","73.70","73.46","73.94"
"11042","ATG","2016","Male","73.80","73.59","74.09"
"11043","PHL","2003","Female","73.90","73.54","74.27"
"11044","VUT","2012","Female","69.99","69.63","70.49"
"11045","KHM","2003","Both sexes","61.89","61.38","62.42"
"11046","TJK","2010","Both sexes","69.92","69.44","70.49"
"11047","HUN","2021","Male","70.94","70.91","71.04"
"11048","GRD","2006","Male","67.95","67.80","68.27"
"11049","FIN","2003","Male","75.08","75.06","75.18"
"11050","ZAF","2011","Female","61.36","61.11","61.69"
"11051","BWA","2013","Both sexes","60.61","59.43","61.81"
"11052","NOR","2017","Both sexes","82.33","82.31","82.42"
"11053","COG","2014","Female","61.74","61.05","62.59"
"11054","MEX","2014","Female","78.48","78.33","78.66"
"11055","TJK","2013","Female","73.67","73.29","74.18"
"11056","SLV","2010","Female","78.26","78.08","78.44"
"11057","NOR","2005","Both sexes","80.05","80.03","80.14"
"11058","WSM","2020","Both sexes","70.19","69.63","70.86"
"11059","BLR","2001","Male","62.67","62.57","62.80"
"11060","BEL","2006","Both sexes","79.23","79.22","79.32"
"11061","ETH","2008","Male","59.73","59.13","60.40"
"11062","PRI","2003","Both sexes","77.39","77.28","77.56"
"11063","UKR","2021","Male","66.33","65.33","67.44"
"11064","DZA","2004","Male","72.88","72.33","73.31"
"11065","SRB","2002","Female","74.94","74.85","75.09"
"11066","VEN","2003","Both sexes","73.65","73.58","73.77"
"11067","TUR","2004","Male","72.10","71.66","72.68"
"11068","OMN","2016","Male","71.60","71.20","72.01"
"11069","SAU","2000","Female","71.93","71.37","72.42"
"11070","PHL","2010","Male","65.71","65.32","66.21"
"11071","LTU","2002","Both sexes","71.69","71.63","71.81"
"11072","TON","2021","Female","75.29","74.65","75.97"
"11073","MDV","2012","Female","77.89","77.70","78.17"
"11074","SEN","2002","Both sexes","59.80","59.11","60.44"
"11075","ARG","2000","Female","78.01","77.98","78.09"
"11076","BGR","2016","Male","71.28","71.15","71.44"
"11077","ECU","2000","Male","69.41","69.02","69.87"
"11078","CYP","2006","Male","77.68","77.41","77.97"
"11079","DEU","2011","Both sexes","80.46","80.41","80.52"
"11080","ZWE","2000","Female","46.66","44.72","48.36"
"11081","TUN","2011","Both sexes","76.36","75.57","77.22"
"11082","CUB","2013","Both sexes","78.31","78.28","78.40"
"11083","LKA","2018","Both sexes","77.18","76.41","77.99"
"11084","AGO","2020","Male","60.41","59.47","61.39"
"11085","SRB","2021","Male","69.99","69.96","70.09"
"11086","GEO","2019","Male","69.10","68.97","69.26"
"11087","TON","2000","Male","68.16","67.77","68.63"
"11088","ISR","2021","Male","82.39","82.33","82.52"
"11089","ARG","2001","Male","70.62","70.58","70.71"
"11090","LBY","2014","Female","75.12","74.64","75.60"
"11091","AGO","2020","Both sexes","62.65","61.83","63.60"
"11092","TKM","2021","Female","72.50","71.83","73.23"
"11093","RUS","2001","Male","58.80","58.77","58.88"
"11094","TON","2001","Male","68.45","68.07","68.83"
"11095","NOR","2006","Female","82.39","82.36","82.49"
"11096","GRD","2020","Male","72.85","72.52","73.33"
"11097","IRL","2003","Female","80.37","80.36","80.48"
"11098","PER","2010","Both sexes","78.21","77.81","78.75"
"11099","SLB","2011","Male","62.20","61.40","63.29"
"11100","IRQ","2006","Male","63.46","62.58","64.53"
"11101","BLR","2017","Both sexes","74.23","74.19","74.33"
"11102","CMR","2012","Female","59.48","58.52","60.38"
"11103","ZMB","2005","Female","51.68","50.50","52.63"
"11104","AUT","2016","Male","79.09","79.07","79.17"
"11105","GRD","2001","Female","76.54","76.30","76.88"
"11106","CPV","2002","Both sexes","72.19","71.39","72.90"
"11107","ARG","2006","Male","72.09","72.07","72.18"
"11108","JOR","2015","Both sexes","78.51","78.14","78.93"
"11109","CAF","2015","Both sexes","50.97","49.67","52.28"
"11110","ATG","2005","Both sexes","75.54","75.26","75.87"
"11111","POL","2005","Female","79.12","79.11","79.21"
"11112","UKR","2003","Male","62.03","62.01","62.09"
"11113","ISR","2020","Both sexes","82.37","82.35","82.45"
"11114","GBR","2007","Both sexes","79.42","79.36","79.47"
"11115","NGA","2010","Female","61.20","60.36","62.12"
"11116","TGO","2021","Female","66.42","65.56","67.28"
"11117","ARG","2001","Female","77.94","77.93","78.03"
"11118","GRD","2010","Both sexes","71.08","70.92","71.38"
"11119","TLS","2010","Female","68.17","67.60","68.94"
"11120","BGR","2004","Male","68.97","68.85","69.17"
"11121","MKD","2021","Both sexes","73.00","72.64","73.42"
"11122","MNG","2004","Female","69.37","69.00","69.84"
"11123","KGZ","2016","Male","69.12","68.89","69.43"
"11124","FIN","2009","Both sexes","79.71","79.68","79.79"
"11125","PNG","2020","Both sexes","66.27","65.51","67.02"
"11126","LUX","2001","Female","81.44","81.35","81.59"
"11127","MMR","2007","Female","65.54","64.83","66.30"
"11128","NPL","2005","Male","66.87","66.42","67.49"
"11129","SVN","2000","Both sexes","76.05","75.98","76.20"
"11130","ROU","2016","Both sexes","75.08","75.05","75.18"
"11131","PAN","2017","Male","75.60","75.41","75.90"
"11132","QAT","2008","Female","74.21","73.87","74.66"
"11133","KEN","2019","Male","64.07","63.40","64.88"
"11134","SDN","2019","Female","70.55","69.70","71.42"
"11135","ECU","2016","Female","79.56","79.33","79.94"
"11136","ECU","2010","Female","78.26","77.96","78.67"
"11137","WSM","2000","Both sexes","69.60","68.99","70.32"
"11138","AZE","2005","Male","64.58","64.16","65.16"
"11139","ITA","2008","Male","78.75","78.69","78.81"
"11140","BTN","2003","Male","67.76","67.14","68.44"
"11141","VCT","2012","Both sexes","72.99","72.70","73.31"
"11142","JPN","2011","Both sexes","82.83","82.77","82.89"
"11143","BOL","2004","Both sexes","68.28","67.73","68.88"
"11144","TZA","2006","Male","56.88","56.08","57.88"
"11145","ECU","2011","Both sexes","75.58","75.24","76.05"
"11146","VCT","2012","Male","70.85","70.53","71.21"
"11147","BTN","2005","Male","68.65","67.99","69.35"
"11148","IND","2007","Both sexes","66.09","65.53","66.65"
"11149","SUR","2002","Female","73.46","73.20","73.81"
"11150","BGR","2020","Both sexes","73.49","73.38","73.66"
"11151","LUX","2004","Male","76.51","76.41","76.68"
"11152","ISR","2016","Male","80.44","80.43","80.53"
"11153","ZAF","2000","Both sexes","57.12","56.78","57.49"
"11154","BTN","2010","Male","70.74","70.11","71.48"
"11155","ALB","2002","Male","72.78","72.34","73.28"
"11156","USA","2012","Male","76.60","76.56","76.65"
"11157","MNE","2015","Male","74.16","73.99","74.39"
"11158","TKM","2001","Male","62.19","61.61","62.65"
"11159","TTO","2016","Male","70.74","70.46","71.07"
"11160","IRN","2007","Both sexes","75.57","75.42","75.85"
"11161","TKM","2003","Female","69.92","69.51","70.43"
"11162","COG","2013","Both sexes","61.43","60.66","62.38"
"11163","ROU","2002","Female","74.63","74.55","74.77"
"11164","MWI","2007","Male","50.97","50.13","51.91"
"11165","WSM","2021","Female","71.58","70.95","72.29"
"11166","SRB","2017","Male","73.05","73.03","73.16"
"11167","ATG","2020","Female","79.43",NULL,NULL
"11168","USA","2020","Male","74.38","74.32","74.44"
"11169","PAK","2004","Male","61.86","60.98","62.67"
"11170","HND","2005","Male","69.71","68.70","70.77"
"11171","ETH","2010","Male","61.80","61.18","62.50"
"11172","GMB","2021","Both sexes","64.21","63.36","65.08"
"11173","MLI","2008","Male","57.68","56.98","58.52"
"11174","JAM","2014","Male","71.41","71.23","71.75"
"11175","GEO","2014","Both sexes","72.72","72.58","72.90"
"11176","BRB","2011","Female","77.11","76.96","77.38"
"11177","MDG","2018","Female","64.72","63.84","65.74"
"11178","BDI","2011","Both sexes","60.41","59.81","61.10"
"11179","COD","2005","Male","53.44","52.49","54.29"
"11180","AZE","2002","Male","63.95","63.44","64.65"
"11181","CZE","2000","Female","78.37","78.35","78.47"
"11182","OMN","2016","Female","77.46","77.16","77.84"
"11183","JAM","2005","Male","68.06","67.71","68.49"
"11184","GTM","2005","Both sexes","69.31","68.89","69.73"
"11185","EGY","2009","Male","67.12","66.89","67.43"
"11186","COD","2004","Female","55.88","55.13","56.62"
"11187","IRN","2006","Female","77.36","77.17","77.65"
"11188","SYR","2006","Female","74.78","74.45","75.17"
"11189","LBR","2012","Male","60.59","59.46","61.70"
"11190","CHE","2011","Male","80.21","80.18","80.30"
"11191","GNB","2011","Male","53.73","52.92","54.74"
"11192","SGP","2018","Female","85.62","85.60","85.73"
"11193","PRI","2010","Female","82.54","82.42","82.71"
"11194","BTN","2007","Female","71.44","70.88","72.03"
"11195","FRA","2018","Male","79.58","79.57","79.65"
"11196","ZAF","2008","Female","55.63","55.32","55.96"
"11197","AFG","2001","Both sexes","53.91","52.86","54.85"
"11198","FJI","2013","Male","65.66","65.24","66.16"
"11199","TKM","2021","Male","65.71","64.81","66.75"
"11200","NPL","2015","Both sexes","69.78","69.03","70.50"
"11201","ISL","2005","Male","79.15","79.03","79.33"
"11202","RWA","2005","Male","55.43","54.73","56.26"
"11203","TCD","2004","Both sexes","52.48","51.67","53.22"
"11204","VEN","2019","Male","68.38","67.64","69.07"
"11205","FJI","2013","Female","69.74","69.34","70.20"
"11206","ISR","2008","Male","78.33","78.31","78.42"
"11207","CZE","2001","Male","72.05","72.01","72.15"
"11208","VEN","2013","Male","70.44","70.36","70.59"
"11209","PSE","2010","Both sexes","72.65","72.34","72.92"
"11210","BWA","2020","Female","67.56","66.49","68.90"
"11211","RUS","2014","Both sexes","70.69","70.68","70.75"
"11212","BWA","2008","Female","58.26","56.78","59.80"
"11213","NLD","2015","Both sexes","81.28","81.27","81.36"
"11214","CUB","2021","Male","71.13","70.82","71.57"
"11215","ETH","2002","Both sexes","53.81","53.09","54.52"
"11216","MNE","2018","Male","74.27","74.13","74.49"
"11217","ZWE","2007","Both sexes","47.35","46.40","48.27"
"11218","BWA","2007","Male","53.38","52.12","54.94"
"11219","AZE","2007","Female","71.90","71.52","72.32"
"11220","COD","2003","Male","52.06","51.13","53.07"
"11221","BWA","2008","Both sexes","56.18","54.74","57.77"
"11222","SYR","2010","Male","72.51","71.96","73.09"
"11223","LCA","2000","Male","70.21","69.97","70.52"
"11224","JOR","2002","Male","74.83","74.19","75.48"
"11225","LUX","2003","Female","81.71","81.65","81.87"
"11226","SOM","2015","Both sexes","53.54","52.30","54.78"
"11227","IRL","2018","Female","83.41","83.35","83.53"
"11228","NIC","2000","Male","72.97","72.61","73.34"
"11229","NOR","2019","Female","84.16","84.13","84.27"
"11230","NER","2013","Female","60.10","59.04","61.22"
"11231","PNG","2012","Both sexes","65.17","64.50","66.04"
"11232","VNM","2009","Both sexes","72.41","72.10","72.93"
"11233","FRA","2002","Both sexes","79.14","79.08","79.20"
"11234","ARE","2008","Female","81.35","81.04","81.76"
"11235","KAZ","2011","Male","64.23","63.95","64.53"
"11236","ROU","2008","Female","77.07","77.02","77.18"
"11237","GNB","2016","Female","60.29","59.46","61.32"
"11238","SYC","2016","Male","69.98","69.78","70.22"
"11239","FIN","2004","Both sexes","78.73","78.72","78.82"
"11240","PHL","2010","Female","74.18","73.88","74.51"
"11241","ISR","2001","Male","76.46","76.43","76.56"
"11242","BRN","2006","Female","78.10","77.91","78.37"
"11243","ARE","2005","Both sexes","79.38","79.02","79.84"
"11244","SRB","2006","Both sexes","73.38","73.31","73.53"
"11245","LKA","2004","Male","66.56","66.47","66.72"
"11246","SVN","2008","Male","75.49","75.40","75.64"
"11247","LUX","2019","Female","84.74",NULL,NULL
"11248","PRT","2010","Both sexes","79.74","79.73","79.82"
"11249","CAF","2018","Female","55.29","54.01","56.35"
"11250","PSE","2017","Both sexes","75.45","75.19","75.83"
"11251","SLB","2021","Both sexes","64.79","63.79","65.92"
"11252","PNG","2009","Both sexes","64.63","63.90","65.38"
"11253","SAU","2020","Male","74.90","74.60","75.27"
"11254","BRN","2012","Female","78.39","78.20","78.65"
"11255","SEN","2000","Female","60.15","59.57","60.81"
"11256","HUN","2016","Both sexes","76.07","76.04","76.17"
"11257","AUT","2014","Female","83.47","83.46","83.54"
"11258","PRK","2016","Both sexes","71.62","70.97","72.29"
"11259","UGA","2011","Both sexes","60.87","60.13","61.68"
"11260","KGZ","2002","Both sexes","66.26","65.82","66.67"
"11261","CAF","2000","Both sexes","44.23","43.21","45.57"
"11262","PRT","2021","Female","83.88","83.86","83.98"
"11263","GAB","2012","Female","64.91","63.93","65.89"
"11264","ALB","2013","Female","79.94","79.60","80.38"
"11265","LBN","2005","Both sexes","77.17","76.81","77.60"
"11266","SAU","2010","Both sexes","74.90","74.68","75.22"
"11267","COM","2000","Female","62.95","62.16","63.78"
"11268","COG","2020","Both sexes","63.36","62.66","64.17"
"11269","SLB","2012","Female","67.38","66.64","68.47"
"11270","ESP","2003","Both sexes","79.41","79.35","79.48"
"11271","RUS","2006","Male","60.30","60.29","60.35"
"11272","TUN","2017","Female","79.56","78.82","80.23"
"11273","OMN","2017","Both sexes","74.15","73.77","74.61"
"11274","TTO","2002","Female","73.98","73.62","74.34"
"11275","LBN","2020","Both sexes","77.70","77.17","78.25"
"11276","ITA","2013","Male","79.90","79.84","79.96"
"11277","SYR","2002","Male","70.93","70.43","71.52"
"11278","AFG","2010","Both sexes","59.00","58.02","60.23"
"11279","SEN","2010","Male","63.88","63.15","64.50"
"11280","BRN","2017","Male","75.16","74.88","75.50"
"11281","ARM","2002","Male","68.14","67.87","68.46"
"11282","GTM","2012","Male","69.07","68.77","69.44"
"11283","CHL","2015","Both sexes","80.13","80.10","80.21"
"11284","AUS","2000","Female","82.24","82.17","82.31"
"11285","GUY","2010","Female","69.41","69.03","69.93"
"11286","GNB","2019","Male","56.41","55.21","57.51"
"11287","IRL","2013","Both sexes","80.71","80.68","80.81"
"11288","GAB","2004","Male","57.46","56.67","58.24"
"11289","CAF","2013","Both sexes","49.31","48.10","50.29"
"11290","IRQ","2019","Male","70.26","69.34","71.21"
"11291","SYC","2014","Female","76.66","76.45","76.90"
"11292","SEN","2019","Female","70.28","69.71","71.21"
"11293","COL","2004","Both sexes","73.98","73.71","74.32"
"11294","BRN","2015","Both sexes","76.56","76.30","76.89"
"11295","VNM","2017","Female","77.74","77.23","78.42"
"11296","DEU","2005","Male","76.57","76.51","76.63"
"11297","TLS","2005","Both sexes","65.68","64.95","66.43"
"11298","ERI","2004","Female","61.05","60.19","61.97"
"11299","GRC","2011","Both sexes","80.36","80.35","80.43"
"11300","VCT","2002","Male","69.70","69.42","70.06"
"11301","NER","2013","Both sexes","59.23","58.27","60.32"
"11302","UKR","2007","Both sexes","67.59","67.54","67.68"
"11303","MNG","2000","Female","66.73","66.29","67.27"
"11304","CHL","2002","Male","74.37","74.34","74.46"
"11305","GNB","2003","Male","49.31","48.45","50.36"
"11306","AFG","2002","Both sexes","55.15","54.08","56.22"
"11307","KHM","2004","Female","65.09","64.66","65.64"
"11308","UGA","2001","Male","48.01","47.08","48.96"
"11309","FIN","2014","Female","83.59","83.57","83.69"
"11310","MDA","2012","Both sexes","70.25","70.12","70.45"
"11311","SUR","2014","Male","69.96","69.60","70.36"
"11312","CZE","2014","Male","75.68","75.65","75.77"
"11313","PRY","2008","Male","72.46","71.78","73.17"
"11314","LBR","2000","Female","53.98","52.76","55.10"
"11315","EGY","2021","Male","66.69","66.24","67.34"
"11316","EST","2008","Both sexes","74.25","74.14","74.40"
"11317","GNB","2002","Male","48.88","47.95","49.85"
"11318","KAZ","2019","Both sexes","73.20","73.01","73.46"
"11319","YEM","2009","Male","65.87","65.01","67.02"
"11320","CHE","2012","Male","80.37","80.36","80.45"
"11321","CZE","2001","Female","78.46","78.42","78.56"
"11322","HUN","2020","Male","72.38","72.33","72.47"
"11323","DEU","2006","Male","77.02","76.96","77.08"
"11324","MUS","2003","Male","68.58","68.44","68.78"
"11325","IND","2011","Both sexes","67.84","67.41","68.33"
"11326","HRV","2015","Both sexes","77.61","77.53","77.73"
"11327","BFA","2018","Female","64.71","64.00","65.51"
"11328","CIV","2016","Both sexes","61.63","60.82","62.71"
"11329","NGA","2010","Both sexes","59.79","58.86","60.88"
"11330","GBR","2014","Male","79.17","79.11","79.22"
"11331","MMR","2003","Male","58.26","57.60","59.10"
"11332","MEX","2020","Both sexes","70.95","70.79","71.16"
"11333","SLV","2021","Female","76.25","75.75","76.76"
"11334","IRQ","2001","Male","67.22","66.53","68.19"
"11335","GNQ","2016","Male","59.60","58.07","60.94"
"11336","BLZ","2018","Male","72.12","71.86","72.42"
"11337","CHL","2014","Female","82.48","82.46","82.57"
"11338","CPV","2005","Male","68.47","67.70","69.33"
"11339","AUT","2001","Female","81.43","81.42","81.51"
"11340","JAM","2009","Both sexes","72.20","71.99","72.48"
"11341","ETH","2000","Male","49.53","48.54","50.51"
"11342","QAT","2014","Female","78.08","77.57","78.66"
"11343","CHL","2011","Female","82.10","82.08","82.19"
"11344","DNK","2017","Female","82.74","82.71","82.83"
"11345","IRQ","2012","Male","68.84","68.17","69.73"
"11346","AUS","2005","Both sexes","80.84","80.83","80.92"
"11347","SUR","2012","Female","76.38","76.09","76.68"
"11348","PNG","2021","Male","64.20","63.28","65.39"
"11349","BRB","2006","Male","72.92","72.68","73.21"
"11350","LSO","2007","Male","42.58","41.68","43.75"
"11351","MKD","2020","Female","76.73","76.62","76.90"
"11352","GAB","2005","Male","58.18","57.30","59.10"
"11353","RWA","2012","Both sexes","65.69","64.94","66.46"
"11354","TUR","2017","Male","74.54","74.13","75.01"
"11355","CAN","2019","Male","80.12","80.11","80.20"
"11356","COL","2009","Both sexes","75.76","75.50","76.12"
"11357","SLB","2000","Male","61.17","60.36","62.02"
"11358","JAM","2018","Male","69.63","68.77","70.55"
"11359","BLZ","2015","Female","77.41","77.19","77.64"
"11360","FSM","2002","Male","60.45","59.82","61.25"
"11361","GNB","2000","Male","48.06","47.12","48.96"
"11362","SYC","2001","Male","68.16","67.99","68.46"
"11363","CMR","2021","Both sexes","61.77","60.99","62.67"
"11364","YEM","2000","Male","61.45","60.47","62.44"
"11365","MOZ","2004","Female","53.90","52.94","54.68"
"11366","ISL","2015","Both sexes","82.13","82.02","82.30"
"11367","MWI","2010","Female","59.15","58.32","59.95"
"11368","TJK","2004","Female","69.97","69.57","70.44"
"11369","FJI","2019","Both sexes","67.87","67.02","68.77"
"11370","BLR","2014","Female","78.37","78.34","78.48"
"11371","LTU","2010","Male","67.45","67.38","67.57"
"11372","GNB","2021","Female","61.10","60.09","62.08"
"11373","PER","2013","Male","77.98","77.55","78.42"
"11374","HRV","2017","Male","75.19","75.15","75.33"
"11375","DEU","2020","Male","78.52","78.46","78.57"
"11376","PHL","2007","Male","65.66","65.38","66.10"
"11377","KEN","2004","Female","56.76","55.80","57.72"
"11378","LBR","2010","Both sexes","60.36","59.57","61.24"
"11379","FSM","2021","Female","68.66","67.85","69.62"
"11380","KGZ","2011","Female","73.52","73.32","73.79"
"11381","AZE","2002","Female","69.41","68.89","69.95"
"11382","ISR","2009","Female","83.04","83.03","83.13"
"11383","GTM","2010","Female","74.17","73.85","74.50"
"11384","THA","2017","Both sexes","77.23","76.85","77.75"
"11385","HUN","2005","Male","68.63","68.59","68.72"
"11386","BDI","2011","Female","61.79","61.15","62.41"
"11387","MOZ","2021","Both sexes","57.66","56.64","58.77"
"11388","UGA","2019","Female","69.31","68.58","70.20"
"11389","HUN","2000","Female","75.64","75.60","75.75"
"11390","TZA","2006","Both sexes","57.82","56.96","58.60"
"11391","ARE","2004","Female","78.89","78.55","79.34"
"11392","RUS","2018","Male","67.50","67.45","67.55"
"11393","GBR","2014","Both sexes","80.94","80.88","80.99"
"11394","GHA","2008","Female","63.26","62.68","63.95"
"11395","BWA","2020","Both sexes","65.17","63.94","66.37"
"11396","EGY","2000","Both sexes","69.15","68.74","69.55"
"11397","THA","2007","Female","77.24","76.98","77.61"
"11398","VEN","2011","Both sexes","74.59","74.52","74.70"
"11399","GMB","2000","Male","57.30","56.39","58.38"
"11400","COG","2003","Female","54.45","53.72","55.23"
"11401","LSO","2001","Male","45.39","44.32","46.67"
"11402","BGD","2007","Male","66.61","66.20","67.16"
"11403","SDN","2002","Male","61.85","60.95","62.84"
"11404","ARG","2009","Both sexes","75.85","75.83","75.93"
"11405","RUS","2005","Male","58.80","58.80","58.85"
"11406","DJI","2008","Both sexes","61.39","60.25","62.51"
"11407","KGZ","2008","Both sexes","68.30","67.98","68.60"
"11408","TON","2003","Female","74.83","74.43","75.24"
"11409","MMR","2015","Both sexes","67.43","66.78","68.39"
"11410","BGD","2021","Male","71.65","70.87","72.38"
"11411","SWE","2007","Female","82.66","82.65","82.73"
"11412","PRI","2016","Male","76.97","76.88","77.12"
"11413","SWZ","2019","Female","59.38","58.01","61.25"
"11414","VCT","2018","Male","71.00","70.71","71.32"
"11415","MKD","2015","Both sexes","75.34","75.23","75.51"
"11416","EST","2013","Both sexes","77.03","76.90","77.23"
"11417","MNG","2016","Both sexes","69.64","69.32","70.05"
"11418","MRT","2003","Male","65.10","64.40","65.92"
"11419","MDA","2011","Male","65.45","65.29","65.67"
"11420","RWA","2002","Female","51.92","50.94","52.84"
"11421","IRQ","2008","Male","66.61","65.73","67.59"
"11422","BEL","2001","Female","80.98","80.96","81.06"
"11423","ATG","2013","Male","73.65","73.39","73.97"
"11424","YEM","2015","Male","66.15","65.34","67.22"
"11425","TTO","2000","Female","72.90","72.63","73.32"
"11426","MOZ","2005","Both sexes","51.93","51.30","52.72"
"11427","LAO","2010","Both sexes","64.42","63.72","65.14"
"11428","MDV","2004","Male","70.30","69.98","70.68"
"11429","USA","2018","Male","76.44","76.39","76.49"
"11430","TTO","2001","Both sexes","70.56","70.25","70.93"
"11431","SVN","2007","Male","74.56","74.46","74.69"
"11432","MYS","2004","Female","76.16","76.15","76.25"
"11433","GRD","2016","Both sexes","72.49","72.22","72.86"
"11434","PER","2007","Both sexes","78.67","78.26","79.12"
"11435","CMR","2008","Both sexes","55.69","54.97","56.74"
"11436","SVN","2003","Male","72.48","72.41","72.62"
"11437","DOM","2010","Both sexes","73.80","73.07","74.56"
"11438","GHA","2016","Female","67.39","66.71","68.08"
"11439","KGZ","2005","Female","70.76","70.47","71.15"
"11440","KEN","2020","Female","69.67","68.94","70.52"
"11441","MLI","2006","Male","56.85","56.05","57.76"
"11442","TTO","2003","Both sexes","70.96","70.58","71.35"
"11443","MDV","2017","Both sexes","78.17","77.87","78.53"
"11444","IRQ","2016","Female","74.69","74.00","75.52"
"11445","VUT","2017","Male","63.98","63.53","64.53"
"11446","DNK","2001","Female","79.12","79.09","79.21"
"11447","UKR","2013","Both sexes","71.55","71.53","71.63"
"11448","PAK","2012","Male","64.03","62.97","65.15"
"11449","LTU","2016","Both sexes","74.70","74.63","74.83"
"11450","BEN","2007","Both sexes","59.83","58.99","60.82"
"11451","BOL","2018","Female","73.58","73.05","74.44"
"11452","AUT","2019","Female","83.78","83.76","83.85"
"11453","DJI","2010","Male","60.44","59.29","61.96"
"11454","NAM","2003","Male","49.69","48.64","50.68"
"11455","URY","2014","Male","73.18","73.14","73.30"
"11456","CIV","2019","Female","66.19","65.12","67.01"
"11457","GIN","2005","Both sexes","56.45","55.63","57.26"
"11458","DOM","2002","Both sexes","73.59","73.12","74.27"
"11459","HUN","2011","Female","78.50","78.47","78.59"
"11460","KIR","2009","Female","64.67","64.01","65.37"
"11461","NOR","2016","Both sexes","82.11","82.09","82.20"
"11462","LUX","2018","Male","80.90","80.77","81.12"
"11463","ESP","2013","Female","85.15","85.08","85.22"
"11464","BGD","2021","Female","74.56","74.00","75.22"
"11465","JAM","2006","Both sexes","74.45","74.23","74.76"
"11466","ARE","2012","Male","80.09","79.68","80.55"
"11467","CYP","2017","Both sexes","81.87","81.71","82.13"
"11468","FSM","2013","Both sexes","65.16","64.42","66.02"
"11469","LAO","2021","Both sexes","68.23","67.43","69.24"
"11470","GRD","2017","Male","70.24","69.94","70.60"
"11471","FRA","2006","Male","77.14","77.08","77.20"
"11472","ZWE","2001","Male","44.91","43.49","46.65"
"11473","IRQ","2017","Both sexes","71.61","70.95","72.45"
"11474","THA","2015","Male","73.60","73.18","74.10"
"11475","SLV","2018","Both sexes","74.65","74.45","74.89"
"11476","CHN","2010","Female","77.72","77.47","78.03"
"11477","NLD","2001","Male","75.77","75.75","75.84"
"11478","VNM","2008","Both sexes","72.35","71.92","72.83"
"11479","NAM","2014","Both sexes","61.95","61.06","62.97"
"11480","STP","2009","Female","69.62","69.11","70.17"
"11481","CAN","2007","Both sexes","80.38","80.31","80.45"
"11482","NZL","2006","Female","81.76","81.73","81.86"
"11483","MKD","2019","Female","76.92","76.81","77.10"
"11484","BRB","2002","Male","72.81","72.58","73.07"
"11485","PHL","2002","Male","65.80","65.28","66.31"
"11486","BRB","2000","Male","72.32","72.09","72.59"
"11487","EGY","2009","Both sexes","69.79","69.55","70.10"
"11488","PRI","2011","Male","74.94","74.84","75.10"
"11489","MMR","2005","Female","64.28","63.46","65.00"
"11490","MRT","2005","Both sexes","65.91","65.23","66.58"
"11491","BGR","2005","Both sexes","72.48","72.38","72.68"
"11492","GEO","2013","Male","68.18","68.04","68.38"
"11493","URY","2009","Female","80.54","80.47","80.69"
"11494","MEX","2011","Both sexes","75.43","75.28","75.61"
"11495","TZA","2020","Both sexes","67.40","66.70","68.27"
"11496","DNK","2012","Male","78.11","78.10","78.20"
"11497","STP","2021","Both sexes","71.18","70.73","71.74"
"11498","MLT","2008","Male","77.58","77.49","77.78"
"11499","CIV","2007","Male","54.02","53.13","54.89"
"11500","TLS","2009","Male","65.67","64.83","66.72"
"11501","LSO","2011","Both sexes","49.10","48.08","50.38"
"11502","ESP","2007","Male","77.56","77.50","77.63"
"11503","TCD","2020","Male","57.60","56.35","58.61"
"11504","SDN","2013","Both sexes","67.76","66.79","68.73"
"11505","LBN","2006","Female","78.82","78.53","79.25"
"11506","BOL","2008","Both sexes","69.79","69.20","70.49"
"11507","IRL","2019","Female","83.60","83.56","83.72"
"11508","BHR","2001","Female","71.58","71.43","71.83"
"11509","MNG","2014","Female","73.34","73.05","73.73"
"11510","PRI","2013","Male","75.83","75.73","75.99"
"11511","TCD","2015","Both sexes","57.85","56.81","58.81"
"11512","BDI","2006","Female","55.87","55.07","56.73"
"11513","EST","2018","Male","73.97","73.85","74.14"
"11514","TCD","2020","Female","60.87","59.84","61.83"
"11515","PRI","2015","Male","77.12","77.05","77.26"
"11516","SWE","2019","Both sexes","82.71","82.70","82.80"
"11517","UGA","2013","Female","65.93","65.11","66.68"
"11518","SLB","2004","Male","61.31","60.44","62.15"
"11519","COL","2013","Both sexes","77.23","76.96","77.52"
"11520","KIR","2004","Male","57.50","56.72","58.37"
"11521","ITA","2002","Female","82.71","82.66","82.77"
"11522","GBR","2005","Female","80.93","80.86","80.99"
"11523","AFG","2006","Both sexes","56.99","56.05","57.92"
"11524","NIC","2012","Female","79.98","79.77","80.29"
"11525","KGZ","2014","Female","74.83","74.62","75.11"
"11526","DJI","2002","Male","57.81","56.71","59.17"
"11527","IRN","2011","Male","75.18","75.02","75.38"
"11528","PRT","2003","Both sexes","77.31","77.31","77.40"
"11529","LBN","2010","Male","75.67","75.30","76.09"
"11530","LKA","2018","Male","74.02","73.22","74.99"
"11531","MNE","2008","Female","77.47","77.39","77.66"
"11532","CMR","2015","Male","57.22","56.30","58.22"
"11533","BOL","2017","Female","73.33","72.70","74.17"
"11534","UKR","2015","Male","67.12","67.09","67.20"
"11535","GRC","2018","Female","83.24","83.23","83.32"
"11536","JPN","2020","Male","81.88","81.82","81.94"
"11537","RUS","2017","Both sexes","72.50","72.45","72.55"
"11538","VUT","2013","Female","70.16","69.76","70.64"
"11539","BRB","2020","Both sexes","76.95","76.41","77.66"
"11540","AZE","2000","Both sexes","65.23","64.74","65.91"
"11541","PAN","2001","Female","79.23","78.99","79.54"
"11542","MOZ","2019","Female","61.67","60.79","62.68"
"11543","PHL","2004","Male","65.57","65.19","66.02"
"11544","KWT","2002","Both sexes","78.21","78.10","78.40"
"11545","KHM","2003","Female","64.17","63.68","64.83"
"11546","ISR","2000","Female","80.63","80.60","80.71"
"11547","KHM","2012","Female","70.46","69.95","71.12"
"11548","SYR","2012","Female","70.45","69.87","71.03"
"11549","EGY","2006","Female","72.28","71.98","72.64"
"11550","SAU","2019","Female","77.75","77.33","78.33"
"11551","VCT","2020","Both sexes","72.75","72.35","73.29"
"11552","VUT","2002","Both sexes","65.04","64.35","65.76"
"11553","HUN","2013","Male","72.06","72.02","72.16"
"11554","UGA","2003","Male","49.71","48.89","50.38"
"11555","TZA","2017","Female","67.60","66.99","68.31"
"11556","TUN","2006","Female","78.23","77.55","78.96"
"11557","BLR","2005","Female","74.93","74.88","75.04"
"11558","DNK","2000","Male","74.66","74.63","74.75"
"11559","PAK","2019","Male","66.30","65.15","67.50"
"11560","POL","2017","Female","81.35","81.34","81.42"
"11561","COL","2018","Both sexes","77.82","77.65","78.13"
"11562","PRT","2015","Male","77.92","77.91","77.99"
"11563","MUS","2003","Female","75.30","75.18","75.52"
"11564","HND","2017","Both sexes","71.27","70.57","72.07"
"11565","MDA","2019","Female","77.17","76.93","77.47"
"11566","BRA","2004","Both sexes","72.50","72.30","72.78"
"11567","BRB","2005","Female","76.82","76.66","77.07"
"11568","ROU","2010","Both sexes","73.70","73.65","73.80"
"11569","CUB","2001","Both sexes","76.71","76.67","76.82"
"11570","FSM","2010","Male","62.08","61.36","62.88"
"11571","ATG","2021","Male","75.21",NULL,NULL
"11572","PNG","2020","Male","64.94","64.22","65.75"
"11573","ITA","2000","Both sexes","79.37","79.31","79.43"
"11574","BDI","2015","Male","60.78","60.14","61.64"
"11575","BRN","2008","Male","75.36","75.14","75.65"
"11576","KWT","2002","Female","80.02","79.93","80.20"
"11577","GAB","2021","Male","62.68","61.81","63.64"
"11578","TON","2017","Female","75.43","74.78","76.07"
"11579","PRT","2020","Male","77.82","77.80","77.89"
"11580","EGY","2017","Male","68.62","68.36","68.92"
"11581","FRA","2011","Female","84.66","84.60","84.71"
"11582","MLT","2013","Both sexes","81.20","81.10","81.39"
"11583","ATG","2021","Female","78.42",NULL,NULL
"11584","GHA","2004","Both sexes","59.80","59.19","60.53"
"11585","ERI","2003","Male","54.08","53.11","54.88"
"11586","PRK","2013","Both sexes","70.84","70.22","71.54"
"11587","VEN","2002","Female","77.71","77.65","77.85"
"11588","CHN","2007","Female","76.72","76.46","77.01"
"11589","CPV","2004","Both sexes","72.44","71.74","73.05"
"11590","BHS","2016","Both sexes","72.95","72.55","73.38"
"11591","TGO","2011","Female","62.02","61.02","62.83"
"11592","BHR","2021","Male","73.82","73.59","74.18"
"11593","ETH","2018","Male","66.78","65.96","67.64"
"11594","LUX","2011","Male","79.17","79.09","79.34"
"11595","MDV","2010","Male","73.24","72.95","73.57"
"11596","PAN","2014","Both sexes","77.77","77.56","78.05"
"11597","CAF","2010","Female","51.16","50.05","52.25"
"11598","TTO","2020","Male","70.10","69.25","70.87"
"11599","CRI","2014","Both sexes","80.48","80.42","80.62"
"11600","CPV","2007","Male","69.83","69.05","70.70"
"11601","BHR","2016","Female","76.50","76.36","76.75"
"11602","CMR","2005","Both sexes","54.13","53.17","55.08"
"11603","TZA","2019","Both sexes","66.79","65.89","67.78"
"11604","BEN","2003","Both sexes","58.46","57.52","59.35"
"11605","NLD","2020","Both sexes","81.40","81.39","81.48"
"11606","TKM","2020","Female","72.09","71.43","72.87"
"11607","SGP","2005","Female","82.76","82.74","82.85"
"11608","AUT","2010","Male","77.65","77.64","77.74"
"11609","TLS","2013","Male","66.17","65.00","67.07"
"11610","SLE","2014","Female","56.52","55.65","57.34"
"11611","YEM","2002","Both sexes","64.16","63.30","65.21"
"11612","BOL","2008","Female","70.67","70.20","71.27"
"11613","COG","2007","Both sexes","58.26","57.50","59.09"
"11614","COM","2020","Male","66.96","66.05","67.88"
"11615","PRK","2020","Female","75.51","74.97","76.31"
"11616","TGO","2020","Both sexes","63.85","62.98","64.81"
"11617","FRA","2002","Male","75.64","75.58","75.70"
"11618","SWZ","2005","Female","42.74","41.10","44.50"
"11619","JAM","2019","Male","69.48","68.63","70.22"
"11620","LAO","2021","Female","70.51","69.81","71.39"
"11621","TGO","2015","Female","64.12","63.45","65.00"
"11622","NLD","2020","Male","79.85","79.77","79.93"
"11623","BRN","2002","Male","74.68","74.38","75.03"
"11624","AGO","2003","Male","49.91","48.89","50.87"
"11625","BIH","2012","Both sexes","77.27","77.18","77.41"
"11626","SLV","2009","Female","78.21","78.01","78.45"
"11627","LTU","2017","Male","70.63","70.56","70.74"
"11628","CHN","2003","Male","69.34","68.98","69.70"
"11629","FSM","2020","Male","62.76","61.82","63.60"
"11630","CYP","2004","Male","77.07","76.85","77.34"
"11631","ITA","2009","Both sexes","81.52","81.47","81.58"
"11632","TCD","2011","Male","54.70","53.75","55.74"
"11633","NZL","2015","Male","79.73","79.71","79.82"
"11634","SUR","2021","Female","72.70","71.91","73.75"
"11635","SAU","2000","Both sexes","70.57","70.17","71.13"
"11636","SDN","2011","Female","68.37","67.62","69.28"
"11637","KIR","2016","Female","64.98","64.26","65.86"
"11638","NIC","2005","Both sexes","75.72","75.41","76.10"
"11639","LBY","2008","Female","75.82","75.58","76.13"
"11640","ITA","2001","Female","82.47","82.41","82.53"
"11641","AZE","2011","Male","67.57","67.15","68.13"
"11642","PRK","2017","Female","74.86","74.22","75.59"
"11643","BIH","2019","Female","79.56","79.48","79.74"
"11644","ETH","2013","Both sexes","65.91","65.29","66.65"
"11645","KOR","2012","Both sexes","81.13","81.07","81.20"
"11646","FSM","2018","Both sexes","65.83","65.06","66.62"
"11647","YEM","2016","Male","65.18","64.20","66.28"
"11648","CIV","2016","Female","64.37","63.48","65.35"
"11649","MNG","2014","Male","64.89","64.47","65.31"
"11650","HND","2020","Male","68.65","68.14","69.27"
"11651","GRC","2020","Both sexes","80.63","80.61","80.72"
"11652","MEX","2007","Male","73.15","73.00","73.36"
"11653","COL","2012","Male","74.03","73.62","74.43"
"11654","SLV","2008","Male","70.05","69.83","70.28"
"11655","GNB","2004","Female","53.94","53.14","54.75"
"11656","MLI","2004","Female","55.50","54.70","56.35"
"11657","GNQ","2006","Female","58.18","56.40","59.74"
"11658","SAU","2017","Female","77.31","76.88","77.71"
"11659","VEN","2003","Male","69.94","69.85","70.08"
"11660","LBY","2004","Male","72.00","71.57","72.61"
"11661","ZWE","2020","Both sexes","59.40","58.58","60.23"
"11662","BTN","2005","Both sexes","69.37","68.77","70.04"
"11663","FIN","2002","Male","74.78","74.76","74.86"
"11664","TUR","2008","Male","73.45","72.96","73.91"
"11665","SOM","2021","Both sexes","53.95","52.92","55.11"
"11666","GEO","2018","Both sexes","73.81","73.70","74.00"
"11667","GIN","2003","Male","54.78","53.96","55.64"
"11668","ARE","2021","Female","80.02","79.67","80.41"
"11669","BRN","2020","Both sexes","76.76","76.50","77.14"
"11670","CAF","2009","Both sexes","48.87","47.80","49.88"
"11671","KIR","2003","Male","57.37","56.52","58.38"
"11672","GTM","2010","Both sexes","71.07","70.76","71.41"
"11673","HTI","2021","Both sexes","62.46","61.55","63.59"
"11674","BRN","2019","Male","75.25","74.96","75.68"
"11675","TCD","2011","Female","57.69","56.86","58.46"
"11676","BRN","2016","Male","75.16","74.94","75.51"
"11677","URY","2013","Both sexes","76.70","76.64","76.81"
"11678","AFG","2005","Both sexes","56.79","55.74","57.75"
"11679","SLE","2016","Female","59.62","58.66","60.65"
"11680","FSM","2014","Male","62.61","61.88","63.65"
"11681","PAK","2008","Female","64.47","63.79","65.19"
"11682","AUS","2017","Male","80.84","80.83","80.90"
"11683","PAK","2016","Male","65.28","64.22","66.59"
"11684","EST","2002","Both sexes","71.18","71.09","71.35"
"11685","BIH","2008","Both sexes","76.77","76.70","76.91"
"11686","FIN","2021","Male","79.01","78.98","79.10"
"11687","GHA","2001","Female","60.53","59.82","61.25"
"11688","DNK","2020","Both sexes","81.37","81.34","81.46"
"11689","SWE","2012","Female","83.16","83.16","83.23"
"11690","SEN","2012","Male","64.65","64.15","65.34"
"11691","URY","2015","Female","80.68","80.65","80.78"
"11692","STP","2014","Female","71.64","71.07","72.16"
"11693","YEM","2010","Male","66.24","65.14","67.47"
"11694","TUR","2020","Female","78.97","78.69","79.38"
"11695","BOL","2005","Male","67.81","67.26","68.46"
"11696","EST","2001","Male","65.22","65.12","65.36"
"11697","CHN","2006","Male","70.81","70.55","71.19"
"11698","CHE","2007","Male","79.25","79.24","79.35"
"11699","URY","2007","Female","79.31","79.24","79.43"
"11700","KWT","2005","Female","80.91","80.81","81.09"
"11701","KOR","2003","Both sexes","77.44","77.44","77.51"
"11702","CUB","2005","Female","79.26","79.24","79.36"
"11703","BGR","2020","Female","77.36","77.26","77.50"
"11704","KWT","2010","Female","82.41","82.32","82.59"
"11705","KAZ","2000","Male","58.80","58.47","59.17"
"11706","SYR","2007","Male","72.35","71.94","72.93"
"11707","SAU","2017","Both sexes","76.74","76.37","77.11"
"11708","LBN","2017","Both sexes","79.03","78.70","79.48"
"11709","IRL","2001","Female","79.67","79.63","79.79"
"11710","THA","2007","Male","70.73","70.26","71.41"
"11711","TJK","2015","Male","70.65","70.18","71.14"
"11712","ITA","2021","Male","79.98","79.97","80.05"
"11713","NIC","2019","Female","81.27","81.05","81.56"
"11714","MMR","2020","Female","72.26","71.54","73.03"
"11715","GRD","2017","Both sexes","72.62","72.38","72.96"
"11716","KEN","2015","Both sexes","64.30","63.66","64.98"
"11717","AGO","2003","Female","53.57","52.50","54.42"
"11718","MYS","2018","Female","76.81","76.78","76.91"
"11719","BOL","2015","Female","72.84","72.20","73.56"
"11720","MEX","2001","Female","76.92","76.79","77.12"
"11721","TCD","2000","Female","52.86","52.04","53.78"
"11722","NAM","2008","Male","55.45","54.60","56.31"
"11723","CIV","2014","Female","62.83","61.96","63.67"
"11724","KEN","2007","Male","56.89","56.24","57.59"
"11725","UZB","2001","Male","59.46","59.01","59.99"
"11726","ZAF","2021","Both sexes","61.50","61.13","61.89"
"11727","ARG","2013","Female","79.42","79.42","79.50"
"11728","YEM","2011","Female","69.90","69.18","70.76"
"11729","JOR","2012","Both sexes","77.13","76.75","77.54"
"11730","PHL","2005","Both sexes","69.36","68.97","69.73"
"11731","AFG","2015","Male","59.29","58.45","60.22"
"11732","MAR","2003","Male","70.17","69.47","71.06"
"11733","WSM","2003","Female","72.02","71.35","72.69"
"11734","SSD","2009","Male","55.87","54.65","57.08"
"11735","MDV","2018","Female","80.69","80.39","81.08"
"11736","EST","2020","Male","74.33","74.24","74.52"
"11737","FIN","2016","Male","78.38","78.36","78.47"
"11738","CAN","2007","Female","82.54","82.54","82.61"
"11739","NIC","2021","Both sexes","75.03","74.63","75.52"
"11740","RWA","2002","Male","49.21","48.32","50.20"
"11741","FSM","2009","Female","67.62","67.04","68.42"
"11742","UKR","2002","Both sexes","67.49","67.43","67.60"
"11743","SYC","2003","Male","67.79","67.55","68.12"
"11744","COG","2014","Both sexes","61.64","60.74","62.52"
"11745","NIC","2001","Both sexes","76.09","75.79","76.45"
"11746","BOL","2010","Female","71.30","70.83","71.93"
"11747","BWA","2021","Both sexes","61.23","60.24","62.35"
"11748","ARE","2004","Male","79.20","78.75","79.70"
"11749","KEN","2007","Female","60.21","59.56","60.99"
"11750","CUB","2004","Female","79.49","79.46","79.59"
"11751","BEN","2020","Male","61.89","61.04","62.91"
"11752","DNK","2006","Female","80.35","80.34","80.43"
"11753","LKA","2021","Both sexes","77.23","76.24","78.52"
"11754","TUN","2000","Both sexes","74.30","73.77","74.87"
"11755","BLR","2017","Male","69.07","69.04","69.17"
"11756","UKR","2012","Male","66.05","66.02","66.13"
"11757","TTO","2001","Male","67.79","67.44","68.13"
"11758","CMR","2013","Both sexes","58.16","57.20","59.28"
"11759","MOZ","2003","Both sexes","51.67","50.80","52.40"
"11760","DNK","2012","Both sexes","79.97","79.94","80.06"
"11761","NER","2017","Both sexes","60.23","59.18","61.36"
"11762","TON","2005","Female","74.85","74.40","75.38"
"11763","SOM","2011","Male","41.64","40.74","42.45"
"11764","SWZ","2006","Both sexes","42.74","41.36","44.42"
"11765","EGY","2016","Both sexes","70.70","70.43","70.97"
"11766","SVK","2006","Female","78.26","78.22","78.38"
"11767","STP","2015","Female","71.96","71.56","72.59"
"11768","SWZ","2008","Female","46.36","44.87","48.04"
"11769","MYS","2006","Female","76.45","76.44","76.53"
"11770","PSE","2007","Male","67.80","67.50","68.17"
"11771","MWI","2021","Female","65.27","64.48","66.24"
"11772","DZA","2021","Both sexes","75.98","75.51","76.51"
"11773","ZMB","2003","Male","46.00","45.03","47.18"
"11774","IRL","2005","Both sexes","78.82","78.79","78.92"
"11775","VCT","2010","Male","71.52","71.26","71.88"
"11776","CZE","2010","Both sexes","77.55","77.52","77.64"
"11777","LAO","2001","Male","57.04","56.17","57.85"
"11778","ZWE","2019","Female","61.02","60.10","62.13"
"11779","NLD","2015","Male","79.67","79.67","79.75"
"11780","MAR","2019","Both sexes","73.75","73.23","74.55"
"11781","SWE","2004","Both sexes","80.35","80.34","80.43"
"11782","NGA","2020","Both sexes","62.84","61.75","64.07"
"11783","SSD","2001","Both sexes","52.94","51.60","54.23"
"11784","TGO","2017","Male","60.08","59.18","61.17"
"11785","CUB","2004","Male","75.48","75.44","75.58"
"11786","ATG","2020","Male","75.60","75.43","76.04"
"11787","KGZ","2001","Female","70.20","69.85","70.67"
"11788","CUB","2008","Both sexes","77.88","77.84","77.97"
"11789","GNB","2009","Male","52.52","51.54","53.44"
"11790","SWE","2013","Male","79.93","79.92","80.00"
"11791","ROU","2012","Female","77.92","77.87","78.04"
"11792","VEN","2019","Both sexes","72.71","71.94","73.46"
"11793","EST","2012","Both sexes","76.41","76.29","76.60"
"11794","MNE","2011","Male","73.56","73.37","73.79"
"11795","QAT","2004","Male","69.89","69.42","70.53"
"11796","GUY","2007","Female","68.67","68.27","69.15"
"11797","CYP","2016","Both sexes","81.71","81.50","82.02"
"11798","UZB","2013","Female","70.67","70.47","70.96"
"11799","DNK","2007","Male","76.21","76.18","76.30"
"11800","AUS","2005","Female","83.12","83.11","83.19"
"11801","MLI","2001","Male","53.83","53.03","54.82"
"11802","LBN","2016","Female","81.09","80.81","81.53"
"11803","CUB","2017","Male","75.40","75.36","75.49"
"11804","BRN","2012","Both sexes","76.90","76.69","77.20"
"11805","SWZ","2021","Female","57.87","56.35","59.66"
"11806","EST","2001","Both sexes","70.85","70.75","71.01"
"11807","THA","2014","Female","80.16","79.80","80.57"
"11808","CHN","2018","Both sexes","77.14","76.64","77.88"
"11809","LBN","2021","Male","71.25","70.73","71.89"
"11810","DOM","2002","Male","70.89","70.39","71.56"
"11811","OMN","2006","Female","77.32","76.88","77.82"
"11812","SVK","2003","Female","77.72","77.66","77.84"
"11813","RWA","2003","Female","53.75","52.85","54.76"
"11814","RWA","2017","Both sexes","67.43","66.60","68.47"
"11815","WSM","2001","Male","67.90","67.29","68.51"
"11816","MKD","2005","Female","75.87","75.77","76.10"
"11817","NER","2011","Male","57.76","56.59","58.99"
"11818","TKM","2014","Male","65.30","64.82","65.78"
"11819","MYS","2008","Both sexes","74.19","74.18","74.27"
"11820","RWA","2003","Male","51.09","50.30","52.08"
"11821","GRD","2004","Male","67.14","66.98","67.48"
"11822","KIR","2018","Both sexes","60.75","59.99","61.71"
"11823","NOR","2012","Male","79.36","79.34","79.44"
"11824","UKR","2018","Female","77.56","77.10","78.09"
"11825","BRB","2008","Both sexes","75.51","75.32","75.75"
"11826","KGZ","2018","Both sexes","73.29","73.07","73.57"
"11827","DZA","2019","Both sexes","76.55","76.14","77.04"
"11828","STP","2013","Both sexes","69.95","69.40","70.56"
"11829","BLR","2018","Both sexes","74.35","74.32","74.44"
"11830","ISR","2017","Male","80.42","80.41","80.51"
"11831","MAR","2009","Female","72.84","72.20","73.62"
"11832","GNB","2006","Both sexes","52.75","51.88","53.56"
"11833","DZA","2012","Female","76.23","75.98","76.49"
"11834","BGR","2008","Male","69.70","69.56","69.89"
"11835","KOR","2016","Both sexes","82.73","82.73","82.80"
"11836","BRB","2003","Male","72.46","72.28","72.73"
"11837","COD","2007","Female","57.45","56.74","58.24"
"11838","AUS","2013","Female","84.38","84.38","84.45"
"11839","PER","2015","Both sexes","80.34","79.90","80.90"
"11840","UGA","2005","Female","56.93","55.98","57.79"
"11841","SWZ","2001","Female","46.79","44.56","48.93"
"11842","HND","2002","Both sexes","70.08","69.31","70.99"
"11843","KEN","2014","Both sexes","63.64","63.17","64.43"
"11844","TGO","2016","Both sexes","62.01","60.85","62.87"
"11845","SEN","2007","Male","62.27","61.80","62.79"
"11846","DJI","2007","Male","59.37","58.18","60.70"
"11847","IRL","2001","Male","74.45","74.41","74.56"
"11848","UZB","2005","Female","65.87","65.55","66.22"
"11849","EST","2000","Female","76.20","76.08","76.38"
"11850","LCA","2005","Male","71.28","70.99","71.61"
"11851","FSM","2009","Male","61.97","61.28","62.72"
"11852","ARE","2020","Male","78.94","78.42","79.69"
"11853","MAR","2019","Female","74.64","74.04","75.31"
"11854","SAU","2015","Female","77.84","77.51","78.21"
"11855","LTU","2016","Female","79.91","79.84","80.05"
"11856","HUN","2008","Male","69.87","69.83","69.96"
"11857","BGR","2017","Female","78.24","78.16","78.39"
"11858","SVN","2020","Female","83.05","82.92","83.23"
"11859","CAN","2002","Both sexes","79.42","79.42","79.49"
"11860","MNG","2006","Both sexes","65.78","65.35","66.24"
"11861","GTM","2002","Both sexes","69.34","69.02","69.76"
"11862","AZE","2012","Female","73.59","73.26","73.97"
"11863","IND","2016","Both sexes","69.78","69.40","70.35"
"11864","LBR","2000","Both sexes","53.27","52.19","54.28"
"11865","SYC","2008","Female","76.40","76.22","76.68"
"11866","ETH","2006","Male","57.39","56.81","58.04"
"11867","IDN","2014","Female","72.07","71.38","72.79"
"11868","UKR","2008","Both sexes","67.91","67.87","68.00"
"11869","GNB","2012","Female","58.69","57.87","59.57"
"11870","SGP","2001","Female","81.42","81.40","81.52"
"11871","KWT","2014","Both sexes","81.88","81.80","82.05"
"11872","GUY","2019","Female","71.99","71.24","72.66"
"11873","DJI","2009","Male","60.11","58.98","61.41"
"11874","IND","2001","Female","64.86","64.32","65.55"
"11875","SDN","2005","Both sexes","64.87","64.11","65.82"
"11876","PRT","2010","Male","76.60","76.59","76.67"
"11877","VCT","2014","Female","75.28","75.05","75.55"
"11878","DNK","2009","Male","76.90","76.88","76.98"
"11879","ATG","2010","Both sexes","75.58","75.36","75.89"
"11880","LCA","2019","Both sexes","76.12","75.55","76.69"
"11881","ISL","2018","Male","80.95","80.83","81.17"
"11882","PER","2006","Female","79.63","79.27","80.11"
"11883","TCD","2015","Female","59.37","58.52","60.28"
"11884","CIV","2004","Both sexes","52.80","51.80","53.61"
"11885","KEN","2017","Male","63.15","62.44","64.06"
"11886","URY","2006","Male","72.23","72.16","72.36"
"11887","AZE","2014","Both sexes","72.72","72.40","73.14"
"11888","MLT","2011","Male","78.50","78.40","78.66"
"11889","RUS","2020","Male","66.45","66.39","66.50"
"11890","MDA","2014","Female","74.97","74.84","75.21"
"11891","ISL","2006","Female","82.74","82.66","82.92"
"11892","NOR","2017","Female","83.85","83.83","83.96"
"11893","PSE","2000","Female","73.25","72.94","73.60"
"11894","MLI","2006","Female","56.72","55.98","57.52"
"11895","GIN","2000","Male","53.24","52.44","54.03"
"11896","BGR","2003","Both sexes","72.29","72.17","72.46"
"11897","CUB","2005","Both sexes","77.21","77.17","77.32"
"11898","IND","2020","Female","72.18","71.66","72.65"
"11899","SLB","2009","Male","61.87","61.11","62.75"
"11900","SDN","2012","Male","66.45","65.37","67.68"
"11901","PRI","2008","Both sexes","78.52","78.42","78.67"
"11902","FIN","2015","Both sexes","81.20","81.17","81.29"
"11903","PRK","2005","Both sexes","69.63","69.10","70.41"
"11904","NOR","2019","Both sexes","82.66","82.63","82.76"
"11905","SVN","2021","Both sexes","80.41","80.30","80.64"
"11906","GRD","2012","Male","70.24","69.96","70.54"
"11907","SLB","2010","Both sexes","64.37","63.54","65.28"
"11908","ISL","2018","Both sexes","82.37","82.22","82.56"
"11909","SLB","2008","Both sexes","64.06","63.31","65.11"
"11910","JPN","2016","Both sexes","84.16","84.11","84.21"
"11911","BLR","2012","Both sexes","72.11","72.07","72.22"
"11912","TGO","2010","Both sexes","59.16","58.32","60.12"
"11913","PRY","2013","Female","77.76","77.35","78.38"
"11914","ARE","2014","Male","80.35","79.97","80.94"
"11915","GMB","2016","Both sexes","64.05","63.39","65.08"
"11916","ARM","2006","Female","75.57","75.40","75.81"
"11917","AUS","2007","Both sexes","81.37","81.30","81.44"
"11918","GTM","2013","Male","68.92","68.54","69.39"
"11919","MNG","2000","Both sexes","63.20","62.76","63.74"
"11920","SSD","2019","Male","56.78","55.41","58.29"
"11921","BRA","2001","Female","75.33","75.11","75.59"
"11922","TUR","2016","Male","74.06","73.66","74.51"
"11923","BWA","2016","Male","60.87","59.67","62.21"
"11924","DOM","2018","Female","76.92","76.17","77.50"
"11925","LSO","2005","Male","41.43","40.39","42.76"
"11926","FJI","2020","Male","65.39","64.63","66.41"
"11927","RUS","2009","Both sexes","68.56","68.54","68.62"
"11928","NAM","2007","Both sexes","56.84","55.86","57.93"
"11929","SSD","2003","Female","56.14","54.86","57.52"
"11930","ETH","2000","Female","52.13","51.39","52.83"
"11931","TLS","2007","Male","65.42","64.59","66.29"
"11932","MLT","2015","Female","83.58","83.46","83.77"
"11933","KIR","2017","Male","58.55","57.61","59.42"
"11934","TZA","2014","Both sexes","64.69","63.90","65.55"
"11935","TON","2006","Female","74.89","74.44","75.43"
"11936","COM","2011","Male","64.54","63.63","65.61"
"11937","BRA","2007","Female","77.03","76.83","77.23"
"11938","TJK","2019","Female","75.37","74.91","75.93"
"11939","HND","2010","Both sexes","70.83","69.96","71.71"
"11940","ROU","2006","Both sexes","72.59","72.52","72.71"
"11941","MYS","2000","Male","70.70","70.65","70.80"
"11942","DEU","2014","Male","78.41","78.35","78.46"
"11943","FJI","2000","Male","63.64","63.38","63.98"
"11944","ETH","2013","Male","64.27","63.64","64.99"
"11945","LUX","2008","Both sexes","80.57","80.44","80.71"
"11946","MDG","2013","Both sexes","63.12","62.30","64.11"
"11947","SYC","2006","Female","76.48","76.30","76.77"
"11948","BEL","2004","Both sexes","78.80","78.78","78.87"
"11949","TTO","2014","Male","71.31","70.85","71.77"
"11950","JAM","2012","Male","72.43","72.20","72.67"
"11951","BHS","2021","Both sexes","70.43","69.86","71.17"
"11952","FSM","2006","Both sexes","64.29","63.63","65.12"
"11953","MAR","2021","Female","73.71","73.26","74.29"
"11954","GNQ","2011","Female","59.25","57.73","60.59"
"11955","DJI","2002","Female","61.24","60.08","62.55"
"11956","BEL","2018","Female","83.34","83.32","83.41"
"11957","CIV","2011","Both sexes","57.55","56.67","58.44"
"11958","VNM","2009","Female","76.86","76.45","77.31"
"11959","MNE","2007","Male","72.16","72.01","72.40"
"11960","AFG","2002","Female","55.40","54.54","56.36"
"11961","GBR","2001","Male","75.61","75.55","75.67"
"11962","ARM","2018","Female","79.55","79.40","79.77"
"11963","ZMB","2008","Both sexes","55.36","54.55","56.44"
"11964","AUT","2011","Both sexes","80.74","80.72","80.82"
"11965","MWI","2012","Female","62.13","61.40","62.91"
"11966","CIV","2011","Female","59.83","58.98","60.78"
"11967","CHL","2006","Female","81.15","81.13","81.23"
"11968","TZA","2000","Male","51.77","50.87","52.59"
"11969","LUX","2012","Male","79.45","79.32","79.62"
"11970","PSE","2012","Female","75.45","75.18","75.75"
"11971","SVN","2004","Female","80.57","80.47","80.73"
"11972","LBY","2007","Male","73.03","72.69","73.42"
"11973","JPN","2009","Female","86.29","86.25","86.34"
"11974","SWE","2015","Female","83.50","83.49","83.57"
"11975","BIH","2021","Female","77.20","76.78","77.69"
"11976","KEN","2001","Female","55.45","54.21","56.59"
"11977","ISL","2021","Both sexes","82.58",NULL,NULL
"11978","ROU","2020","Both sexes","74.10","74.07","74.20"
"11979","NOR","2011","Male","78.87","78.87","78.96"
"11980","BHR","2003","Both sexes","70.65","70.48","70.94"
"11981","KGZ","2002","Male","62.93","62.41","63.42"
"11982","TGO","2004","Both sexes","56.75","55.96","57.66"
"11983","DNK","2018","Both sexes","80.82","80.80","80.91"
"11984","MLT","2003","Male","76.46","76.35","76.65"
"11985","LCA","2011","Both sexes","76.25","75.87","76.64"
"11986","PRI","2019","Male","76.86","76.77","77.03"
"11987","LBN","2004","Female","78.55","78.17","78.95"
"11988","SOM","2003","Male","47.37","45.91","48.58"
"11989","TLS","2017","Male","66.77","65.81","67.67"
"11990","MMR","2008","Both sexes","56.91","56.21","57.62"
"11991","MMR","2012","Male","62.75","61.98","63.62"
"11992","CHN","2018","Female","80.22","79.81","80.81"
"11993","MLI","2004","Both sexes","55.69","54.93","56.52"
"11994","IRN","2003","Both sexes","73.35","73.14","73.61"
"11995","CUB","2007","Male","76.18","76.15","76.27"
"11996","TUR","2016","Female","79.27","78.98","79.66"
"11997","CMR","2019","Female","64.06","63.19","65.10"
"11998","JAM","2004","Both sexes","73.72","73.49","73.98"
"11999","LTU","2004","Female","77.56","77.49","77.70"
"12000","BDI","2013","Female","63.47","62.77","64.27"
"12001","BIH","2005","Female","79.53","79.44","79.69"
"12002","TUR","2006","Female","80.11","79.71","80.61"
"12003","GRC","2018","Male","78.86","78.85","78.94"
"12004","PAK","2014","Male","64.60","63.37","65.80"
"12005","CMR","2013","Female","60.07","59.17","61.13"
"12006","HUN","2006","Both sexes","73.37","73.33","73.46"
"12007","DJI","2016","Male","62.71","61.59","64.03"
"12008","RWA","2019","Both sexes","67.76","67.04","68.75"
"12009","HTI","2020","Both sexes","63.41","62.41","64.49"
"12010","HND","2001","Both sexes","69.92","69.28","70.92"
"12011","URY","2012","Female","80.32","80.28","80.43"
"12012","FIN","2008","Male","76.34","76.32","76.43"
"12013","MRT","2010","Male","68.67","68.03","69.34"
"12014","UZB","2013","Male","66.08","65.80","66.45"
"12015","MMR","2018","Male","65.45","64.65","66.27"
"12016","CRI","2019","Female","82.71","82.61","82.85"
"12017","PER","2004","Both sexes","77.00","76.58","77.49"
"12018","GHA","2017","Both sexes","65.09","64.34","65.89"
"12019","LBR","2004","Both sexes","56.44","55.47","57.39"
"12020","IRL","2017","Female","83.35","83.31","83.46"
"12021","BWA","2003","Male","46.84","45.56","48.28"
"12022","TGO","2018","Male","60.58","59.64","61.86"
"12023","GHA","2009","Male","59.40","58.90","60.02"
"12024","RWA","2011","Male","63.06","62.35","63.85"
"12025","VUT","2010","Both sexes","66.08","65.56","66.60"
"12026","MLI","2015","Male","59.62","58.76","60.66"
"12027","TGO","2014","Male","58.73","57.92","59.77"
"12028","SUR","2017","Both sexes","73.21","72.95","73.53"
"12029","EST","2000","Both sexes","70.97","70.85","71.12"
"12030","COD","2007","Both sexes","55.98","55.19","56.87"
"12031","QAT","2017","Female","79.44","78.96","80.10"
"12032","BRB","2005","Both sexes","74.96","74.73","75.22"
"12033","TJK","2021","Male","70.17","69.66","70.86"
"12034","TCD","2002","Both sexes","51.79","50.92","52.68"
"12035","NIC","2002","Female","78.73","78.43","79.09"
"12036","ARE","2015","Female","81.49","81.24","81.84"
"12037","CHE","2002","Both sexes","80.41","80.39","80.50"
"12038","UGA","2010","Male","57.37","56.76","58.07"
"12039","KGZ","2008","Female","72.32","72.12","72.63"
"12040","SGP","2004","Both sexes","80.34","80.31","80.43"
"12041","TUN","2002","Male","72.27","71.70","73.07"
"12042","BFA","2014","Male","57.96","57.10","58.96"
"12043","EST","2011","Both sexes","76.29","76.17","76.46"
"12044","AUS","2011","Female","83.95","83.95","84.02"
"12045","GTM","2016","Female","74.94","74.70","75.25"
"12046","MDA","2014","Both sexes","71.11","70.95","71.36"
"12047","LBR","2017","Both sexes","62.63","61.64","63.76"
"12048","BTN","2013","Female","73.87","73.27","74.48"
"12049","GHA","2002","Female","60.77","60.11","61.38"
"12050","GNB","2005","Both sexes","52.22","51.50","53.11"
"12051","VCT","2002","Female","74.50","74.22","74.79"
"12052","CZE","2005","Male","72.84","72.81","72.93"
"12053","PAK","2013","Female","65.93","65.33","66.82"
"12054","MDV","2008","Male","72.59","72.30","73.01"
"12055","SVK","2011","Both sexes","75.93","75.88","76.06"
"12056","MUS","2016","Female","77.48","77.34","77.69"
"12057","NIC","2017","Female","80.89","80.61","81.13"
"12058","TGO","2007","Both sexes","57.69","56.94","58.53"
"12059","GTM","2018","Both sexes","72.73","72.46","73.09"
"12060","ISL","2008","Male","79.58","79.48","79.77"
"12061","GRC","2014","Female","83.15","83.14","83.24"
"12062","SUR","2019","Female","76.10","75.80","76.50"
"12063","ESP","2014","Both sexes","82.58","82.52","82.64"
"12064","TUR","2011","Female","79.55","79.22","79.96"
"12065","PHL","2015","Female","73.68","73.40","74.05"
"12066","RWA","2012","Male","63.68","62.98","64.45"
"12067","KIR","2000","Male","56.68","55.85","57.55"
"12068","ATG","2007","Male","71.99","71.79","72.26"
"12069","MWI","2000","Male","44.05","43.23","45.08"
"12070","CUB","2015","Male","75.82","75.78","75.91"
"12071","NZL","2009","Male","78.74","78.72","78.82"
"12072","TCD","2017","Female","60.05","59.08","60.94"
"12073","PAK","2007","Both sexes","63.38","62.61","64.21"
"12074","CMR","2011","Both sexes","57.26","56.27","58.31"
"12075","SVK","2014","Female","80.28","80.23","80.42"
"12076","LVA","2007","Both sexes","70.75","70.68","70.89"
"12077","LKA","2008","Male","68.76","68.69","68.90"
"12078","MNG","2015","Both sexes","69.25","68.92","69.66"
"12079","ZMB","2002","Male","44.93","43.91","46.00"
"12080","BDI","2008","Female","58.93","58.04","59.72"
"12081","UKR","2010","Male","65.12","65.09","65.21"
"12082","GTM","2007","Female","73.77","73.48","74.16"
"12083","NLD","2015","Female","82.82","82.81","82.89"
"12084","SVK","2002","Male","69.69","69.63","69.81"
"12085","SRB","2010","Male","71.65","71.57","71.78"
"12086","IRL","2002","Both sexes","77.48","77.45","77.58"
"12087","KWT","2001","Male","77.81","77.66","78.01"
"12088","PNG","2014","Male","64.74","63.98","65.62"
"12089","CUB","2003","Both sexes","77.44","77.41","77.54"
"12090","SLV","2015","Male","67.63","67.46","67.90"
"12091","BRB","2003","Female","76.46","76.30","76.72"
"12092","BDI","2003","Both sexes","47.93","46.88","48.83"
"12093","LVA","2001","Male","64.19","64.10","64.32"
"12094","GMB","2007","Male","59.40","58.64","60.18"
"12095","SLB","2019","Both sexes","65.67","64.90","66.54"
"12096","CPV","2021","Male","68.80","68.23","69.41"
"12097","SUR","2001","Female","73.45","73.07","73.83"
"12098","LBR","2003","Male","51.90","50.92","52.96"
"12099","BLR","2008","Both sexes","70.34","70.29","70.45"
"12100","VEN","2007","Both sexes","74.53","74.47","74.65"
"12101","ESP","2005","Female","83.22","83.16","83.28"
"12102","NOR","2001","Male","76.13","76.11","76.22"
"12103","LSO","2003","Both sexes","45.65","44.13","47.13"
"12104","MDV","2005","Female","74.55","74.30","74.92"
"12105","BLZ","2015","Both sexes","74.31","74.11","74.57"
"12106","CMR","2018","Both sexes","61.39","60.45","62.55"
"12107","STP","2006","Both sexes","66.78","66.26","67.29"
"12108","SOM","2013","Both sexes","52.50","51.14","53.81"
"12109","BGD","2009","Male","67.86","67.39","68.33"
"12110","BTN","2009","Female","72.38","71.80","73.07"
"12111","CHN","2013","Male","73.04","72.62","73.48"
"12112","SWE","2020","Male","80.39","80.39","80.48"
"12113","KHM","2013","Both sexes","68.09","67.50","68.75"
"12114","VEN","2005","Male","71.10","71.02","71.24"
"12115","BWA","2001","Both sexes","46.70","45.04","48.62"
"12116","PER","2005","Male","76.16","75.70","76.77"
"12117","BGD","2008","Female","71.15","70.81","71.54"
"12118","JAM","2019","Female","75.14","74.64","75.81"
"12119","VUT","2014","Male","63.74","63.29","64.24"
"12120","LAO","2019","Female","70.72","70.16","71.64"
"12121","NER","2016","Female","60.80","59.77","61.98"
"12122","KOR","2010","Both sexes","80.54","80.54","80.60"
"12123","DZA","2003","Male","72.33","71.87","73.00"
"12124","PAN","2014","Female","80.77","80.63","81.01"
"12125","PSE","2004","Male","65.84","65.44","66.23"
"12126","PRT","2017","Male","78.12","78.10","78.19"
"12127","JOR","2014","Female","78.35","78.01","78.73"
"12128","MNG","2009","Male","63.02","62.72","63.43"
"12129","LTU","2008","Male","65.87","65.80","65.99"
"12130","SWE","2009","Female","83.01","83.00","83.09"
"12131","SAU","2012","Female","78.27","78.00","78.63"
"12132","SYC","2021","Female","75.62","75.29","75.97"
"12133","LSO","2000","Female","49.94","48.06","51.53"
"12134","RUS","2012","Male","64.50","64.49","64.56"
"12135","SSD","2011","Female","60.89","59.60","62.07"
"12136","BLR","2009","Both sexes","70.48","70.43","70.58"
"12137","UGA","2004","Both sexes","53.13","52.28","53.90"
"12138","CHN","2001","Female","73.67","73.30","74.11"
"12139","IRQ","2002","Both sexes","70.04","69.17","70.90"
"12140","SYC","2018","Male","70.01","69.83","70.30"
"12141","GIN","2011","Male","57.32","56.50","58.37"
"12142","ISL","2011","Female","83.45","83.36","83.63"
"12143","BTN","2019","Both sexes","73.93","73.31","74.61"
"12144","LUX","2000","Female","81.28","81.18","81.43"
"12145","SSD","2017","Female","61.04","59.99","62.37"
"12146","GRC","2006","Male","77.38","77.37","77.46"
"12147","LCA","2008","Female","79.21","78.94","79.56"
"12148","GAB","2010","Both sexes","61.73","61.05","62.78"
"12149","GTM","2015","Female","74.82","74.57","75.14"
"12150","GNQ","2013","Male","60.07","58.71","61.67"
"12151","LKA","2011","Male","71.42","71.37","71.54"
"12152","TJK","2002","Male","64.93","64.33","65.56"
"12153","BEL","2003","Both sexes","78.11","78.09","78.19"
"12154","NZL","2020","Male","80.70","80.68","80.79"
"12155","NAM","2012","Male","58.10","57.10","59.14"
"12156","RUS","2013","Female","76.25","76.24","76.34"
"12157","UKR","2010","Female","75.03","75.00","75.14"
"12158","BOL","2011","Female","71.60","71.00","72.19"
"12159","KWT","2014","Male","79.99","79.88","80.15"
"12160","BTN","2004","Male","68.22","67.65","68.97"
"12161","MNE","2010","Both sexes","75.72","75.57","75.91"
"12162","CYP","2018","Female","84.06","83.88","84.31"
"12163","BHR","2005","Both sexes","71.32","71.15","71.56"
"12164","GUY","2021","Male","62.98","61.60","64.12"
"12165","SDN","2000","Male","61.25","60.26","62.28"
"12166","PAN","2013","Both sexes","77.65","77.46","77.93"
"12167","TLS","2001","Male","62.93","62.20","63.81"
"12168","LBR","2020","Male","62.47","60.96","63.92"
"12169","CHE","2015","Male","80.58","80.56","80.67"
"12170","CAF","2002","Both sexes","44.77","43.68","46.00"
"12171","ECU","2004","Male","70.83","70.41","71.34"
"12172","SGP","2003","Male","77.24","77.20","77.32"
"12173","COD","2006","Both sexes","55.48","54.69","56.32"
"12174","GUY","2000","Female","67.83","67.39","68.23"
"12175","ITA","2013","Female","84.50","84.45","84.55"
"12176","MKD","2004","Both sexes","73.62","73.53","73.86"
"12177","CAN","2003","Both sexes","79.58","79.57","79.65"
"12178","CHE","2012","Female","84.27","84.25","84.35"
"12179","BWA","2012","Female","61.68","60.45","62.92"
"12180","HRV","2020","Female","80.93","80.86","81.10"
"12181","GIN","2009","Male","56.65","55.78","57.68"
"12182","DEU","2012","Male","78.32","78.26","78.37"
"12183","IRL","2009","Both sexes","79.53","79.50","79.63"
"12184","SWZ","2015","Both sexes","52.11","50.83","53.52"
"12185","BRA","2008","Male","70.29","70.07","70.59"
"12186","TUN","2016","Both sexes","76.91","76.31","77.66"
"12187","VNM","2014","Both sexes","72.95","72.49","73.41"
"12188","AUS","2014","Male","80.51","80.50","80.58"
"12189","SEN","2021","Male","65.94","65.30","66.67"
"12190","IDN","2009","Male","67.37","66.80","67.98"
"12191","BWA","2017","Female","66.06","64.81","67.30"
"12192","ARM","2006","Both sexes","72.01","71.85","72.24"
"12193","JPN","2017","Male","81.40","81.35","81.45"
"12194","GRC","2017","Male","78.53","78.51","78.61"
"12195","BGD","2005","Both sexes","67.79","67.28","68.33"
"12196","BRN","2014","Both sexes","76.66","76.45","76.98"
"12197","PSE","2021","Male","71.14","70.78","71.63"
"12198","MYS","2017","Both sexes","74.40","74.38","74.49"
"12199","MDA","2005","Female","70.29","70.10","70.50"
"12200","USA","2008","Both sexes","78.05","78.00","78.10"
"12201","HND","2018","Female","72.74","72.10","73.37"
"12202","MDV","2000","Both sexes","69.82","69.41","70.32"
"12203","BEN","2013","Both sexes","62.12","61.40","62.96"
"12204","ALB","2011","Both sexes","76.62","76.15","77.29"
"12205","USA","2004","Both sexes","77.40","77.35","77.45"
"12206","MLT","2010","Both sexes","80.48","80.37","80.67"
"12207","BLR","2020","Both sexes","73.01","72.73","73.45"
"12208","CAF","2021","Female","55.38","54.11","56.58"
"12209","BGD","2018","Both sexes","73.67","73.04","74.48"
"12210","UGA","2007","Female","59.01","58.09","59.96"
